playerid,playername,position,team,short_team,teamstrength,cost,total_points,goals_scored,assists,ep_next,ep_this,form,event_points,seasonminutes,can_transact,can_select,chance_of_playing_next_round,chance_of_playing_this_round,code,cost_change_event,cost_change_event_fall,cost_change_start,cost_change_start_fall,price_change_percent,dreamteam_count,positionid,firstname,in_dreamteam,news,news_added,now_cost,photo,points_per_game,removed,second_name,selected_by_percent,special,squad_number,status,team_id,team_code,transfers_in,transfers_in_event,transfers_out,transfers_out_event,value_form,value_season,known_name,region,team_join_date,birth_date,has_temporary_code,opta_code,clean_sheets,goals_conceded,own_goals,penalties_saved,penalties_missed,yellow_cards,red_cards,saves,bonus,bps,influence,creativity,threat,ict_index,clearances_blocks_interceptions,recoveries,tackles,defensive_contribution,starts,expected_goals,expected_assists,expected_goal_involvements,expected_goals_conceded,corners_and_indirect_freekicks_order,corners_and_indirect_freekicks_text,direct_freekicks_order,direct_freekicks_text,penalties_order,penalties_text,scout_risks,scout_news_link,influence_rank,influence_rank_type,creativity_rank,creativity_rank_type,threat_rank,threat_rank_type,ict_index_rank,ict_index_rank_type,expected_goals_per_90,saves_per_90,expected_assists_per_90,expected_goal_involvements_per_90,expected_goals_conceded_per_90,goals_conceded_per_90,now_cost_rank,now_cost_rank_type,form_rank,form_rank_type,points_per_game_rank,points_per_game_rank_type,selected_rank,selected_rank_type,starts_per_90,clean_sheets_per_90,defensive_contribution_per_90,xG,xG90,defcon_pts
1,Raya,GKP,Arsenal,ARS,5,6.2,162,0,0,8.8,6.0,5.0,0,3330,TRUE,FALSE,NA,NA,154561,0,0,7,-7,0,2,1,David,TRUE,,NA,62,154561.jpg,4.4,FALSE,Raya Martín,36.4,FALSE,NA,a,1,3,4930540,0,3003061,0,0.8,26.1,,200,2024-07-04,1995-09-15,FALSE,p154561,19,26,0,0,0,1,0,60,11,633,541.6,33.5,0.0,57.5,37,304,1,0,37,0.00,0.07,0.07,27.56,NA,,NA,,NA,,,,108,17,391,3,833,97,279,17,0,1.62,0,0,0.74,0.7,72,1,40,3,36,3,5,1,1,0.51,0,0.00,0,0
2,Kepa,GKP,Arsenal,ARS,5,4,2,0,0,1.0,1.7,0.7,2,90,TRUE,FALSE,NA,NA,109745,0,0,-5,5,0,0,1,Kepa,FALSE,,NA,40,109745.jpg,2.0,FALSE,Arrizabalaga Revuelta,0.4,FALSE,NA,a,1,3,23561,0,79865,0,0.2,0.5,,200,2025-07-01,1994-10-03,FALSE,p109745,0,1,0,0,0,0,0,2,0,11,19.8,0.0,0.0,2.0,3,8,0,0,1,0.00,0.00,0.00,0.98,NA,,NA,,NA,,,,464,38,572,55,541,40,489,38,0,2,0,0,0.98,1,679,44,292,22,343,35,287,37,1,0,0,0.00,0,0
3,Hein,GKP,Arsenal,ARS,5,4,0,0,0,0.0,0.0,0.0,0,0,TRUE,FALSE,0,0,463748,0,0,0,0,0,0,1,Karl,FALSE,Has joined Werder Bremen on loan for the rest of the season.,2025-08-26T13:44:02.357864Z,40,463748.jpg,0.0,FALSE,Hein,0.2,FALSE,NA,u,1,3,5545,0,48759,0,0.0,0.0,,67,2020-10-28,2002-04-13,FALSE,p463748,0,0,0,0,0,0,0,0,0,0,0.0,0.0,0.0,0.0,0,0,0,0,0,0.00,0.00,0.00,0.00,NA,,NA,,NA,,,,599,76,590,65,559,50,602,76,0,0,0,0,0,0,701,54,469,68,610,76,385,55,0,0,0,0.00,0,0
4,Setford,GKP,Arsenal,ARS,5,3.9,0,0,0,1.0,1.0,0.0,0,0,TRUE,FALSE,NA,NA,551221,0,0,-1,1,0,0,1,Tommy,FALSE,,NA,39,551221.jpg,0.0,FALSE,Setford,0.2,FALSE,NA,a,1,3,34587,0,36016,0,0.0,0.0,,241,2024-07-24,2006-03-13,FALSE,p551221,0,0,0,0,0,0,0,0,0,0,0.0,0.0,0.0,0.0,0,0,0,0,0,0.00,0.00,0.00,0.00,NA,,NA,,NA,,,,572,62,558,46,527,31,575,62,0,0,0,0,0,0,792,90,435,51,583,62,375,53,0,0,0,0.00,0,0
5,Gabriel,DEF,Arsenal,ARS,5,7.3,209,3,5,8.8,7.0,6.0,1,2750,TRUE,FALSE,100,100,226597,0,0,13,-13,0,5,2,Gabriel,TRUE,,2026-03-24T00:00:10.555559Z,73,226597.jpg,6.5,FALSE,dos Santos Magalhães,45.4,FALSE,NA,a,1,3,9241680,0,6017049,0,0.8,28.6,Gabriel Magalhães,30,2020-09-01,1997-12-19,FALSE,p226597,18,20,0,0,0,4,0,0,30,724,824.0,128.5,298.0,125.0,239,64,38,277,30,2.94,1.75,4.69,22.01,NA,,NA,,NA,,,,27,9,274,77,116,18,91,20,0.1,0,0.06,0.16,0.72,0.65,25,1,17,10,4,1,4,1,0.98,0.59,9.07,2.94,0.1,2
6,Saliba,DEF,Arsenal,ARS,5,6.3,137,1,0,7.5,5.3,4.3,0,2614,TRUE,FALSE,100,100,462424,0,0,3,-3,0,2,2,William,FALSE,,2026-03-23T13:00:10.244912Z,63,462424.jpg,4.4,FALSE,Saliba,17.1,FALSE,NA,a,1,3,2702830,0,2551293,0,0.7,21.7,,73,2019-07-25,2001-03-24,FALSE,p462424,15,20,0,0,0,2,0,0,12,581,552.6,201.0,90.0,84.3,158,113,35,193,30,0.88,1.21,2.09,20.41,NA,,NA,,NA,,,,104,48,205,51,302,91,192,66,0.03,0,0.04,0.07,0.7,0.69,69,2,58,22,37,13,19,7,1.03,0.52,6.64,0.88,0.03,2
7,Calafiori,DEF,Arsenal,ARS,5,5.6,109,1,2,4.8,4.3,3.3,1,1697,TRUE,FALSE,100,100,466075,0,0,1,-1,0,2,2,Riccardo,FALSE,,2026-05-11T00:00:10.879576Z,56,466075.jpg,4.2,FALSE,Calafiori,6.0,FALSE,NA,a,1,3,2701773,0,2532675,0,0.6,19.5,,106,2024-07-29,2002-05-19,FALSE,p466075,13,8,0,0,0,5,0,0,6,389,283.0,182.3,313.0,77.9,70,74,32,102,22,3.36,0.76,4.12,9.72,NA,,NA,,NA,,,,257,101,223,56,107,14,211,74,0.18,0,0.04,0.22,0.52,0.42,131,13,106,33,46,16,69,22,1.17,0.69,5.41,3.36,0.18,2
8,J.Timber,DEF,Arsenal,ARS,5,6,149,3,6,0.2,0.2,0.0,0,2452,TRUE,FALSE,25,25,445122,0,0,5,-5,0,3,2,Jurriën,FALSE,Lack of match fitness - 25% chance of playing,2026-03-23T13:00:10.259821Z,60,445122.jpg,5.0,FALSE,Timber,15.2,FALSE,NA,d,1,3,6784707,0,5670508,0,0.0,24.8,,152,2023-07-14,2001-06-17,FALSE,p445122,13,20,0,0,0,5,0,0,9,532,499.0,402.6,352.0,125.7,82,97,66,148,28,4.71,1.53,6.24,17.45,NA,,NA,,NA,,,https://www.arsenal.com/news/every-word-artetas-pre-crystal-palace-presser?utm_source=premier_league&utm_medium=referral&utm_campaign=fantasy&utm_content=injuries-flag,132,58,89,22,90,10,90,19,0.17,0,0.06,0.23,0.64,0.73,84,5,820,269,13,3,23,8,1.03,0.48,5.43,4.71,0.17,2
9,Kiwior,DEF,Arsenal,ARS,5,5.4,0,0,0,0.0,0.0,0.0,0,0,TRUE,FALSE,0,0,440854,0,0,-1,1,0,0,2,Jakub,FALSE,has joined Porto on loan for the rest of the season.,2025-09-02T13:37:25.929594Z,54,440854.jpg,0.0,FALSE,Kiwior,0.0,FALSE,NA,u,1,3,1119,0,10955,0,0.0,0.0,,172,2023-01-23,2000-02-15,FALSE,p440854,0,0,0,0,0,0,0,0,0,0,0.0,0.0,0.0,0.0,0,0,0,0,0,0.00,0.00,0.00,0.00,NA,,NA,,NA,,,,825,270,825,270,824,270,825,270,0,0,0,0,0,0,165,20,800,268,825,270,596,212,0,0,0,0.00,0,0
10,Lewis-Skelly,DEF,Arsenal,ARS,5,5,29,0,0,4.5,4.0,3.0,2,697,TRUE,FALSE,NA,NA,499169,0,0,-5,5,0,0,2,Myles,FALSE,,NA,50,499169.jpg,1.4,FALSE,Lewis-Skelly,1.9,FALSE,NA,a,1,3,216990,0,478401,0,0.6,5.8,,241,2022-12-04,2006-09-26,FALSE,p499169,2,8,0,0,0,3,0,0,0,110,73.2,74.6,29.0,17.6,17,30,8,25,5,0.10,0.20,0.30,9.01,NA,,NA,,NA,,,,410,153,336,115,383,133,403,144,0.01,0,0.03,0.04,1.16,1.03,268,41,122,41,436,159,139,55,0.65,0.26,3.23,0.10,0.01,2
11,White,DEF,Arsenal,ARS,5,5.1,45,0,1,0.0,0.0,0.3,0,699,TRUE,FALSE,0,0,198869,0,0,-4,4,0,1,2,Benjamin,FALSE,Knee injury - Expected back 24 May,2026-05-11T00:00:10.901815Z,51,198869.jpg,3.8,FALSE,White,0.5,FALSE,NA,i,1,3,378865,0,434751,0,0.1,8.8,,241,2021-07-30,1997-10-08,FALSE,p198869,5,6,0,0,0,0,0,0,3,181,154.8,133.4,54.0,34.3,38,28,15,53,9,0.45,0.69,1.14,8.68,NA,,NA,,NA,,,https://www.arsenal.com/news/medical-update-ben-white?utm_source=premier_league&utm_medium=referral&utm_campaign=fantasy&utm_content=injuries-flag,344,130,267,73,344,113,355,118,0.06,0,0.09,0.15,1.12,0.77,226,33,364,127,81,29,269,100,1.16,0.64,6.82,0.45,0.06,2
13,Clarke,DEF,Arsenal,ARS,5,3.7,0,0,0,1.0,1.0,0.0,0,0,TRUE,FALSE,NA,NA,563324,0,0,-3,3,0,0,2,Brayden,FALSE,,NA,37,563324.jpg,0.0,FALSE,Clarke,0.5,FALSE,NA,a,1,3,65565,0,85106,0,0.0,0.0,,NA,NA,NA,FALSE,p563324,0,0,0,0,0,0,0,0,0,0,0.0,0.0,0.0,0.0,0,0,0,0,0,0.00,0.00,0.00,0.00,NA,,NA,,NA,,,,529,186,510,185,478,180,532,186,0,0,0,0,0,0,838,267,380,133,540,186,279,105,0,0,0,0.00,0,0
14,Kacurri,DEF,Arsenal,ARS,5,3.9,0,0,0,0.0,0.0,0.0,0,0,TRUE,FALSE,0,0,588793,0,0,-1,1,0,0,2,Maldini,FALSE,has joined Morecambe on loan for the rest of the season.,2025-09-22T21:14:30.857843Z,39,588793.jpg,0.0,FALSE,Kacurri,0.1,FALSE,NA,u,1,3,10218,0,22844,0,0.0,0.0,,NA,NA,NA,FALSE,p588793,0,0,0,0,0,0,0,0,0,0,0.0,0.0,0.0,0.0,0,0,0,0,0,0.00,0.00,0.00,0.00,NA,,NA,,NA,,,,577,210,563,209,532,205,580,210,0,0,0,0,0,0,798,232,441,167,588,210,501,180,0,0,0,0.00,0,0
15,Nichols,DEF,Arsenal,ARS,5,3.7,0,0,0,1.0,1.0,0.0,0,0,TRUE,FALSE,NA,NA,499167,0,0,-3,3,0,0,2,Josh,FALSE,,NA,37,499167.jpg,0.0,FALSE,Nichols,0.2,FALSE,NA,a,1,3,34995,0,35855,0,0.0,0.0,,241,2024-07-24,2006-07-26,FALSE,p499167,0,0,0,0,0,0,0,0,0,0,0.0,0.0,0.0,0.0,0,0,0,0,0,0.00,0.00,0.00,0.00,NA,,NA,,NA,,,,528,185,508,183,476,178,531,185,0,0,0,0,0,0,836,265,378,131,539,185,364,132,0,0,0,0.00,0,0
16,Saka,MID,Arsenal,ARS,5,10,157,7,10,7.0,5.0,4.0,0,2218,TRUE,FALSE,100,100,223340,0,0,0,0,0,3,3,Bukayo,FALSE,,2026-03-30T10:00:10.614078Z,100,223340.jpg,5.1,FALSE,Saka,11.6,FALSE,NA,a,1,3,5027975,0,5509494,0,0.4,15.7,,241,2018-11-28,2001-09-05,FALSE,p223340,12,16,0,0,0,2,0,0,18,570,627.0,847.6,828.0,230.6,28,116,40,184,25,7.57,7.16,14.73,15.57,2,,2,,1,,,,74,22,12,11,11,6,11,8,0.31,0,0.29,0.6,0.63,0.65,6,4,76,34,12,6,35,12,1.01,0.49,7.47,7.57,0.31,2
17,Odegaard,MID,Arsenal,ARS,5,7.8,74,1,7,3.5,3.3,2.3,0,1363,TRUE,FALSE,100,100,184029,0,0,-2,2,0,1,3,Martin,FALSE,,2026-05-01T14:00:09.623702Z,78,184029.jpg,3.1,FALSE,Ødegaard,1.7,FALSE,NA,a,1,3,409252,0,664528,0,0.3,9.5,,161,2021-08-20,1998-12-17,FALSE,p184029,6,13,0,0,0,0,0,0,5,306,311.8,564.4,168.0,104.4,13,70,19,102,16,1.25,3.65,4.90,16.20,4,,NA,,3,,,,238,100,44,38,218,117,138,75,0.08,0,0.24,0.32,1.07,0.86,19,13,165,75,187,73,156,50,1.06,0.4,6.74,1.25,0.08,2
18,Madueke,MID,Arsenal,ARS,5,6.8,72,3,1,2.2,5.0,4.0,11,1205,TRUE,FALSE,100,100,248857,0,0,-2,2,0,3,3,Noni,FALSE,,2026-04-16T13:00:09.580957Z,68,248857.jpg,2.8,FALSE,Madueke,0.8,FALSE,NA,a,1,3,391478,0,439154,0,0.6,10.6,,241,2025-07-18,2002-03-10,FALSE,p248857,8,9,0,0,0,0,0,0,9,254,257.4,352.8,404.0,101.3,14,35,21,70,16,1.23,2.86,4.09,12.77,3,,NA,,NA,,,,272,115,113,79,77,45,145,79,0.09,0,0.21,0.3,0.95,0.67,43,27,74,32,230,90,218,75,1.2,0.6,5.23,1.23,0.09,2
19,Martinelli,MID,Arsenal,ARS,5,6.8,57,1,5,1.2,3.7,2.7,7,1065,TRUE,FALSE,100,100,444145,0,0,-2,2,0,0,3,Gabriel,FALSE,,2025-12-24T02:30:10.584394Z,68,444145.jpg,1.9,FALSE,Martinelli Silva,0.9,FALSE,NA,a,1,3,203187,0,278367,0,0.4,8.4,Gabriel Martinelli,30,2019-07-15,2001-06-18,FALSE,p444145,2,8,0,0,0,3,0,0,3,195,204.6,202.2,390.0,79.0,13,52,12,77,11,4.12,1.27,5.39,10.51,NA,,NA,,NA,,,,308,131,204,135,82,49,209,99,0.35,0,0.11,0.46,0.89,0.68,44,28,146,65,372,161,208,72,0.93,0.17,6.51,4.12,0.35,2
20,Trossard,MID,Arsenal,ARS,5,6.6,119,6,6,5.5,4.7,3.7,0,1997,TRUE,FALSE,100,100,116216,0,0,-4,4,0,2,3,Leandro,FALSE,,2026-03-24T00:00:10.597737Z,66,116216.jpg,3.8,FALSE,Trossard,1.8,FALSE,NA,a,1,3,726467,0,554690,0,0.6,18.0,,21,2023-01-20,1994-12-04,FALSE,p116216,11,15,0,0,0,2,0,0,11,445,494.0,545.5,541.0,158.3,26,80,27,133,21,5.60,3.59,9.18,13.94,NA,,NA,,4,,,,134,45,47,41,48,27,51,35,0.25,0,0.16,0.41,0.63,0.68,47,30,94,42,85,41,144,46,0.95,0.5,5.99,5.60,0.25,2
21,Rice,MID,Arsenal,ARS,5,7.2,184,4,9,4.8,3.7,2.7,0,3093,TRUE,FALSE,100,100,204480,0,0,7,-7,0,5,3,Declan,TRUE,,2026-03-30T10:00:10.659246Z,72,204480.jpg,5.1,FALSE,Rice,23.3,FALSE,NA,a,1,3,7631940,0,5848117,0,0.4,25.6,,241,2023-07-15,1999-01-14,FALSE,p204480,18,25,0,0,0,3,0,0,23,790,827.2,1027.4,298.0,215.4,127,180,69,376,35,3.15,7.32,10.47,23.87,1,,1,,NA,,,,26,9,4,4,115,69,15,11,0.09,0,0.21,0.3,0.69,0.73,29,18,147,66,9,4,11,3,1.02,0.52,10.94,3.15,0.09,2
22,Merino,MID,Arsenal,ARS,5,5.3,67,4,3,0.8,1.0,0.3,1,1024,TRUE,FALSE,100,75,195384,0,0,-7,7,0,1,3,Mikel,FALSE,,2026-02-02T11:30:08.998402Z,53,195384.jpg,3.0,FALSE,Merino Zazón,0.7,FALSE,NA,a,1,3,836318,0,847590,0,0.1,12.6,,200,2024-08-27,1996-06-22,FALSE,p195384,4,10,0,0,0,1,0,0,5,236,304.4,191.8,244.0,73.6,30,57,26,113,10,3.36,1.45,4.81,7.36,NA,,NA,,NA,,,,242,102,215,143,143,78,225,108,0.3,0,0.13,0.43,0.65,0.88,181,114,367,167,199,78,228,79,0.88,0.35,9.93,3.36,0.3,2
23,Fabio Vieira,MID,Arsenal,ARS,5,5.4,0,0,0,0.0,0.0,0.0,0,0,TRUE,FALSE,0,0,438098,0,0,-1,1,0,0,3,Fábio,FALSE,has joined Hamburger on loan for the rest of the season.,2025-09-02T13:38:06.128321Z,54,438098.jpg,0.0,FALSE,Ferreira Vieira,0.0,FALSE,NA,u,1,3,933,0,4447,0,0.0,0.0,,173,2022-06-21,2000-05-30,FALSE,p438098,0,0,0,0,0,0,0,0,0,0,0.0,0.0,0.0,0.0,0,0,0,0,0,0.00,0.00,0.00,0.00,NA,,NA,,NA,,,,824,367,824,367,823,367,824,367,0,0,0,0,0,0,164,101,799,351,824,367,697,279,0,0,0,0.00,0,0
24,Norgaard,MID,Arsenal,ARS,5,5.1,7,0,0,1.0,1.3,0.3,1,101,TRUE,FALSE,100,100,128295,0,0,-4,4,0,0,3,Christian,FALSE,,2025-08-18T08:00:05.297235Z,51,128295.jpg,1.0,FALSE,Nørgaard,0.1,FALSE,NA,a,1,3,8660,0,61962,0,0.1,1.4,,58,2025-07-10,1994-03-10,FALSE,p128295,0,1,0,0,0,0,0,0,0,28,23.4,5.5,10.0,4.0,9,4,3,16,1,0.08,0.04,0.12,2.28,NA,,NA,,NA,,,,459,203,461,221,429,210,472,211,0.07,0,0.04,0.11,2.03,0.89,222,137,363,165,514,236,442,151,0.89,0,14.26,0.08,0.07,2
25,Nwaneri,MID,Arsenal,ARS,5,5,8,0,0,0.0,0.0,0.0,0,165,TRUE,FALSE,0,0,499175,0,0,-5,5,0,0,3,Ethan,FALSE,has joined Marseille on loan for the rest of the season.,2026-01-23T17:18:55.073277Z,50,499175.jpg,1.3,FALSE,Nwaneri,0.1,FALSE,NA,u,1,3,13149,0,37244,0,0.0,1.6,,241,2022-09-17,2007-03-21,FALSE,p499175,1,0,0,0,0,0,0,0,0,20,8.6,22.5,24.0,5.4,1,10,2,13,0,0.23,0.08,0.31,0.73,NA,,NA,,NA,,,,483,215,410,204,392,195,461,205,0.13,0,0.04,0.17,0.4,0,269,163,766,328,448,198,462,158,0,0.55,7.09,0.23,0.13,2
26,Zubimendi,MID,Arsenal,ARS,5,4.9,133,5,1,3.0,2.3,1.3,2,2991,TRUE,FALSE,100,100,481655,0,0,-6,6,0,1,3,Martín,FALSE,,2026-03-30T10:00:10.681664Z,49,481655.jpg,3.5,FALSE,Zubimendi Ibáñez,2.7,FALSE,NA,a,1,3,1383151,0,1353576,0,0.3,27.1,,200,2025-07-06,1999-02-02,FALSE,p481655,16,25,0,0,0,4,0,0,9,604,603.2,385.1,271.0,126.2,123,116,68,307,34,2.84,2.27,5.11,26.09,NA,,NA,,NA,,,,81,26,99,70,131,73,89,55,0.09,0,0.07,0.16,0.79,0.75,327,202,236,107,116,50,116,38,1.02,0.48,9.24,2.84,0.09,2
28,Kabia,MID,Arsenal,ARS,5,4.5,0,0,0,0.0,0.0,0.0,0,0,TRUE,FALSE,0,0,588796,0,0,0,0,0,0,3,Ismeal,FALSE,has joined Shrewsbury Town on loan for the rest of the season.,2025-09-02T13:24:41.013511Z,45,588796.jpg,0.0,FALSE,Kabia,0.1,FALSE,NA,u,1,3,6731,0,30392,0,0.0,0.0,,152,2024-09-14,2005-12-10,FALSE,p588796,0,0,0,0,0,0,0,0,0,0,0.0,0.0,0.0,0.0,0,0,0,0,0,0.00,0.00,0.00,0.00,NA,,NA,,NA,,,,753,314,746,313,733,310,753,314,0,0,0,0,0,0,490,301,671,262,755,315,496,177,0,0,0,0.00,0,0
29,Sambi,MID,Arsenal,ARS,5,4.5,0,0,0,0.0,0.0,0.0,0,0,TRUE,FALSE,0,0,437742,0,0,0,0,0,0,3,Albert,FALSE,has joined Hamburger permanently.,2025-09-02T13:40:53.094922Z,45,437742.jpg,0.0,FALSE,Sambi Lokonga,0.0,FALSE,NA,u,1,3,2952,0,14151,0,0.0,0.0,,21,2021-07-19,1999-10-22,FALSE,p437742,0,0,0,0,0,0,0,0,0,0,0.0,0.0,0.0,0.0,0,0,0,0,0,0.00,0.00,0.00,0.00,NA,,NA,,NA,,,,708,274,704,276,687,270,710,276,0,0,0,0,0,0,433,256,622,220,714,279,593,222,0,0,0,0.00,0,0
30,Havertz,FWD,Arsenal,ARS,5,7.3,36,2,3,4.2,5.3,4.3,4,577,TRUE,FALSE,100,100,219847,0,0,-2,2,0,0,4,Kai,FALSE,,2026-04-25T22:30:09.266637Z,73,219847.jpg,3.0,FALSE,Havertz,0.7,FALSE,NA,a,1,3,197946,0,255689,0,0.6,4.9,,80,2023-06-28,1999-06-11,FALSE,p219847,4,4,0,0,0,1,0,0,3,143,152.6,134.6,210.0,49.9,10,14,8,32,7,3.31,0.64,3.95,6.68,NA,,NA,,NA,,,,346,35,265,31,173,40,305,35,0.52,0,0.1,0.62,1.04,0.62,24,10,60,10,202,22,238,36,1.09,0.62,4.99,3.31,0.52,2
31,Jesus,FWD,Arsenal,ARS,5,6.4,24,3,0,1.2,2.7,1.7,5,418,TRUE,FALSE,100,100,205651,0,0,-1,1,0,0,4,Gabriel,FALSE,,2025-07-21T10:00:04.697564Z,64,205651.jpg,1.7,FALSE,Fernando de Jesus,0.4,FALSE,NA,a,1,3,156814,0,134920,0,0.3,3.8,Gabriel Jesus,30,2022-07-04,1997-04-03,FALSE,p205651,1,6,0,0,0,3,0,0,0,92,141.8,54.3,281.0,47.5,7,19,4,30,3,2.71,0.26,2.97,3.97,NA,,NA,,NA,,,,355,39,363,45,127,34,315,38,0.58,0,0.06,0.64,0.85,1.29,57,21,218,24,407,47,301,48,0.65,0.22,6.46,2.71,0.58,2
266,Eze,MID,Arsenal,ARS,5,7.3,113,7,3,4.8,3.3,2.3,1,1885,TRUE,FALSE,100,100,232413,0,0,-2,2,0,3,3,Eberechi,FALSE,,2026-04-25T22:30:09.375724Z,73,232413.jpg,3.4,FALSE,Eze,8.7,FALSE,NA,a,1,3,3651571,0,3941829,0,0.3,15.5,,241,2025-08-23,1998-06-29,FALSE,p232413,11,14,0,0,0,1,0,0,8,439,393.4,305.7,455.0,115.1,22,79,19,120,22,5.18,2.66,7.84,14.21,NA,,NA,,NA,,,,187,73,143,95,60,34,108,60,0.25,0,0.13,0.38,0.68,0.67,26,15,164,74,141,61,48,17,1.05,0.53,5.73,5.18,0.25,2
662,Mosquera,DEF,Arsenal,ARS,5,5.3,40,0,0,2.8,4.3,3.3,4,986,TRUE,FALSE,100,100,500040,0,0,-2,2,0,0,2,Cristhian,FALSE,,2025-12-04T09:00:09.512338Z,53,500040.jpg,2.0,FALSE,Mosquera,0.3,FALSE,NA,a,1,3,72218,0,57288,0,0.6,7.5,,200,2025-07-24,2004-06-27,FALSE,p500040,3,8,0,0,0,4,0,0,1,195,219.2,88.7,20.0,32.9,63,35,32,95,9,0.10,0.63,0.73,9.04,NA,,NA,,NA,,,,295,117,307,100,405,145,359,121,0.01,0,0.06,0.07,0.83,0.73,199,26,105,32,357,132,324,118,0.82,0.27,8.67,0.10,0.01,2
666,Gyokeres,FWD,Arsenal,ARS,5,9.1,128,14,1,6.0,2.3,1.3,1,2217,TRUE,FALSE,100,100,224117,0,0,1,-1,0,4,4,Viktor,FALSE,,2025-11-01T18:00:08.847750Z,91,224117.jpg,3.6,FALSE,Gyökeres,16.4,FALSE,NA,a,1,3,4626668,0,5611221,0,0.1,14.1,,206,2025-07-26,1998-06-04,FALSE,p224117,12,14,0,0,0,5,0,0,16,474,539.6,271.7,772.0,157.5,23,55,7,85,26,12.26,1.94,14.19,17.81,NA,,NA,,2,,,,111,10,159,14,21,12,52,9,0.5,0,0.08,0.58,0.72,0.57,7,3,248,30,110,11,20,5,1.06,0.49,3.45,12.26,0.5,2
700,Dowman,MID,Arsenal,ARS,5,4.2,16,1,1,1.2,2.0,1.0,3,152,TRUE,FALSE,100,100,616077,0,0,-3,3,0,0,3,Max,FALSE,,2025-12-10T00:00:08.266774Z,42,616077.jpg,2.7,FALSE,Dowman,0.9,FALSE,NA,a,1,3,291075,0,193138,0,0.2,3.8,,241,2025-07-22,2009-12-31,FALSE,p616077,1,1,0,0,0,0,0,0,0,51,45.2,55.5,65.0,16.6,1,13,2,16,1,1.19,0.30,1.49,0.88,NA,,NA,,NA,,,,434,189,360,189,330,170,409,187,0.7,0,0.18,0.88,0.52,0.59,659,379,259,116,234,91,204,71,0.59,0.59,9.47,1.19,0.7,2
711,Harriman-Annous,MID,Arsenal,ARS,5,4.4,0,0,0,1.0,1.0,0.0,0,0,TRUE,FALSE,NA,NA,646243,0,0,-1,1,0,0,3,Andre,FALSE,,NA,44,646243.jpg,0.0,FALSE,Harriman-Annous,0.0,FALSE,NA,a,1,3,2098,0,1977,0,0.0,0.0,,241,2025-07-22,2007-12-28,FALSE,p646243,0,0,0,0,0,0,0,0,0,0,0.0,0.0,0.0,0.0,0,0,0,0,0,0.00,0.00,0.00,0.00,NA,,NA,,NA,,,,697,268,692,270,673,263,699,270,0,0,0,0,0,0,582,351,608,213,703,273,707,287,0,0,0,0.00,0,0
725,Hincapie,DEF,Arsenal,ARS,5,5.1,87,1,2,3.5,2.0,1.0,2,1787,TRUE,FALSE,100,100,448104,0,0,-4,4,0,3,2,Piero,FALSE,,2026-03-30T10:00:11.369303Z,51,448104.jpg,3.5,FALSE,Hincapié,0.9,FALSE,NA,a,1,3,625158,0,522735,0,0.2,17.1,,62,2025-09-01,2002-01-09,FALSE,p448104,5,19,1,0,0,2,0,0,7,335,453.6,184.7,72.0,70.9,123,63,48,171,20,0.36,1.67,2.03,17.53,NA,,NA,,NA,,,,150,63,221,55,321,103,235,80,0.02,0,0.08,0.1,0.88,0.96,233,36,268,98,118,45,212,82,1.01,0.25,8.61,0.36,0.02,2
759,Salmon,DEF,Arsenal,ARS,5,4,0,0,0,1.0,1.0,0.0,0,0,TRUE,FALSE,NA,NA,616065,0,0,0,0,0,0,2,Marli,FALSE,,NA,40,616065.jpg,0.0,FALSE,Salmon,0.0,FALSE,NA,a,1,3,1910,0,1535,0,0.0,0.0,,241,2025-07-22,2009-08-29,FALSE,p616065,0,0,0,0,0,0,0,0,0,0,0.0,0.0,0.0,0.0,0,0,0,0,0,0.00,0.00,0.00,0.00,NA,,NA,,NA,,,,636,245,628,244,598,241,639,245,0,0,0,0,0,0,746,205,511,208,646,244,664,235,0,0,0,0.00,0,0
32,Martinez,GKP,Aston Villa,AVL,3,5,120,0,1,2.7,2.2,2.7,0,2835,TRUE,FALSE,100,100,98980,0,0,0,0,0,3,1,Emiliano,FALSE,,2026-04-12T21:30:08.032006Z,50,98980.jpg,3.8,FALSE,Martínez Romero,4.4,FALSE,NA,a,2,7,1133258,0,844392,0,0.5,24.0,Emiliano Martínez,10,2020-09-16,1992-09-02,FALSE,p98980,7,39,0,1,0,2,0,95,11,530,769.8,23.2,0.0,79.2,27,272,0,0,32,0.00,0.08,0.08,42.92,NA,,NA,,NA,,,,38,10,408,4,800,93,206,10,0,3.02,0,0,1.36,1.24,245,10,141,15,80,8,86,16,1.02,0.22,0,0.00,0,0
33,M.Bizot,GKP,Aston Villa,AVL,3,4.2,16,0,0,-0.5,0.2,0.7,2,585,TRUE,FALSE,100,100,72147,0,0,-3,3,0,0,1,Marco,FALSE,,2026-02-15T00:30:06.693638Z,42,72147.jpg,2.3,FALSE,Bizot,0.4,FALSE,NA,a,2,7,85879,0,117979,0,0.2,3.8,,152,2025-07-15,1991-03-10,FALSE,p72147,1,10,0,0,0,2,0,19,0,75,139.2,0.0,0.0,13.9,10,53,0,0,6,0.00,0.00,0.00,11.02,NA,,NA,,NA,,,,358,26,642,83,614,68,415,26,0,2.92,0,0,1.7,1.54,635,29,294,23,302,29,295,38,0.92,0.15,0,0.00,0,0
34,Gauci,GKP,Aston Villa,AVL,3,4,0,0,0,0.0,0.0,0.0,0,0,TRUE,FALSE,0,0,462492,0,0,0,0,0,0,1,Joe,FALSE,Has joined Port Vale on loan for the rest of the season.,2025-08-12T07:40:37.843391Z,40,462492.jpg,0.0,FALSE,Gauci,0.1,FALSE,NA,u,2,7,0,0,17885,0,0.0,0.0,,13,2024-02-01,2000-07-04,FALSE,p462492,0,0,0,0,0,0,0,0,0,0,0.0,0.0,0.0,0.0,0,0,0,0,0,0.00,0.00,0.00,0.00,NA,,NA,,NA,,,,598,75,589,64,558,49,601,75,0,0,0,0,0,0,700,53,468,67,609,75,511,74,0,0,0,0.00,0,0
35,Marschall,GKP,Aston Villa,AVL,3,4,0,0,0,0.0,0.0,0.0,0,0,TRUE,FALSE,0,0,462381,0,0,0,0,0,0,1,Filip,FALSE,Has joined Stevenage permanently.,2025-07-30T14:08:21.698398Z,40,462381.jpg,0.0,FALSE,Marschall,0.0,FALSE,NA,u,2,7,0,0,1303,0,0.0,0.0,,241,2021-12-13,2003-04-24,FALSE,p462381,0,0,0,0,0,0,0,0,0,0,0.0,0.0,0.0,0.0,0,0,0,0,0,0.00,0.00,0.00,0.00,NA,,NA,,NA,,,,597,74,588,63,557,48,600,74,0,0,0,0,0,0,699,52,467,66,608,74,761,88,0,0,0,0.00,0,0
36,Cash,DEF,Aston Villa,AVL,3,4.6,117,3,3,1.5,0.2,0.7,1,3016,TRUE,FALSE,100,100,199796,0,0,1,-1,0,2,2,Matty,FALSE,,2026-03-05T00:00:08.205820Z,46,199796.jpg,3.3,FALSE,Cash,7.4,FALSE,NA,a,2,7,2994809,0,2459799,0,0.2,25.4,,172,2020-09-03,1997-08-07,FALSE,p199796,8,38,0,0,0,9,0,0,7,450,643.0,510.7,221.0,137.5,120,88,66,186,34,1.14,2.94,4.08,45.45,3,,NA,,NA,,,,70,32,57,8,163,35,77,15,0.03,0,0.09,0.12,1.36,1.13,397,67,301,109,145,52,59,17,1.01,0.24,5.55,1.14,0.03,2
37,Digne,DEF,Aston Villa,AVL,3,4.5,97,0,7,1.3,1.2,1.7,0,1842,TRUE,FALSE,100,100,101188,0,0,0,0,0,1,2,Lucas,FALSE,,2025-10-23T13:30:07.954318Z,45,101188.jpg,3.1,FALSE,Digne,1.5,FALSE,NA,a,2,7,355694,0,398719,0,0.4,21.6,,73,2022-01-13,1993-07-20,FALSE,p101188,7,23,0,0,0,3,0,0,5,381,400.2,455.5,130.0,98.5,77,63,36,113,21,0.67,3.28,3.95,27.79,2,,2,,NA,,,,183,75,72,15,251,65,154,51,0.03,0,0.16,0.19,1.36,1.12,411,74,206,75,178,68,165,65,1.03,0.34,5.52,0.67,0.03,2
38,Konsa,DEF,Aston Villa,AVL,3,4.4,100,0,1,0.5,0.2,0.7,0,3035,TRUE,FALSE,100,100,199798,0,0,-1,1,0,0,2,Ezri,FALSE,,2025-11-18T09:30:07.536725Z,44,199798.jpg,2.9,FALSE,Konsa Ngoyo,7.0,FALSE,NA,a,2,7,836516,0,2247010,0,0.2,22.7,,241,2019-07-11,1997-10-23,FALSE,p199798,9,44,0,0,0,0,1,0,3,497,601.4,108.3,124.0,84.0,174,108,22,196,34,1.27,0.59,1.86,48.93,NA,,NA,,NA,,,,83,35,293,91,258,68,193,67,0.04,0,0.02,0.06,1.45,1.3,538,106,298,107,205,81,62,19,1.01,0.27,5.81,1.27,0.04,2
39,Maatsen,DEF,Aston Villa,AVL,3,4.2,54,0,1,0.3,1.8,2.3,5,1590,TRUE,FALSE,NA,NA,441302,0,0,-3,3,0,0,2,Ian,FALSE,,NA,42,441302.jpg,1.8,FALSE,Maatsen,0.5,FALSE,NA,a,2,7,89595,0,125987,0,0.5,12.9,,152,2024-06-28,2002-03-10,FALSE,p441302,2,27,0,0,0,2,0,0,1,242,336.6,373.4,231.0,94.3,85,82,43,128,17,1.26,2.39,3.65,26.64,NA,,NA,,NA,,,,219,89,105,26,155,32,165,55,0.07,0,0.14,0.21,1.51,1.53,645,145,150,52,377,140,262,97,0.96,0.11,7.25,1.26,0.07,2
40,Mings,DEF,Aston Villa,AVL,3,4.3,50,0,1,-0.3,0.8,1.3,4,1322,TRUE,FALSE,100,100,149484,0,0,-2,2,0,1,2,Tyrone,FALSE,,2026-04-12T21:30:08.045496Z,43,149484.jpg,2.9,FALSE,Mings,0.6,FALSE,NA,a,2,7,161621,0,216139,0,0.3,11.6,,241,2019-07-08,1993-03-13,FALSE,p149484,3,23,0,0,0,1,0,0,4,169,282.6,80.5,105.0,46.8,102,47,5,107,15,1.30,0.42,1.72,23.37,NA,,NA,,NA,,,,258,102,327,110,278,80,319,105,0.09,0,0.03,0.12,1.59,1.57,587,125,227,81,204,80,246,92,1.02,0.2,7.28,1.30,0.09,2
41,Pau,DEF,Aston Villa,AVL,3,4.3,64,0,2,0.7,1.2,1.7,1,1673,TRUE,FALSE,100,100,244954,0,0,-2,2,0,0,2,Pau,FALSE,,2025-12-12T00:00:09.857457Z,43,244954.jpg,3.0,FALSE,Torres,0.3,FALSE,NA,a,2,7,75312,0,101789,0,0.4,14.9,,200,2023-07-12,1997-01-16,FALSE,p244954,5,19,1,0,0,1,0,0,2,280,321.8,47.1,79.0,45.1,90,79,22,112,18,1.33,0.39,1.72,22.81,NA,,NA,,NA,,,,233,92,376,135,311,97,325,110,0.07,0,0.02,0.09,1.23,1.02,594,130,200,69,191,75,327,120,0.97,0.27,6.03,1.33,0.07,2
42,A.Garcia,DEF,Aston Villa,AVL,3,3.9,5,0,0,-0.5,-0.2,0.3,1,83,TRUE,FALSE,100,100,606798,0,0,-1,1,0,0,2,Andrés,FALSE,,2026-01-29T12:00:08.835746Z,39,606798.jpg,0.8,FALSE,García,0.2,FALSE,NA,a,2,7,30457,0,43192,0,0.1,1.3,,200,2025-01-21,2003-02-07,FALSE,p606798,0,3,0,0,0,0,0,0,0,12,17.8,3.2,2.0,2.3,5,4,5,10,1,0.00,0.01,0.01,2.74,NA,,NA,,NA,,,,468,170,470,169,456,171,486,173,0,0,0.01,0.01,2.97,3.25,799,233,336,119,529,179,378,136,1.08,0,10.84,0.00,0,2
43,Alex Moreno,DEF,Aston Villa,AVL,3,4,0,0,0,0.0,0.0,0.0,0,0,TRUE,FALSE,0,0,106468,0,0,0,0,0,0,2,Álex,FALSE,Has joined Girona permanently.,2025-08-26T13:45:03.013808Z,40,106468.jpg,0.0,FALSE,Moreno Lopera,1.5,FALSE,NA,u,2,7,44476,0,893174,0,0.0,0.0,,200,2023-01-11,1993-06-08,FALSE,p106468,0,0,0,0,0,0,0,0,0,0,0.0,0.0,0.0,0.0,0,0,0,0,0,0.00,0.00,0.00,0.00,NA,,NA,,NA,,,,582,212,570,211,539,207,585,212,0,0,0,0,0,0,676,161,447,169,593,212,164,64,0,0,0,0.00,0,0
44,Bogarde,DEF,Aston Villa,AVL,3,4,40,0,0,0.5,0.5,1.0,2,1042,TRUE,FALSE,100,100,515597,0,0,0,0,0,0,2,Lamare,FALSE,,2025-11-20T10:30:09.224047Z,40,515597.jpg,1.4,FALSE,Bogarde,0.5,FALSE,NA,a,2,7,114072,0,100401,0,0.2,10.0,,152,2021-01-07,2004-01-05,FALSE,p515597,2,17,0,0,0,5,0,0,4,121,133.0,59.4,14.0,20.6,34,43,26,60,11,0.00,0.20,0.20,15.38,NA,,NA,,NA,,,,365,135,356,124,416,153,393,138,0,0,0.02,0.02,1.33,1.47,720,184,255,91,430,155,263,98,0.95,0.17,5.18,0.00,0,2
45,Sousa,DEF,Aston Villa,AVL,3,3.8,0,0,0,0.0,0.0,0.0,0,0,TRUE,FALSE,0,0,514315,0,0,-2,2,0,0,2,Lino,FALSE,has joined Rotherham on loan for the rest of the season.,2026-02-06T22:51:55.055374Z,38,514315.jpg,0.0,FALSE,da Cruz Sousa,0.2,FALSE,NA,u,2,7,22076,0,40217,0,0.0,0.0,,NA,NA,NA,FALSE,p514315,0,0,0,0,0,0,0,0,0,0,0.0,0.0,0.0,0.0,0,0,0,0,0,0.00,0.00,0.00,0.00,NA,,NA,,NA,,,,540,194,522,193,490,188,543,194,0,0,0,0,0,0,819,249,397,146,551,194,361,131,0,0,0,0.00,0,0
46,Yasin,DEF,Aston Villa,AVL,3,4,0,0,0,0.0,0.0,0.0,0,0,TRUE,FALSE,0,0,587178,0,0,0,0,0,0,2,Yasin,FALSE,has joined Anderlecht on loan for the rest of the season.,2025-09-22T21:15:59.805053Z,40,587178.jpg,0.0,FALSE,Özcan,0.1,FALSE,NA,u,2,7,4656,0,21237,0,0.0,0.0,,219,2025-06-01,2006-04-20,FALSE,p587178,0,0,0,0,0,0,0,0,0,0,0.0,0.0,0.0,0.0,0,0,0,0,0,0.00,0.00,0.00,0.00,NA,,NA,,NA,,,,627,237,619,236,589,233,630,237,0,0,0,0,0,0,736,196,501,199,637,236,469,174,0,0,0,0.00,0,0
47,Rogers,MID,Aston Villa,AVL,3,7.3,169,10,8,3.7,4.2,4.7,0,3280,TRUE,FALSE,100,100,244850,0,0,3,-3,0,4,3,Morgan,FALSE,,2025-08-10T22:00:04.458365Z,73,244850.jpg,4.6,FALSE,Rogers,20.2,FALSE,NA,a,2,7,6873325,0,5463430,0,0.6,23.2,,241,2024-02-01,2002-07-26,FALSE,p244850,9,48,0,0,0,7,0,0,17,605,746.2,706.2,871.0,232.0,49,139,42,230,37,6.84,4.32,11.16,51.55,NA,,1,,NA,,,,41,11,26,25,8,3,9,6,0.19,0,0.12,0.31,1.41,1.32,28,17,53,19,27,12,13,4,1.02,0.25,6.31,6.84,0.19,2
48,Tielemans,MID,Aston Villa,AVL,3,5.9,68,0,4,2.0,1.8,2.3,1,1857,TRUE,FALSE,100,100,166989,0,0,-1,1,0,0,3,Youri,FALSE,,2026-01-26T04:00:07.415161Z,59,166989.jpg,2.7,FALSE,Tielemans,0.7,FALSE,NA,a,2,7,171924,0,356117,0,0.4,11.5,,21,2023-06-14,1997-05-07,FALSE,p166989,4,27,0,0,0,0,0,0,3,417,432.0,513.6,184.0,113.1,51,94,58,203,21,1.14,3.26,4.40,31.34,5,,NA,,NA,,,,166,61,56,48,206,107,117,66,0.06,0,0.16,0.22,1.52,1.31,89,57,163,73,248,101,242,84,1.02,0.19,9.84,1.14,0.06,2
49,Bailey,MID,Aston Villa,AVL,3,5.5,21,0,2,0.3,1.5,2.0,5,450,TRUE,FALSE,100,100,215711,0,0,0,0,0,0,3,Leon,FALSE,,2025-08-20T13:31:56.843157Z,55,215711.jpg,1.6,FALSE,Bailey,0.1,FALSE,NA,a,2,7,10030,0,52941,0,0.4,3.8,,107,2021-08-04,1997-08-09,FALSE,p215711,0,9,0,0,0,1,0,0,0,69,71.2,160.4,69.0,30.1,7,31,10,48,3,0.50,1.46,1.96,7.03,4,,NA,,NA,,,,411,179,237,152,328,169,369,174,0.1,0,0.29,0.39,1.41,1.8,138,86,180,84,417,179,467,161,0.6,0,9.6,0.50,0.1,2
50,Buendia,MID,Aston Villa,AVL,3,5.3,102,6,2,2.3,2.5,3.0,6,1753,TRUE,FALSE,100,100,195546,0,0,-2,2,0,3,3,Emiliano,FALSE,,2026-03-16T00:00:09.650848Z,53,195546.jpg,2.8,FALSE,Buendía Stati,0.4,FALSE,NA,a,2,7,238478,0,218449,0,0.6,19.2,,10,2021-06-10,1996-12-25,FALSE,p195546,3,24,0,0,0,6,0,0,10,382,427.0,402.1,398.0,121.4,39,109,49,197,21,3.38,2.23,5.61,28.03,NA,,6,,2,,,,167,62,90,65,80,47,98,57,0.17,0,0.11,0.28,1.44,1.23,182,115,124,54,228,88,294,102,1.08,0.15,10.11,3.38,0.17,2
51,Iling Jr,MID,Aston Villa,AVL,3,5.5,0,0,0,0.0,0.0,0.0,0,0,TRUE,FALSE,0,0,469247,0,0,0,0,0,0,3,Samuel,FALSE,has joined Pisa on loan for the rest of the season.,2025-09-22T21:15:59.838578Z,55,469247.jpg,0.0,FALSE,Iling-Junior,0.0,FALSE,NA,u,2,7,1383,0,3814,0,0.0,0.0,,241,2024-07-01,2003-10-04,FALSE,p469247,0,0,0,0,0,0,0,0,0,0,0.0,0.0,0.0,0.0,0,0,0,0,0,0.00,0.00,0.00,0.00,NA,,NA,,NA,,,,830,372,830,372,829,372,830,372,0,0,0,0,0,0,144,91,811,362,830,372,700,281,0,0,0,0.00,0,0
53,Malen,MID,Aston Villa,AVL,3,5.1,55,4,2,0.0,0.0,0.0,0,640,TRUE,FALSE,0,0,204646,0,0,-4,4,0,1,3,Donyell,FALSE,has joined Roma on loan for the rest of the season.,2026-01-16T15:17:04.828016Z,51,204646.jpg,2.6,FALSE,Malen,0.4,FALSE,NA,u,2,7,172896,0,340842,0,0.0,10.8,,152,2025-01-14,1999-01-19,FALSE,p204646,1,10,0,0,0,0,0,0,3,161,183.4,99.7,290.0,56.3,2,10,4,16,5,4.03,0.35,4.38,10.59,NA,,NA,,NA,,,,321,141,299,172,120,71,282,143,0.57,0,0.05,0.62,1.49,1.41,227,139,776,336,265,108,292,100,0.7,0.14,2.25,4.03,0.57,2
54,McGinn,MID,Aston Villa,AVL,3,5.3,103,5,4,2.7,3.5,4.0,1,2136,TRUE,FALSE,100,100,122806,0,0,-2,2,0,2,3,John,FALSE,,2026-05-03T23:00:09.124947Z,53,122806.jpg,3.4,FALSE,McGinn,0.7,FALSE,NA,a,2,7,266912,0,274130,0,0.8,19.4,,243,2018-08-08,1994-10-18,FALSE,p122806,8,28,0,0,0,5,0,0,6,443,459.8,605.3,309.0,137.3,32,89,29,150,28,3.00,4.11,7.11,33.08,NA,,NA,,NA,,,,148,52,37,34,110,67,78,48,0.13,0,0.17,0.3,1.39,1.18,179,112,70,29,134,57,233,81,1.18,0.34,6.32,3.00,0.13,2
55,Barkley,MID,Aston Villa,AVL,3,4.8,56,3,2,2.5,4.5,5.0,5,844,TRUE,FALSE,100,100,88894,0,0,-2,2,0,1,3,Ross,FALSE,,2025-11-30T22:30:09.043798Z,48,88894.jpg,2.7,FALSE,Barkley,0.1,FALSE,NA,a,2,7,17174,0,18618,0,1.0,11.7,,241,2024-07-01,1993-12-05,FALSE,p88894,1,15,0,0,0,1,0,0,5,221,227.8,162.3,191.0,58.1,15,45,14,74,7,1.58,1.26,2.84,13.20,NA,,NA,,NA,,,,289,122,231,150,193,103,275,139,0.17,0,0.13,0.3,1.41,1.6,345,216,35,11,241,94,510,187,0.75,0.11,7.89,1.58,0.17,2
56,Barrenechea,MID,Aston Villa,AVL,3,5,0,0,0,0.0,0.0,0.0,0,0,TRUE,FALSE,0,0,491287,0,0,0,0,0,0,3,Enzo,FALSE,Season-long loan to Benfica,2025-07-22T13:50:13.193555Z,50,491287.jpg,0.0,FALSE,Barrenechea,0.0,FALSE,NA,u,2,7,0,0,36,0,0.0,0.0,,NA,NA,NA,FALSE,p491287,0,0,0,0,0,0,0,0,0,0,0.0,0.0,0.0,0.0,0,0,0,0,0,0.00,0.00,0.00,0.00,NA,,NA,,NA,,,,812,359,811,359,808,358,812,359,0,0,0,0,0,0,266,161,765,327,812,359,840,379,0,0,0,0.00,0,0
57,Dobbin,MID,Aston Villa,AVL,3,5,0,0,0,0.0,0.0,0.0,0,0,TRUE,FALSE,0,0,461421,0,0,0,0,0,0,3,Lewis,FALSE,Has joined Preston North End on loan for the rest of the season.,2025-08-26T13:44:19.058961Z,50,461421.jpg,0.0,FALSE,Dobbin,0.0,FALSE,NA,u,2,7,889,0,5455,0,0.0,0.0,,241,2024-06-23,2003-01-03,FALSE,p461421,0,0,0,0,0,0,0,0,0,0,0.0,0.0,0.0,0.0,0,0,0,0,0,0.00,0.00,0.00,0.00,NA,,NA,,NA,,,,808,356,807,356,804,355,808,356,0,0,0,0,0,0,262,158,761,324,808,356,675,271,0,0,0,0.00,0,0
58,Kamara,MID,Aston Villa,AVL,3,4.9,61,1,3,0.0,0.0,0.0,0,1410,TRUE,FALSE,0,0,226944,0,0,-1,1,0,0,3,Boubacar,FALSE,Knee injury - Expected back 01 Jun,2026-05-08T15:30:09.019486Z,49,226944.jpg,3.4,FALSE,Kamara,0.2,FALSE,NA,i,2,7,111587,0,121485,0,0.0,12.4,,73,2022-06-11,1999-11-23,FALSE,p226944,5,15,0,0,0,5,0,0,7,282,325.0,241.3,75.0,64.2,46,65,38,149,17,0.53,0.84,1.36,20.80,NA,,NA,,NA,,,https://www.avfc.co.uk/news/2026/february/06/prematch-team-news-ahead-of-bournemouth/?utm_source=premier_league&utm_medium=referral&utm_campaign=fantasy&utm_content=injuries-flag,230,96,170,112,315,164,254,127,0.03,0,0.05,0.08,1.33,0.96,308,191,734,305,129,54,408,140,1.09,0.32,9.51,0.53,0.03,2
59,Onana_A,MID,Aston Villa,AVL,3,4.8,76,2,0,-0.5,-0.2,0.3,1,1755,TRUE,FALSE,100,100,449871,0,0,-2,2,0,0,3,Amadou,FALSE,,2026-04-26T22:30:07.719459Z,48,449871.jpg,3.0,FALSE,Onana,0.6,FALSE,NA,a,2,7,168465,0,295144,0,0.1,15.8,,21,2024-07-22,2001-08-16,FALSE,p449871,6,26,0,0,0,3,0,0,4,353,413.2,152.6,178.0,74.4,99,72,48,219,21,1.68,0.69,2.37,28.53,NA,,NA,,NA,,,,176,66,249,158,211,112,219,106,0.09,0,0.04,0.13,1.46,1.33,361,224,354,159,194,74,248,88,1.08,0.31,11.23,1.68,0.09,2
60,Broggio,MID,Aston Villa,AVL,3,4.4,0,0,0,0.0,0.0,0.0,0,0,TRUE,FALSE,0,0,577731,0,0,-1,1,0,0,3,Ben,FALSE,has joined Falkirk on loan for the rest of the season.,2026-02-06T22:47:15.874946Z,44,577731.jpg,0.0,FALSE,Broggio,0.2,FALSE,NA,u,2,7,38290,0,52801,0,0.0,0.0,,241,2024-09-23,2007-01-29,FALSE,p577731,0,0,0,0,0,0,0,0,0,0,0.0,0.0,0.0,0.0,0,0,0,0,0,0.00,0.00,0.00,0.00,NA,,NA,,NA,,,,694,267,689,269,670,262,696,269,0,0,0,0,0,0,575,347,602,210,700,272,363,124,0,0,0,0.00,0,0
61,Dendoncker,MID,Aston Villa,AVL,3,4.5,0,0,0,0.0,0.0,0.0,0,0,TRUE,FALSE,0,0,151589,0,0,0,0,0,0,3,Leander,FALSE,Has joined Real Oviedo permanently.,2025-08-20T13:31:56.822248Z,45,151589.jpg,0.0,FALSE,Dendoncker,0.1,FALSE,NA,u,2,7,2169,0,33857,0,0.0,0.0,,21,2022-09-01,1995-04-15,FALSE,p151589,0,0,0,0,0,0,0,0,0,0,0.0,0.0,0.0,0.0,0,0,0,0,0,0.00,0.00,0.00,0.00,NA,,NA,,NA,,,,700,269,695,271,676,264,702,271,0,0,0,0,0,0,414,250,611,214,706,274,543,200,0,0,0,0.00,0,0
62,Jimoh-Aloba,MID,Aston Villa,AVL,3,4.5,1,0,0,0.0,0.0,0.0,0,8,TRUE,FALSE,0,0,559962,0,0,0,0,0,0,3,Jamaldeen,FALSE,has joined West Brom on loan for the rest of the season.,2026-02-06T22:47:15.891521Z,45,559962.jpg,1.0,FALSE,Jimoh-Aloba,0.1,FALSE,NA,u,2,7,8790,0,11047,0,0.0,0.2,,241,2024-09-23,2006-10-02,FALSE,p559962,0,0,0,0,0,0,0,0,0,3,0.2,0.3,0.0,0.1,0,1,0,1,0,0.00,0.00,0.00,0.61,NA,,NA,,NA,,,,525,239,498,242,717,298,528,241,0,0,0,0,6.86,0,471,287,655,249,493,221,574,215,0,0,11.25,0.00,0,0
63,Young,MID,Aston Villa,AVL,3,4.3,0,0,0,0.0,0.0,0.0,0,0,TRUE,FALSE,0,0,537403,0,0,-2,2,0,0,3,Kadan,FALSE,has joined Reading on loan for the rest of the season.,2026-02-06T22:47:15.909676Z,43,537403.jpg,0.0,FALSE,Young,0.5,FALSE,NA,u,2,7,102090,0,135893,0,0.0,0.0,,241,2022-12-10,2006-01-19,FALSE,p537403,0,0,0,0,0,0,0,0,0,0,0.0,0.0,0.0,0.0,0,0,0,0,0,0.00,0.00,0.00,0.00,NA,,NA,,NA,,,,661,244,657,248,635,238,664,246,0,0,0,0,0,0,615,363,559,184,672,253,278,95,0,0,0,0.00,0,0
64,Watkins,FWD,Aston Villa,AVL,3,8.7,167,16,4,6.3,11.8,12.3,13,2833,TRUE,FALSE,100,100,178301,0,0,-3,3,0,5,4,Ollie,FALSE,,2026-01-29T23:00:09.533353Z,87,178301.jpg,4.5,FALSE,Watkins,13.0,FALSE,NA,a,2,7,3761213,0,5154207,0,1.4,19.2,,241,2020-09-09,1995-12-30,FALSE,p178301,9,38,0,0,0,4,0,0,26,623,720.2,330.9,1206.0,225.2,23,49,22,94,33,15.40,1.18,16.58,43.39,NA,,NA,,3,,,,47,5,126,7,2,2,12,4,0.49,0,0.04,0.53,1.38,1.21,9,5,1,1,32,5,28,8,1.05,0.29,2.99,15.40,0.49,2
65,Redmond,FWD,Aston Villa,AVL,3,4.5,0,0,0,0.0,0.0,0.0,0,0,TRUE,FALSE,0,0,576756,0,0,0,0,0,0,4,Zépiqueno,FALSE,has joined Huddersfield Town on loan for the rest of the season.,2025-09-02T13:26:36.441136Z,45,576756.jpg,0.0,FALSE,Redmond,0.3,FALSE,NA,u,2,7,17574,0,85482,0,0.0,0.0,,NA,NA,NA,FALSE,p576756,0,0,0,0,0,0,0,0,0,0,0.0,0.0,0.0,0.0,0,0,0,0,0,0.00,0.00,0.00,0.00,NA,,NA,,NA,,,,749,80,743,79,730,79,750,80,0,0,0,0,0,0,486,69,667,68,752,81,337,55,0,0,0,0.00,0,0
389,Elliott,MID,Aston Villa,AVL,3,5.1,5,0,0,-0.5,-0.5,0.0,0,110,TRUE,FALSE,100,100,444884,0,0,-4,4,0,0,3,Harvey,FALSE,,2026-05-09T21:00:09.892280Z,51,444884.jpg,1.0,FALSE,Elliott,0.2,FALSE,NA,a,2,7,95040,0,104382,0,0.0,1.0,,241,2025-09-01,2003-04-04,FALSE,p444884,0,2,0,0,0,0,0,0,0,17,11.8,31.7,31.0,7.4,2,4,0,6,1,0.29,0.08,0.37,1.74,NA,,NA,,NA,,,,476,210,396,199,378,191,453,203,0.24,0,0.07,0.31,1.42,1.64,232,142,778,338,516,238,409,141,0.82,0,4.91,0.29,0.24,0
456,Sancho,MID,Aston Villa,AVL,3,5.8,37,0,2,0.5,-0.2,0.3,0,863,TRUE,FALSE,100,100,209243,0,0,-2,2,0,0,3,Jadon,FALSE,,2026-03-27T21:00:10.454595Z,58,209243.jpg,1.6,FALSE,Sancho,0.2,FALSE,NA,a,2,7,53465,0,56572,0,0.1,6.4,,241,2025-09-01,2000-03-25,FALSE,p209243,2,10,0,0,0,0,0,0,0,141,130.2,290.6,193.0,61.6,11,26,7,44,9,0.61,1.87,2.48,14.11,6,,NA,,NA,,,,371,166,152,100,192,102,263,130,0.06,0,0.2,0.26,1.47,1.04,106,69,371,170,418,180,368,126,0.94,0.21,4.59,0.61,0.06,2
688,Wright,GKP,Aston Villa,AVL,3,3.9,0,0,0,-0.5,-0.5,0.0,0,0,TRUE,FALSE,NA,NA,481283,0,0,-1,1,0,0,1,James,FALSE,,NA,39,481283.jpg,0.0,FALSE,Wright,0.6,FALSE,NA,a,2,7,62596,0,48936,0,0.0,0.0,,241,2023-03-31,2004-12-02,FALSE,p481283,0,0,0,0,0,0,0,0,0,0,0.0,0.0,0.0,0.0,0,0,0,0,0,0.00,0.00,0.00,0.00,NA,,NA,,NA,,,,564,57,549,40,518,25,567,57,0,0,0,0,0,0,782,84,426,46,575,57,256,34,0,0,0,0.00,0,0
699,Douglas Luiz,MID,Aston Villa,AVL,3,4.9,35,1,1,0.0,0.8,1.3,2,913,TRUE,FALSE,100,100,230046,0,0,-1,1,0,0,3,Douglas Luiz,FALSE,,2025-11-01T18:30:08.443766Z,49,230046.jpg,1.7,FALSE,Soares de Paulo,0.1,FALSE,NA,a,2,7,29269,0,25967,0,0.3,7.1,Douglas Luiz,30,2026-01-28,1998-05-09,FALSE,p230046,1,15,0,0,0,3,0,0,0,220,201.6,294.3,94.0,59.1,31,52,22,105,12,0.53,1.42,1.95,13.24,1,,NA,,NA,,,,310,133,149,98,297,157,271,136,0.05,0,0.14,0.19,1.31,1.48,310,192,235,106,404,174,529,193,1.18,0.1,10.35,0.53,0.05,2
701,Rowe,DEF,Aston Villa,AVL,3,4,0,0,0,0.0,0.0,0.0,0,0,TRUE,FALSE,0,0,569577,0,0,0,0,0,0,2,Triston,FALSE,has joined Annecy on loan for the rest of the season.,2025-09-22T21:15:59.825051Z,40,569577.jpg,0.0,FALSE,Rowe,0.1,FALSE,NA,u,2,7,8943,0,10853,0,0.0,0.0,,241,2024-09-23,2006-10-02,FALSE,p569577,0,0,0,0,0,0,0,0,0,0,0.0,0.0,0.0,0.0,0,0,0,0,0,0.00,0.00,0.00,0.00,NA,,NA,,NA,,,,624,234,616,233,586,230,627,234,0,0,0,0,0,0,733,193,498,196,634,233,544,193,0,0,0,0.00,0,0
702,Burrowes,MID,Aston Villa,AVL,3,4.3,1,0,0,-0.5,-0.5,0.0,0,16,TRUE,FALSE,NA,NA,645618,0,0,-2,2,0,0,3,Bradley,FALSE,,NA,43,645618.jpg,1.0,FALSE,Burrowes,0.1,FALSE,NA,a,2,7,20893,0,12404,0,0.0,0.2,,241,2025-01-09,2008-03-04,FALSE,p645618,0,1,0,0,0,0,0,0,0,3,0.0,0.3,0.0,0.0,0,1,0,1,0,0.00,0.00,0.00,0.90,NA,,NA,,NA,,,,672,254,497,241,645,248,674,256,0,0,0,0,5.06,5.62,631,377,572,196,483,211,443,152,0,0,5.62,0.00,0,0
703,Proctor,GKP,Aston Villa,AVL,3,3.9,0,0,0,-0.5,-0.5,0.0,0,0,TRUE,FALSE,NA,NA,564505,0,0,-1,1,0,0,1,Sam,FALSE,,NA,39,564505.jpg,0.0,FALSE,Proctor,0.6,FALSE,NA,a,2,7,95367,0,52276,0,0.0,0.0,,241,2023-12-16,2006-12-21,FALSE,p564505,0,0,0,0,0,0,0,0,0,0,0.0,0.0,0.0,0.0,0,0,0,0,0,0.00,0.00,0.00,0.00,NA,,NA,,NA,,,,573,63,559,47,528,32,576,63,0,0,0,0,0,0,793,91,436,52,584,63,257,35,0,0,0,0.00,0,0
710,Patterson,DEF,Aston Villa,AVL,3,3.9,0,0,0,-0.5,-0.5,0.0,0,0,TRUE,FALSE,NA,NA,534836,0,0,-1,1,0,0,2,Travis,FALSE,,NA,39,534836.jpg,0.0,FALSE,Patterson,0.2,FALSE,NA,a,2,7,34014,0,24439,0,0.0,0.0,,241,2025-08-30,2005-10-06,FALSE,p534836,0,0,0,0,0,0,0,0,0,0,0.0,0.0,0.0,0.0,0,0,0,0,0,0.00,0.00,0.00,0.00,NA,,NA,,NA,,,,570,207,556,206,525,202,573,207,0,0,0,0,0,0,790,228,433,163,581,207,389,142,0,0,0,0.00,0,0
719,Lindelof,DEF,Aston Villa,AVL,3,4.5,29,0,1,0.3,0.8,1.3,2,942,TRUE,FALSE,100,100,184667,0,0,0,0,0,0,2,Victor,FALSE,,2025-09-18T04:00:08.433120Z,45,184667.jpg,1.7,FALSE,Lindelöf,0.1,FALSE,NA,a,2,7,22854,0,16638,0,0.3,6.4,,206,2025-09-01,1994-07-17,FALSE,p184667,1,15,0,0,0,0,0,0,0,124,167.8,36.6,22.0,22.7,47,19,7,54,11,0.28,0.10,0.38,15.93,NA,,NA,,NA,,,,331,127,388,139,398,142,390,137,0.03,0,0.01,0.04,1.52,1.43,418,78,228,82,397,145,484,176,1.05,0.1,5.16,0.28,0.03,2
754,George Hemmings,MID,Aston Villa,AVL,3,4.5,2,0,0,-0.5,-0.5,0.0,0,25,TRUE,FALSE,NA,NA,577285,0,0,0,0,0,0,3,George,FALSE,,NA,45,577285.jpg,1.0,FALSE,Hemmings,0.0,FALSE,NA,a,2,7,1438,0,920,0,0.0,0.4,,241,2025-08-05,2007-03-04,FALSE,p577285,0,0,0,0,0,0,0,0,0,5,0.0,1.7,2.0,0.3,0,1,0,1,0,0.04,0.01,0.05,0.61,NA,,NA,,NA,,,,750,311,483,233,464,228,520,237,0.14,0,0.04,0.18,2.2,0,487,298,668,259,498,224,747,316,0,0,3.6,0.04,0.14,0
757,Hollingshead,GKP,Aston Villa,AVL,3,4,0,0,0,-0.5,-0.5,0.0,0,0,TRUE,FALSE,NA,NA,516875,0,0,0,0,0,0,1,Ronnie,FALSE,,NA,40,516875.jpg,0.0,FALSE,Hollingshead,0.0,FALSE,NA,a,2,7,1543,0,1132,0,0.0,0.0,,244,2025-12-02,2004-09-09,FALSE,p516875,0,0,0,0,0,0,0,0,0,0,0.0,0.0,0.0,0.0,0,0,0,0,0,0.00,0.00,0.00,0.00,NA,,NA,,NA,,,,614,84,606,74,575,59,617,84,0,0,0,0,0,0,722,63,487,77,624,84,704,83,0,0,0,0.00,0,0
768,Leon Routh,DEF,Aston Villa,AVL,3,4,0,0,0,-0.5,-0.5,0.0,0,0,TRUE,FALSE,NA,NA,664015,0,0,0,0,0,0,2,Leon,FALSE,,NA,40,664015.jpg,0.0,FALSE,Routh,0.0,FALSE,NA,a,2,7,852,0,816,0,0.0,0.0,,241,2025-12-20,2007-11-30,FALSE,p664015,0,0,0,0,0,0,0,0,0,0,0.0,0.0,0.0,0.0,0,0,0,0,0,0.00,0.00,0.00,0.00,NA,,NA,,NA,,,,644,252,636,251,607,249,647,252,0,0,0,0,0,0,757,215,521,217,654,251,685,244,0,0,0,0.00,0,0
781,Carroll,DEF,Aston Villa,AVL,3,4,0,0,0,-0.5,-0.5,0.0,0,0,TRUE,FALSE,NA,NA,618027,0,0,0,0,0,0,2,TJ,FALSE,,NA,40,618027.jpg,0.0,FALSE,Carroll,0.0,FALSE,NA,a,2,7,1057,0,727,0,0.0,0.0,,241,2026-01-02,2007-03-22,FALSE,p618027,0,0,0,0,0,0,0,0,0,0,0.0,0.0,0.0,0.0,0,0,0,0,0,0.00,0.00,0.00,0.00,NA,,NA,,NA,,,,637,246,629,245,599,242,640,246,0,0,0,0,0,0,748,207,513,210,647,245,692,246,0,0,0,0.00,0,0
792,Alysson,MID,Aston Villa,AVL,3,5,3,0,0,0.0,0.0,0.0,0,47,TRUE,FALSE,0,0,653481,0,0,0,0,0,0,3,Alysson Edward Franco,FALSE,Muscle injury - Unknown return date,2026-05-14T16:30:10.342832Z,50,653481.jpg,1.0,FALSE,da Rocha dos Santos,0.0,FALSE,NA,i,2,7,433,0,320,0,0.0,0.6,Alysson Edward,30,2026-01-01,2006-05-05,FALSE,p653481,0,2,0,0,0,0,0,0,0,11,3.2,3.5,10.0,1.5,1,3,0,4,0,0.05,0.05,0.10,1.87,NA,,NA,,NA,,,https://www.avfc.co.uk/news/2026/may/14/prematch-team-news-for-liverpool-clash/?utm_source=premier_league&utm_medium=referral&utm_campaign=fantasy&utm_content=injuries-flag,505,230,469,224,428,209,498,227,0.1,0,0.1,0.2,3.58,3.83,281,173,774,334,513,235,788,340,0,0,7.66,0.05,0.1,0
808,Abraham,FWD,Aston Villa,AVL,3,5.7,23,2,0,0.0,-0.5,0.0,0,278,TRUE,FALSE,NA,NA,173879,0,0,-3,3,0,0,4,Tammy,FALSE,,NA,57,173879.jpg,1.9,FALSE,Abraham,0.2,FALSE,NA,a,2,7,92819,0,76337,0,0.0,4.0,,241,2026-01-27,1997-10-02,FALSE,p173879,0,8,0,0,0,0,0,0,2,93,87.2,49.2,136.0,27.1,3,6,4,13,2,2.05,0.36,2.41,5.12,NA,,NA,,NA,,,,401,46,371,47,244,47,378,47,0.66,0,0.12,0.78,1.66,2.59,112,32,815,88,368,41,413,61,0.65,0,4.21,2.05,0.66,2
183,Weiss,GKP,Burnley,BUR,2,4.2,7,0,0,1.3,2.3,2.3,3,270,TRUE,FALSE,NA,NA,518030,0,0,-3,3,0,0,1,Max,FALSE,,NA,42,518030.jpg,2.3,FALSE,Weiß,0.2,FALSE,NA,a,3,90,20012,0,19233,0,0.5,1.7,,80,2025-06-25,2004-06-15,FALSE,p518030,0,4,0,0,0,0,0,10,0,39,76.8,10.0,0.0,8.7,4,21,0,0,3,0.00,0.00,0.00,4.82,NA,,NA,,NA,,,,408,32,441,12,621,74,441,30,0,3.33,0,0,1.61,1.33,652,35,151,16,304,30,381,54,1,0,0,0.00,0,0
184,Green,GKP,Burnley,BUR,2,4,0,0,0,0.0,0.0,0.0,0,0,TRUE,FALSE,0,0,489571,0,0,0,0,0,0,1,Etienne,FALSE,has joined FC Fredericia permanently.,2025-09-02T12:51:25.510909Z,40,489571.jpg,0.0,FALSE,Green,0.2,FALSE,NA,u,3,90,4943,0,34808,0,0.0,0.0,,241,2024-08-07,2000-07-19,FALSE,p489571,0,0,0,0,0,0,0,0,0,0,0.0,0.0,0.0,0.0,0,0,0,0,0,0.00,0.00,0.00,0.00,NA,,NA,,NA,,,,603,79,594,68,563,53,606,79,0,0,0,0,0,0,706,57,473,71,614,79,417,59,0,0,0,0.00,0,0
185,Hladky,GKP,Burnley,BUR,2,3.9,0,0,0,0.0,0.0,0.0,0,0,TRUE,FALSE,NA,NA,51943,0,0,-1,1,0,0,1,Václav,FALSE,,NA,39,51943.jpg,0.0,FALSE,Hladký,0.1,FALSE,NA,a,3,90,15797,0,22780,0,0.0,0.0,,57,2024-07-19,1990-11-14,FALSE,p51943,0,0,0,0,0,0,0,0,0,0,0.0,0.0,0.0,0.0,0,0,0,0,0,0.00,0.00,0.00,0.00,NA,,NA,,NA,,,,549,45,531,25,500,10,552,45,0,0,0,0,0,0,759,69,408,32,560,45,422,60,0,0,0,0.00,0,0
186,Roberts,DEF,Burnley,BUR,2,4.3,0,0,0,0.0,0.0,0.0,0,0,TRUE,FALSE,100,75,192290,0,0,-2,2,0,0,2,Connor,FALSE,,2025-08-22T12:30:06.986449Z,43,192290.jpg,0.0,FALSE,Roberts,0.0,FALSE,NA,a,3,90,1907,0,9487,0,0.0,0.0,,244,2021-08-31,1995-09-23,FALSE,p192290,0,0,0,0,0,0,0,0,0,0,0.0,0.0,0.0,0.0,0,0,0,0,0,0.00,0.00,0.00,0.00,NA,,NA,,NA,,,,656,256,651,256,627,255,659,256,0,0,0,0,0,0,590,127,544,229,667,256,657,233,0,0,0,0.00,0,0
187,Walker,DEF,Burnley,BUR,2,4.4,70,0,2,1.3,1.7,1.7,2,3095,TRUE,FALSE,100,100,58621,0,0,-1,1,0,1,2,Kyle,FALSE,,2025-12-06T20:00:09.097987Z,44,58621.jpg,1.9,FALSE,Walker,1.2,FALSE,NA,a,3,90,173367,0,277687,0,0.4,15.9,,241,2025-07-05,1990-05-28,FALSE,p58621,4,66,0,0,0,9,0,0,3,242,506.0,237.2,28.0,77.4,156,155,56,212,35,0.15,1.29,1.44,67.53,NA,,NA,,NA,,,,130,56,174,45,384,134,212,75,0,0,0.04,0.04,1.96,1.92,530,99,201,70,361,135,184,71,1.02,0.12,6.16,0.15,0,2
188,Delcroix,DEF,Burnley,BUR,2,3.8,0,0,0,0.0,0.0,0.0,0,0,TRUE,FALSE,0,0,247245,0,0,-2,2,0,0,2,Hannes,FALSE,has joined Lugano permanently.,2026-01-07T10:23:30.095250Z,38,247245.jpg,0.0,FALSE,Delcroix,0.2,FALSE,NA,u,3,90,26052,0,44063,0,0.0,0.0,,92,2023-08-22,1999-02-28,FALSE,p247245,0,0,0,0,0,0,0,0,0,0,0.0,0.0,0.0,0.0,0,0,0,0,0,0.00,0.00,0.00,0.00,NA,,NA,,NA,,,,535,190,516,189,484,184,538,190,0,0,0,0,0,0,808,240,389,140,546,190,398,148,0,0,0,0.00,0,0
189,Dodgson,DEF,Burnley,BUR,2,4,0,0,0,0.0,0.0,0.0,0,0,TRUE,FALSE,0,0,461567,0,0,0,0,0,0,2,Owen,FALSE,Has joined Stockport County on loan for the rest of the season.,2025-08-11T01:08:30.737822Z,40,461567.jpg,0.0,FALSE,Dodgson,0.0,FALSE,NA,u,3,90,0,0,2401,0,0.0,0.0,,241,2021-08-20,2003-03-19,FALSE,p461567,0,0,0,0,0,0,0,0,0,0,0.0,0.0,0.0,0.0,0,0,0,0,0,0.00,0.00,0.00,0.00,NA,,NA,,NA,,,,596,220,587,219,556,215,599,220,0,0,0,0,0,0,698,174,466,180,607,220,737,254,0,0,0,0.00,0,0
190,Ekdal,DEF,Burnley,BUR,2,3.8,52,0,0,1.0,0.0,0.0,0,1539,TRUE,FALSE,NA,NA,478969,0,0,-2,2,0,0,2,Hjalmar,FALSE,,NA,38,478969.jpg,2.7,FALSE,Ekdal,0.7,FALSE,NA,a,3,90,254868,0,221213,0,0.0,13.7,,206,2023-01-21,1998-10-21,FALSE,p478969,2,34,0,0,0,0,0,0,2,159,372.0,55.8,88.0,51.7,150,49,24,174,17,0.25,0.32,0.57,31.03,NA,,NA,,NA,,,,200,84,358,126,304,92,297,93,0.01,0,0.02,0.03,1.81,1.99,816,247,394,144,231,91,234,89,0.99,0.12,10.18,0.25,0.01,2
191,Esteve,DEF,Burnley,BUR,2,3.8,85,0,0,2.7,1.7,1.7,0,2933,TRUE,FALSE,100,100,477717,0,0,-2,2,0,0,2,Maxime,FALSE,,2026-01-15T19:30:09.554033Z,38,477717.jpg,2.5,FALSE,Estève,7.0,FALSE,NA,a,3,90,846727,0,2123523,0,0.4,22.4,,73,2024-06-14,2002-05-26,FALSE,p477717,3,70,2,0,0,1,0,0,0,264,745.4,92.5,97.0,93.7,290,114,44,334,34,0.73,0.59,1.32,67.06,NA,,NA,,NA,,,,42,17,305,99,288,84,167,56,0.02,0,0.02,0.04,2.06,2.15,815,246,197,66,270,105,63,20,1.04,0.09,10.25,0.73,0.02,2
192,Hartman,DEF,Burnley,BUR,2,4,63,0,6,0.3,0.0,0.0,0,1825,TRUE,FALSE,NA,NA,494960,0,0,0,0,0,0,2,Quilindschy,FALSE,,NA,40,494960.jpg,3.0,FALSE,Hartman,0.6,FALSE,NA,a,3,90,192912,0,194950,0,0.0,15.8,,152,2025-06-26,2001-11-14,FALSE,p494960,3,40,0,0,0,1,0,0,0,228,422.2,288.8,83.0,79.5,101,69,52,153,21,0.32,1.98,2.30,42.91,NA,,NA,,NA,,,,170,70,153,40,307,94,204,71,0.02,0,0.1,0.12,2.12,1.97,711,180,478,185,189,74,258,96,1.04,0.15,7.55,0.32,0.02,2
193,Humphreys,DEF,Burnley,BUR,2,3.9,47,0,2,0.3,1.0,1.0,2,1574,TRUE,FALSE,100,100,461188,0,0,-1,1,0,0,2,Bashir,FALSE,,2025-12-05T17:00:09.488823Z,39,461188.jpg,2.4,FALSE,Humphreys,0.1,FALSE,NA,a,3,90,22842,0,20690,0,0.3,12.1,,241,2025-07-01,2003-03-15,FALSE,p461188,2,33,0,0,0,6,0,0,1,210,379.0,135.6,101.0,61.4,114,69,27,141,17,0.42,0.68,1.10,35.30,NA,,NA,,NA,,,,193,79,264,71,285,83,265,87,0.02,0,0.04,0.06,2.02,1.89,779,223,253,89,286,110,455,170,0.97,0.11,8.06,0.42,0.02,2
194,Jordan,DEF,Burnley,BUR,2,3.9,0,0,0,0.0,0.0,0.0,0,0,TRUE,FALSE,0,0,241231,0,0,-1,1,0,0,2,Jordan,FALSE,Hamstring injury - Expected back 01 Jun,2025-08-22T12:30:07.019474Z,39,241231.jpg,0.0,FALSE,Beyer,0.1,FALSE,NA,i,3,90,2385,0,15994,0,0.0,0.0,,80,2023-07-01,2000-05-19,FALSE,p241231,0,0,0,0,0,0,0,0,0,0,0.0,0.0,0.0,0.0,0,0,0,0,0,0.00,0.00,0.00,0.00,NA,,NA,,NA,,,,559,202,544,201,513,197,562,202,0,0,0,0,0,0,775,220,421,157,570,202,569,203,0,0,0,0.00,0,0
195,Lucas Pires,DEF,Burnley,BUR,2,3.8,25,0,0,1.0,1.3,1.3,2,1405,TRUE,FALSE,100,100,549329,0,0,-2,2,0,0,2,Lucas,FALSE,,2025-12-06T20:30:09.199109Z,38,549329.jpg,1.2,FALSE,Pires Silva,0.3,FALSE,NA,a,3,90,50650,0,44866,0,0.3,6.6,Lucas Pires,30,2024-07-16,2001-03-24,FALSE,p549329,1,30,0,0,0,1,1,0,0,127,247.0,294.6,117.0,65.6,64,86,29,93,15,0.60,1.46,2.06,28.19,NA,,NA,,NA,,,,278,109,148,38,267,74,251,84,0.04,0,0.09,0.13,1.81,1.92,827,257,225,79,452,162,351,128,0.96,0.06,5.96,0.60,0.04,2
196,Sambo,DEF,Burnley,BUR,2,4,0,0,0,0.0,0.0,0.0,0,0,TRUE,FALSE,0,0,450072,0,0,0,0,0,0,2,Shurandy,FALSE,has joined Sparta Rotterdam on loan for the rest of the season.,2025-08-19T13:36:42.853472Z,40,450072.jpg,0.0,FALSE,Sambo,0.0,FALSE,NA,u,3,90,202,0,9743,0,0.0,0.0,,152,2024-06-28,2001-08-19,FALSE,p450072,0,0,0,0,0,0,0,0,0,0,0.0,0.0,0.0,0.0,0,0,0,0,0,0.00,0.00,0.00,0.00,NA,,NA,,NA,,,,595,219,586,218,555,214,598,219,0,0,0,0,0,0,696,172,464,178,606,219,624,222,0,0,0,0.00,0,0
197,Sonne,DEF,Burnley,BUR,2,3.8,13,1,0,0.0,0.0,0.0,0,164,TRUE,FALSE,0,0,519895,0,0,-2,2,0,0,2,Oliver,FALSE,has joined Sparta Prague on loan for the rest of the season.,2026-02-02T13:40:27.470555Z,38,519895.jpg,1.9,FALSE,Sonne,0.2,FALSE,NA,u,3,90,34622,0,37617,0,0.0,3.4,,169,2025-01-01,2000-11-10,FALSE,p519895,0,4,0,0,0,0,0,0,0,20,44.8,18.1,30.0,9.2,5,4,2,7,1,0.55,0.08,0.63,3.79,NA,,NA,,NA,,,,435,160,417,153,379,130,437,158,0.3,0,0.04,0.34,2.08,2.2,822,252,400,149,359,133,411,152,0.55,0,3.84,0.55,0.3,0
198,Tuanzebe,DEF,Burnley,BUR,2,3.9,34,1,0,1.7,2.3,2.3,2,1201,TRUE,FALSE,100,100,180804,0,0,-1,1,0,0,2,Axel,FALSE,,2026-02-10T15:00:10.247449Z,39,180804.jpg,2.4,FALSE,Tuanzebe,0.9,FALSE,NA,a,3,90,141356,0,304187,0,0.6,8.7,,50,2025-07-01,1997-11-14,FALSE,p180804,1,26,1,0,0,1,0,0,0,102,276.4,11.1,52.0,34.1,106,40,14,120,14,0.61,0.12,0.73,29.70,NA,,NA,,NA,,,,262,104,435,158,345,114,356,119,0.05,0,0.01,0.06,2.23,1.95,770,218,149,51,285,109,214,83,1.05,0.07,8.99,0.61,0.05,2
199,Worrall,DEF,Burnley,BUR,2,3.8,20,0,0,0.0,0.0,0.0,0,496,TRUE,FALSE,100,100,208912,0,0,-2,2,0,0,2,Joe,FALSE,,2026-01-22T20:00:06.979570Z,38,208912.jpg,1.8,FALSE,Worrall,0.2,FALSE,NA,a,3,90,31852,0,31249,0,0.0,5.3,,241,2024-08-23,1997-01-10,FALSE,p208912,0,11,0,0,0,0,0,0,0,40,147.4,1.5,19.0,17.0,72,10,4,76,5,0.08,0.02,0.10,11.68,NA,,NA,,NA,,,,349,132,485,174,406,146,408,146,0.01,0,0,0.01,2.12,2,805,237,386,137,373,136,397,147,0.91,0,13.79,0.08,0.01,2
200,Anthony,MID,Burnley,BUR,2,5,127,8,4,4.7,3.7,3.7,2,2717,TRUE,FALSE,100,100,444180,0,0,-5,5,0,2,3,Jaidon,FALSE,,2025-10-07T11:30:07.662899Z,50,444180.jpg,3.4,FALSE,Anthony,2.4,FALSE,NA,a,3,90,1365842,0,1162272,0,0.7,25.4,,241,2025-07-01,1999-12-01,FALSE,p444180,4,59,0,0,0,4,0,0,6,513,586.8,552.2,619.0,175.8,49,141,42,232,32,5.11,2.85,7.96,59.00,2,,NA,,NA,,,,88,29,46,40,31,15,35,27,0.17,0,0.09,0.26,1.95,1.95,261,157,88,40,130,55,127,41,1.06,0.13,7.68,5.11,0.17,2
201,Benson,MID,Burnley,BUR,2,5.4,0,0,0,0.0,0.0,0.0,0,0,TRUE,FALSE,0,0,183751,0,0,-1,1,0,0,3,Manuel,FALSE,has joined Maccabi Haifa permanently.,2025-09-22T21:45:34.872207Z,54,183751.jpg,0.0,FALSE,Benson Hedilazio,0.0,FALSE,NA,u,3,90,1070,0,3162,0,0.0,0.0,,6,2022-08-04,1997-03-28,FALSE,p183751,0,0,0,0,0,0,0,0,0,0,0.0,0.0,0.0,0.0,0,0,0,0,0,0.00,0.00,0.00,0.00,NA,,NA,,NA,,,,821,365,821,365,820,365,821,365,0,0,0,0,0,0,156,96,794,348,821,365,724,301,0,0,0,0.00,0,0
202,Bruun Larsen,MID,Burnley,BUR,2,5.2,41,0,1,0.7,1.0,1.0,1,1014,TRUE,FALSE,100,100,179458,0,0,-3,3,0,0,3,Jacob,FALSE,,2025-09-14T22:00:08.065375Z,52,179458.jpg,1.5,FALSE,Bruun Larsen,0.0,FALSE,NA,a,3,90,6779,0,9341,0,0.2,7.9,,58,2025-07-11,1998-09-19,FALSE,p179458,3,29,0,0,0,0,0,0,0,123,121.0,212.4,140.0,47.4,20,31,12,63,10,1.37,1.16,2.53,23.46,NA,,2,,3,,,,374,168,192,126,240,132,316,154,0.12,0,0.1,0.22,2.08,2.57,204,126,271,120,425,184,625,239,0.89,0.27,5.59,1.37,0.12,2
203,Boateng,MID,Burnley,BUR,2,4.7,0,0,0,0.0,0.0,0.0,0,0,TRUE,FALSE,NA,NA,578614,0,0,-3,3,0,0,3,Enock,FALSE,,NA,47,578614.jpg,0.0,FALSE,Agyei,0.0,FALSE,NA,a,3,90,4924,0,7888,0,0.0,0.0,,21,2023-01-30,2005-01-13,FALSE,p578614,0,0,0,0,0,0,0,0,0,0,0.0,0.0,0.0,0.0,0,0,0,0,0,0.00,0.00,0.00,0.00,NA,,NA,,NA,,,,786,340,782,340,774,338,786,340,0,0,0,0,0,0,394,245,716,294,786,340,591,220,0,0,0,0.00,0,0
204,Churlinov,MID,Burnley,BUR,2,4.9,0,0,0,0.0,0.0,0.0,0,0,TRUE,FALSE,0,0,250735,0,0,-1,1,0,0,3,Darko,FALSE,has joined Kocaelispor  permanently.,2025-09-02T12:51:25.524903Z,49,250735.jpg,0.0,FALSE,Churlinov,0.0,FALSE,NA,u,3,90,160,0,2095,0,0.0,0.0,,NA,2022-08-19,2000-07-11,FALSE,p250735,0,0,0,0,0,0,0,0,0,0,0.0,0.0,0.0,0.0,0,0,0,0,0,0.00,0.00,0.00,0.00,NA,,NA,,NA,,,,794,345,790,345,787,344,794,345,0,0,0,0,0,0,314,195,737,308,794,345,736,308,0,0,0,0.00,0,0
205,Cullen,MID,Burnley,BUR,2,4.9,70,2,2,0.0,0.0,0.0,0,1513,TRUE,FALSE,0,0,172567,0,0,-1,1,0,1,3,Josh,FALSE,Knee injury - Expected back 30 Sep,2025-12-27T22:00:11.404644Z,49,172567.jpg,3.9,FALSE,Cullen,0.8,FALSE,NA,i,3,90,568832,0,546077,0,0.0,14.3,,104,2022-07-12,1996-04-07,FALSE,p172567,3,29,1,0,0,2,0,0,8,321,342.0,218.1,98.0,66.0,68,73,32,173,18,0.94,1.36,2.30,32.50,NA,,NA,,NA,,,https://burnleyfootballclub.com/content/parkers-points-post-everton-h?utm_source=premier_league&utm_medium=referral&utm_campaign=fantasy&utm_content=injuries-flag,215,87,184,121,287,153,249,123,0.06,0,0.08,0.14,1.93,1.73,293,181,729,303,73,33,222,76,1.07,0.18,10.29,0.94,0.06,2
206,Edwards,MID,Burnley,BUR,2,4.7,51,1,3,0.0,0.3,0.3,1,1058,TRUE,FALSE,100,100,174592,0,0,-3,3,0,0,3,Marcus,FALSE,,2026-03-12T16:30:09.774276Z,47,174592.jpg,2.2,FALSE,Edwards,0.1,FALSE,NA,a,3,90,27070,0,29360,0,0.1,10.9,,241,2025-07-01,1998-12-03,FALSE,p174592,1,18,0,0,0,0,0,0,2,189,180.0,283.9,226.0,68.9,6,50,11,67,11,1.49,1.84,3.33,24.61,NA,,3,,NA,,,,324,144,155,102,160,89,241,117,0.13,0,0.16,0.29,2.09,1.53,381,237,351,156,319,133,506,185,0.94,0.09,5.7,1.49,0.13,2
207,Hannibal,MID,Burnley,BUR,2,4.7,59,1,5,2.0,2.3,2.3,1,1219,TRUE,FALSE,100,100,465527,0,0,-3,3,0,0,3,Hannibal,FALSE,,2026-05-14T16:30:09.813490Z,47,465527.jpg,2.2,FALSE,Mejbri,0.1,FALSE,NA,a,3,90,32332,0,36840,0,0.5,12.6,,218,2024-08-28,2003-01-21,FALSE,p465527,2,27,0,0,0,10,0,0,4,261,252.8,330.9,128.0,71.0,17,65,29,111,15,0.91,2.08,2.98,28.29,NA,,NA,,NA,,,,275,117,125,86,254,140,233,114,0.07,0,0.15,0.22,2.09,1.99,388,241,154,67,320,134,435,148,1.11,0.15,8.2,0.91,0.07,2
208,Koleosho,MID,Burnley,BUR,2,5,0,0,0,0.0,0.0,0.0,0,0,TRUE,FALSE,0,0,487702,0,0,0,0,0,0,3,Luca,FALSE,has joined Paris FC on loan for the rest of the season.,2025-08-22T14:15:37.649817Z,50,487702.jpg,0.0,FALSE,Koleosho,0.0,FALSE,NA,u,3,90,68,0,3043,0,0.0,0.0,,106,2023-07-25,2004-09-15,FALSE,p487702,0,0,0,0,0,0,0,0,0,0,0.0,0.0,0.0,0.0,0,0,0,0,0,0.00,0.00,0.00,0.00,NA,,NA,,NA,,,,811,358,810,358,807,357,811,358,0,0,0,0,0,0,265,160,764,326,811,358,746,315,0,0,0,0.00,0,0
209,Laurent,MID,Burnley,BUR,2,4.8,56,1,0,1.0,0.7,0.7,0,1752,TRUE,FALSE,100,100,167887,0,0,-2,2,0,0,3,Josh,FALSE,,2026-03-21T19:00:09.962836Z,48,167887.jpg,1.7,FALSE,Laurent,0.0,FALSE,NA,a,3,90,6524,0,7502,0,0.1,11.7,,241,2024-08-30,1995-05-06,FALSE,p167887,2,41,0,0,0,6,1,0,1,232,298.0,185.1,111.0,58.6,74,64,48,186,18,0.87,0.48,1.35,39.20,NA,,NA,,NA,,,,247,105,220,145,273,148,273,138,0.04,0,0.02,0.06,2.01,2.11,346,217,302,131,402,173,628,241,0.92,0.1,9.55,0.87,0.04,2
210,Tchaouna,MID,Burnley,BUR,2,4.8,59,2,2,4.0,3.7,3.7,5,1259,TRUE,FALSE,NA,NA,469272,0,0,-2,2,0,0,3,Loum,FALSE,,NA,48,469272.jpg,2.0,FALSE,Tchaouna,0.0,FALSE,NA,a,3,90,6578,0,6410,0,0.8,12.3,,73,2025-07-02,2003-09-08,FALSE,p469272,2,24,0,0,0,2,0,0,0,208,185.8,231.1,173.0,59.3,13,38,18,69,14,1.27,0.91,2.18,25.04,NA,,4,,NA,,,,319,140,179,116,214,115,270,135,0.09,0,0.07,0.16,1.79,1.72,364,227,84,39,352,151,603,228,1,0.14,4.93,1.27,0.09,2
211,A.Ramsey,MID,Burnley,BUR,2,4.4,0,0,0,0.0,0.0,0.0,0,0,TRUE,FALSE,0,0,447715,0,0,-1,1,0,0,3,Aaron,FALSE,has joined Leicester City on loan for the rest of the season.,2025-09-02T12:51:25.540742Z,44,447715.jpg,0.0,FALSE,Ramsey,1.4,FALSE,NA,u,3,90,62789,0,934900,0,0.0,0.0,,241,2023-08-22,2003-01-21,FALSE,p447715,0,0,0,0,0,0,0,0,0,0,0.0,0.0,0.0,0.0,0,0,0,0,0,0.00,0.00,0.00,0.00,NA,,NA,,NA,,,,678,255,674,258,653,249,680,257,0,0,0,0,0,0,552,331,584,197,687,263,171,59,0,0,0,0.00,0,0
212,Adewumi,MID,Burnley,BUR,2,4.5,0,0,0,0.0,0.0,0.0,0,0,TRUE,FALSE,0,0,576323,0,0,0,0,0,0,3,Oluwaseun,FALSE,Has joined Cercle Brugge on loan for the rest of the season.,2025-08-15T12:03:26.649417Z,45,576323.jpg,0.0,FALSE,Adewumi,0.0,FALSE,NA,u,3,90,0,0,2773,0,0.0,0.0,,14,2024-08-29,2005-02-23,FALSE,p576323,0,0,0,0,0,0,0,0,0,0,0.0,0.0,0.0,0.0,0,0,0,0,0,0.00,0.00,0.00,0.00,NA,,NA,,NA,,,,747,309,741,309,727,305,748,310,0,0,0,0,0,0,482,294,664,256,750,311,778,334,0,0,0,0.00,0,0
213,Banel,MID,Burnley,BUR,2,4.5,1,0,0,0.0,0.0,0.0,0,9,TRUE,FALSE,0,0,551206,0,0,0,0,0,0,3,Jaydon,FALSE,has joined Derby County on loan for the rest of the season.,2026-01-30T16:34:44.759908Z,45,551206.jpg,1.0,FALSE,Banel,0.0,FALSE,NA,u,3,90,7482,0,9313,0,0.0,0.2,,152,2025-02-03,2004-10-19,FALSE,p551206,0,0,0,0,0,0,0,0,0,2,0.0,0.5,0.0,0.0,0,0,0,0,0,0.00,0.00,0.00,0.05,NA,,NA,,NA,,,,734,299,493,237,712,294,735,300,0,0,0,0,0.5,0,465,283,649,245,491,219,631,242,0,0,0,0.00,0,0
214,Tresor,MID,Burnley,BUR,2,4.3,6,0,0,0.0,0.0,0.0,0,37,TRUE,FALSE,100,100,437748,0,0,-2,2,0,0,3,Mike,FALSE,,2026-03-12T16:30:09.782279Z,43,437748.jpg,1.0,FALSE,Trésor Ndayishimiye,0.1,FALSE,NA,a,3,90,20926,0,18890,0,0.0,1.4,,21,2024-07-01,1999-05-28,FALSE,p437748,0,2,0,0,0,0,0,0,0,18,7.2,15.2,2.0,2.4,0,4,1,5,0,0.00,0.00,0.00,1.65,NA,,NA,,NA,,,,487,218,423,207,459,225,484,218,0,0,0,0,4.01,4.86,596,354,548,176,475,206,479,169,0,0,12.16,0.00,0,0
215,Flemming,FWD,Burnley,BUR,2,5.3,99,11,0,2.7,5.0,5.0,9,1764,TRUE,FALSE,100,100,431639,0,0,-2,2,0,1,4,Zian,FALSE,,2026-03-12T16:30:09.790733Z,53,431639.jpg,3.4,FALSE,Flemming,0.8,FALSE,NA,a,3,90,262246,0,184453,0,0.9,18.7,,152,2025-06-01,1998-08-01,FALSE,p431639,3,35,0,0,0,5,0,0,11,371,466.0,159.5,533.0,114.9,49,33,17,99,21,7.94,0.41,8.35,37.06,NA,,5,,1,,,,146,15,242,27,49,21,110,19,0.41,0,0.02,0.43,1.89,1.79,188,43,37,6,135,13,219,32,1.07,0.15,5.05,7.94,0.41,2
216,Amdouni,FWD,Burnley,BUR,2,4.8,4,0,0,1.0,1.0,1.0,1,69,TRUE,FALSE,100,100,492831,0,0,-2,2,0,0,4,Zeki,FALSE,,2025-08-10T22:00:04.567659Z,48,492831.jpg,1.0,FALSE,Amdouni,0.0,FALSE,NA,a,3,90,2934,0,6873,0,0.2,0.8,,207,2023-07-19,2000-12-04,FALSE,p492831,0,0,0,0,0,0,0,0,0,10,2.6,5.1,20.0,2.6,0,1,0,1,0,0.24,0.02,0.26,0.79,NA,,NA,,NA,,,,508,58,463,58,404,58,482,58,0.31,0,0.03,0.34,1.03,0,368,63,263,31,506,61,668,86,0,0,1.3,0.24,0.31,0
217,Foster,FWD,Burnley,BUR,2,4.9,58,3,2,0.3,0.3,0.3,0,1361,TRUE,FALSE,100,100,435973,0,0,-1,1,0,0,4,Lyle,FALSE,,2025-12-13T14:30:11.187944Z,49,435973.jpg,2.2,FALSE,Foster,0.7,FALSE,NA,a,3,90,458423,0,455566,0,0.1,11.8,,198,2023-01-25,2000-09-03,FALSE,p435973,4,30,0,0,0,4,0,0,4,202,219.0,147.0,262.0,62.1,27,42,16,85,15,3.22,0.37,3.59,27.91,NA,,NA,,NA,,,,296,30,255,30,135,36,261,32,0.21,0,0.02,0.23,1.85,1.98,318,60,361,46,323,34,227,34,0.99,0.26,5.62,3.22,0.21,2
218,Barnes,FWD,Burnley,BUR,2,4.2,5,0,0,0.0,0.0,0.0,0,40,TRUE,FALSE,NA,NA,44699,0,0,-3,3,0,0,4,Ashley,FALSE,,NA,42,44699.jpg,0.9,FALSE,Barnes,1.2,FALSE,NA,a,3,90,240204,0,378250,0,0.0,1.2,,241,2025-01-02,1989-10-30,FALSE,p44699,0,3,0,0,0,2,0,0,0,11,2.2,1.9,44.0,4.8,0,2,0,2,0,0.25,0.04,0.29,2.37,NA,,NA,,2,,,,509,59,480,61,351,54,465,57,0.56,0,0.09,0.65,5.33,6.75,632,90,526,51,523,65,180,28,0,0,4.5,0.25,0.56,0
219,Obafemi,FWD,Burnley,BUR,2,4.4,0,0,0,0.0,0.0,0.0,0,0,TRUE,FALSE,0,0,220598,0,0,-1,1,0,0,4,Michael,FALSE,has joined Blackpool on loan for the rest of the season.,2025-09-02T12:51:25.555230Z,44,220598.jpg,0.0,FALSE,Obafemi,0.1,FALSE,NA,u,3,90,4151,0,40849,0,0.0,0.0,,104,2023-07-01,2000-07-06,FALSE,p220598,0,0,0,0,0,0,0,0,0,0,0.0,0.0,0.0,0.0,0,0,0,0,0,0.00,0.00,0.00,0.00,NA,,NA,,NA,,,,675,70,671,69,650,68,677,70,0,0,0,0,0,0,541,78,579,58,684,71,475,67,0,0,0,0.00,0,0
470,Dubravka,GKP,Burnley,BUR,2,4,96,0,0,0.7,0.0,0.0,0,3150,TRUE,FALSE,100,100,67089,0,0,0,0,0,2,1,Martin,FALSE,,2025-08-11T10:30:07.723845Z,40,67089.jpg,2.7,FALSE,Dúbravka,25.7,FALSE,NA,a,3,90,1829372,0,2397331,0,0.0,24.0,,194,2025-08-07,1989-01-15,FALSE,p67089,4,71,0,0,0,1,0,127,7,436,976.4,0.0,0.0,97.9,59,291,1,0,35,0.00,0.04,0.04,71.26,NA,,NA,,NA,,,,8,1,568,52,537,37,156,1,0,3.63,0,0,2.04,2.03,674,41,445,56,232,26,10,2,1,0.11,0,0.00,0,0
614,W-Prowse,MID,Burnley,BUR,2,5.6,40,0,1,1.3,1.0,1.0,1,1092,TRUE,FALSE,100,100,101178,0,0,-4,4,0,0,3,James,FALSE,,2026-02-06T15:00:09.506764Z,56,101178.jpg,2.2,FALSE,Ward-Prowse,0.2,FALSE,NA,a,3,90,25730,0,53072,0,0.2,7.1,,241,2026-01-28,1994-11-01,FALSE,p101178,2,27,0,0,0,1,0,0,0,248,215.0,384.4,22.0,62.1,44,49,16,109,12,0.24,1.87,2.11,23.32,1,,1,,NA,,,,300,127,102,73,400,199,262,129,0.02,0,0.15,0.17,1.92,2.23,123,77,279,123,328,140,386,132,0.99,0.16,8.98,0.24,0.02,2
676,Ugochukwu,MID,Burnley,BUR,2,5,97,3,3,2.3,3.0,3.0,2,2330,TRUE,FALSE,100,100,503714,0,0,0,0,0,0,3,Lesley,FALSE,,2025-09-14T22:00:08.706775Z,50,503714.jpg,2.8,FALSE,Ugochukwu,0.1,FALSE,NA,a,3,90,45849,0,42639,0,0.6,19.4,,73,2025-08-06,2004-03-26,FALSE,p503714,3,51,0,0,0,1,1,0,5,374,412.2,181.5,210.0,80.2,63,100,51,214,27,2.50,0.41,2.91,52.82,NA,,NA,,NA,,,,177,67,224,147,172,93,202,96,0.1,0,0.02,0.12,2.04,1.97,271,165,123,53,224,86,465,160,1.04,0.12,8.27,2.50,0.1,2
680,Broja,FWD,Burnley,BUR,2,5.2,43,1,1,0.3,0.0,0.0,0,843,TRUE,FALSE,100,100,440323,0,0,-3,3,0,0,4,Armando,FALSE,,2026-03-12T16:30:09.984210Z,52,440323.jpg,1.8,FALSE,Broja,0.1,FALSE,NA,a,3,90,48666,0,61932,0,0.0,8.3,,2,2025-08-08,2001-09-10,FALSE,p440323,1,27,0,0,0,0,0,0,2,119,102.0,78.9,207.0,38.5,12,26,6,44,8,2.14,0.22,2.36,23.35,NA,,NA,,NA,,,,390,45,330,42,177,41,340,43,0.23,0,0.02,0.25,2.49,2.88,212,47,782,82,386,42,426,62,0.85,0.11,4.7,2.14,0.23,2
722,Florentino,MID,Burnley,BUR,2,5,84,0,2,3.0,4.0,4.0,4,2100,TRUE,FALSE,NA,NA,216055,0,0,0,0,0,0,3,Florentino Ibrain,FALSE,,NA,50,216055.jpg,2.7,FALSE,Morris Luís,0.0,FALSE,NA,a,3,90,16099,0,14204,0,0.8,16.8,Florentino,173,2025-09-01,1999-08-19,FALSE,p216055,2,45,0,0,0,6,0,0,0,357,421.0,234.5,56.0,71.4,111,113,89,313,25,0.64,0.52,1.16,46.26,NA,,NA,,NA,,,,172,64,177,114,341,177,232,113,0.03,0,0.02,0.05,1.98,1.93,251,150,68,27,243,96,607,231,1.07,0.09,13.41,0.64,0.03,2
776,Pimlott,MID,Burnley,BUR,2,4.5,0,0,0,0.0,0.0,0.0,0,0,TRUE,FALSE,NA,NA,647960,0,0,0,0,0,0,3,Oliver,FALSE,,NA,45,647960.jpg,0.0,FALSE,Pimlott,0.0,FALSE,NA,a,3,90,985,0,781,0,0.0,0.0,,241,2025-08-25,2007-04-07,FALSE,p647960,0,0,0,0,0,0,0,0,0,0,0.0,0.0,0.0,0.0,0,0,0,0,0,0.00,0.00,0.00,0.00,NA,,NA,,NA,,,,776,332,769,331,756,328,776,332,0,0,0,0,0,0,518,323,696,282,776,332,794,345,0,0,0,0.00,0,0
784,Brierley,MID,Burnley,BUR,2,4.5,0,0,0,0.0,0.0,0.0,0,0,TRUE,FALSE,NA,NA,704232,0,0,0,0,0,0,3,George,FALSE,,NA,45,704232.jpg,0.0,FALSE,Brierley,0.0,FALSE,NA,a,3,90,583,0,464,0,0.0,0.0,,241,2025-09-22,2007-11-20,FALSE,p704232,0,0,0,0,0,0,0,0,0,0,0.0,0.0,0.0,0.0,0,0,0,0,0,0.00,0.00,0.00,0.00,NA,,NA,,NA,,,,783,337,777,337,765,335,783,337,0,0,0,0,0,0,528,330,704,288,783,337,801,350,0,0,0,0.00,0,0
820,McMahon-Brown,MID,Burnley,BUR,2,4.5,0,0,0,0.0,0.0,0.0,0,0,TRUE,FALSE,NA,NA,644593,0,0,0,0,0,0,3,Kian,FALSE,,NA,45,644593.jpg,0.0,FALSE,McMahon-Brown,0.0,FALSE,NA,a,3,90,256,0,132,0,0.0,0.0,,104,2026-03-02,2008-08-03,FALSE,p644593,0,0,0,0,0,0,0,0,0,0,0.0,0.0,0.0,0.0,0,0,0,0,0,0.00,0.00,0.00,0.00,NA,,NA,,NA,,,,775,331,768,330,755,327,775,331,0,0,0,0,0,0,517,322,695,281,775,331,814,359,0,0,0,0.00,0,0
66,Neto_N,GKP,Bournemouth,BOU,3,4.5,0,0,0,0.0,0.0,0.0,0,0,TRUE,FALSE,0,0,69752,0,0,0,0,0,0,1,Norberto,FALSE,Has joined Botafogo permanently.,2025-08-11T01:25:12.553868Z,45,69752.jpg,0.0,FALSE,Murara Neto,0.1,FALSE,NA,u,4,91,0,0,16686,0,0.0,0.0,,30,2022-08-07,1989-07-19,FALSE,p69752,0,0,0,0,0,0,0,0,0,0,0.0,0.0,0.0,0.0,0,0,0,0,0,0.00,0.00,0.00,0.00,NA,,NA,,NA,,,,699,95,694,89,675,79,701,95,0,0,0,0,0,0,409,23,610,91,705,95,575,78,0,0,0,0.00,0,0
67,Petrovic,GKP,Bournemouth,BOU,3,4.6,124,0,0,5.0,4.0,4.0,3,3420,TRUE,FALSE,NA,NA,457569,0,0,1,-1,0,0,1,Đorđe,FALSE,,NA,46,457569.jpg,3.3,FALSE,Petrović,5.2,FALSE,NA,a,4,91,1218516,0,969552,0,0.9,27.0,,190,2025-07-16,1999-10-08,FALSE,p457569,11,54,1,0,0,3,0,109,5,512,822.6,0.0,0.0,82.4,62,285,0,0,38,0.00,0.00,0.00,56.72,NA,,NA,,NA,,,,28,7,778,91,767,82,196,8,0,2.87,0,0,1.49,1.42,402,20,66,5,146,18,74,11,1,0.29,0,0.00,0,0
68,Dennis,GKP,Bournemouth,BOU,3,4,0,0,0,0.0,0.0,0.0,0,0,TRUE,FALSE,0,0,444172,0,0,0,0,0,0,1,Will,FALSE,has joined Leyton Orient on loan for the rest of the season.,2026-01-02T17:00:09.176943Z,40,444172.jpg,0.0,FALSE,Dennis,0.7,FALSE,NA,u,4,91,47217,0,92983,0,0.0,0.0,,241,2019-08-01,2000-07-10,FALSE,p444172,0,0,0,0,0,0,0,0,0,0,0.0,0.0,0.0,0.0,0,0,0,0,0,0.00,0.00,0.00,0.00,NA,,NA,,NA,,,,594,73,585,62,554,47,597,73,0,0,0,0,0,0,695,51,463,65,605,73,237,31,0,0,0,0.00,0,0
69,McKenna,GKP,Bournemouth,BOU,3,3.9,0,0,0,0.0,0.0,0.0,0,0,TRUE,FALSE,NA,NA,568791,0,0,-1,1,0,0,1,Callan,FALSE,,NA,39,568791.jpg,0.0,FALSE,McKenna,0.2,FALSE,NA,a,4,91,24120,0,23134,0,0.0,0.0,,243,2024-02-01,2006-12-22,FALSE,p568791,0,0,0,0,0,0,0,0,0,0,0.0,0.0,0.0,0.0,0,0,0,0,0,0.00,0.00,0.00,0.00,NA,,NA,,NA,,,,575,64,561,48,530,33,578,64,0,0,0,0,0,0,795,92,438,53,586,64,365,51,0,0,0,0.00,0,0
70,Paulsen,GKP,Bournemouth,BOU,3,4,0,0,0,0.0,0.0,0.0,0,0,TRUE,FALSE,0,0,495145,0,0,0,0,0,0,1,Alex,FALSE,Has joined Lechia Gdansk on loan for the rest of the season.,2025-08-27T12:50:21.648936Z,40,495145.jpg,0.0,FALSE,Paulsen,0.1,FALSE,NA,u,4,91,1107,0,10720,0,0.0,0.0,,154,2024-07-01,2002-07-04,FALSE,p495145,0,0,0,0,0,0,0,0,0,0,0.0,0.0,0.0,0.0,0,0,0,0,0,0.00,0.00,0.00,0.00,NA,,NA,,NA,,,,608,81,599,70,568,55,611,81,0,0,0,0,0,0,712,59,479,73,619,81,581,79,0,0,0,0.00,0,0
71,Zabarnyi,DEF,Bournemouth,BOU,3,5,0,0,0,0.0,0.0,0.0,0,0,TRUE,FALSE,0,0,477580,0,0,0,0,0,0,2,Illia,FALSE,Has joined Paris Saint-Germain permanently.,2025-08-12T13:14:36.028170Z,50,477580.jpg,0.0,FALSE,Zabarnyi,0.0,FALSE,NA,u,4,91,0,0,8231,0,0.0,0.0,,225,2023-01-31,2002-09-01,FALSE,p477580,0,0,0,0,0,0,0,0,0,0,0.0,0.0,0.0,0.0,0,0,0,0,0,0.00,0.00,0.00,0.00,NA,,NA,,NA,,,,810,267,809,267,806,267,810,267,0,0,0,0,0,0,264,40,763,262,810,267,680,240,0,0,0,0.00,0,0
72,Senesi,DEF,Bournemouth,BOU,3,5.2,175,0,6,8.7,4.7,4.7,2,3288,TRUE,FALSE,100,100,221466,0,0,7,-7,0,3,2,Marcos,FALSE,,2025-12-06T22:00:07.547408Z,52,221466.jpg,4.7,FALSE,Senesi Barón,22.0,FALSE,NA,a,4,91,6418141,0,3908148,0,0.9,33.7,,10,2022-08-08,1997-05-10,FALSE,p221466,11,53,0,0,0,8,0,0,14,571,1114.4,367.8,201.0,168.6,357,155,62,419,37,1.53,4.72,6.25,54.77,NA,,NA,,NA,,,,4,2,106,27,186,46,38,4,0.04,0,0.13,0.17,1.5,1.45,208,29,46,21,20,5,12,4,1.01,0.3,11.47,1.53,0.04,2
73,Smith,DEF,Bournemouth,BOU,3,4.4,58,0,2,5.7,6.3,6.3,2,1073,TRUE,FALSE,100,100,54469,0,0,-1,1,0,0,2,Adam,FALSE,,2025-08-31T01:00:07.918421Z,44,54469.jpg,2.6,FALSE,Smith,0.2,FALSE,NA,a,4,91,34595,0,44527,0,1.4,13.2,,241,2014-01-28,1991-04-29,FALSE,p54469,6,16,0,0,0,3,0,0,4,185,176.2,76.6,18.0,27.1,55,29,15,70,14,0.00,0.23,0.23,18.18,NA,,NA,,NA,,,,326,125,332,112,410,150,377,130,0,0,0.02,0.02,1.52,1.34,529,98,8,3,258,99,366,133,1.17,0.5,5.87,0.00,0,2
74,Truffert,DEF,Bournemouth,BOU,3,4.8,165,1,6,6.7,6.3,6.3,6,3378,TRUE,FALSE,NA,NA,494521,0,0,3,-3,0,1,2,Adrien,FALSE,,NA,48,494521.jpg,4.3,FALSE,Truffert,5.3,FALSE,NA,a,4,91,1226091,0,637714,0,1.3,34.4,,73,2025-06-16,2001-11-20,FALSE,p494521,11,51,0,0,0,5,0,0,19,607,857.0,574.2,194.0,162.6,199,188,102,301,38,1.35,3.07,4.42,54.42,NA,,NA,,NA,,,,21,7,42,4,191,49,48,7,0.04,0,0.08,0.12,1.45,1.36,369,63,10,5,41,14,73,23,1.01,0.29,8.02,1.35,0.04,2
75,Akinmboni,DEF,Bournemouth,BOU,3,3.8,0,0,0,0.0,0.0,0.0,0,0,TRUE,FALSE,100,100,541462,0,0,-2,2,0,0,2,Matai,FALSE,,2026-02-13T11:30:08.409580Z,38,541462.jpg,0.0,FALSE,Akinmboni,0.2,FALSE,NA,a,4,91,16680,0,34082,0,0.0,0.0,,229,2025-01-03,2006-10-17,FALSE,p541462,0,0,0,0,0,0,0,0,0,0,0.0,0.0,0.0,0.0,0,0,0,0,0,0.00,0.00,0.00,0.00,NA,,NA,,NA,,,,543,197,525,196,493,191,546,197,0,0,0,0,0,0,823,253,401,150,554,197,384,140,0,0,0,0.00,0,0
76,Bevan,DEF,Bournemouth,BOU,3,3.8,0,0,0,0.0,0.0,0.0,0,0,TRUE,FALSE,NA,NA,518906,0,0,-2,2,0,0,2,Owen,FALSE,,NA,38,518906.jpg,0.0,FALSE,Bevan,0.2,FALSE,NA,a,4,91,16969,0,21996,0,0.0,0.0,,244,2022-08-22,2003-10-26,FALSE,p518906,0,0,0,0,0,0,0,0,0,0,0.0,0.0,0.0,0.0,0,0,0,0,0,0.00,0.00,0.00,0.00,NA,,NA,,NA,,,,542,196,524,195,492,190,545,196,0,0,0,0,0,0,821,251,399,148,553,196,399,149,0,0,0,0.00,0,0
77,Hill,DEF,Bournemouth,BOU,3,4.2,110,0,3,5.7,3.3,3.3,3,2102,TRUE,FALSE,NA,NA,463981,0,0,2,-2,0,0,2,James,FALSE,,NA,42,463981.jpg,3.8,FALSE,Hill,7.4,FALSE,NA,a,4,91,1442738,0,588407,0,0.8,26.2,,241,2022-01-05,2002-01-10,FALSE,p463981,8,24,2,0,0,5,0,0,4,386,579.4,161.7,119.0,86.3,221,74,39,260,22,0.89,1.16,2.04,33.42,NA,,NA,,NA,,,,92,40,233,58,265,72,182,61,0.04,0,0.05,0.09,1.43,1.03,646,146,99,30,78,28,58,16,0.94,0.34,11.13,0.89,0.04,2
78,J.Araujo,DEF,Bournemouth,BOU,3,3.8,0,0,0,0.0,0.0,0.0,0,0,TRUE,FALSE,0,0,436893,0,0,-2,2,0,0,2,Julián,FALSE,has joined Celtic on loan for the rest of the season.,2026-01-02T18:38:26.036808Z,38,436893.jpg,0.0,FALSE,Araujo Zúñiga,0.5,FALSE,NA,u,4,91,47440,0,137203,0,0.0,0.0,,139,2024-08-13,2001-08-13,FALSE,p436893,0,0,0,0,0,0,0,0,0,0,0.0,0.0,0.0,0.0,0,0,0,0,0,0.00,0.00,0.00,0.00,NA,,NA,,NA,,,,536,191,517,190,485,185,539,191,0,0,0,0,0,0,810,242,390,141,547,191,275,103,0,0,0,0.00,0,0
79,Mepham,DEF,Bournemouth,BOU,3,4,0,0,0,0.0,0.0,0.0,0,0,TRUE,FALSE,0,0,223911,0,0,0,0,0,0,2,Chris,FALSE,has joined West Bromwich Albion permanently.,2025-09-02T12:54:34.562307Z,40,223911.jpg,0.0,FALSE,Mepham,0.1,FALSE,NA,u,4,91,1400,0,16891,0,0.0,0.0,,244,2019-01-22,1997-11-05,FALSE,p223911,0,0,0,0,0,0,0,0,0,0,0.0,0.0,0.0,0.0,0,0,0,0,0,0.00,0.00,0.00,0.00,NA,,NA,,NA,,,,587,216,578,215,547,211,590,216,0,0,0,0,0,0,688,169,456,175,598,216,553,197,0,0,0,0.00,0,0
80,Soler,DEF,Bournemouth,BOU,3,3.9,3,0,0,0.0,0.0,0.0,0,34,TRUE,FALSE,100,100,575901,0,0,-1,1,0,0,2,Julio,FALSE,,2026-01-22T01:30:06.830891Z,39,575901.jpg,1.0,FALSE,Soler Barreto,0.2,FALSE,NA,a,4,91,18486,0,34789,0,0.0,0.8,,10,2025-01-07,2005-02-16,FALSE,p575901,0,2,0,0,0,0,0,0,0,2,1.8,2.5,2.0,0.6,0,4,1,1,0,0.00,0.00,0.00,1.62,NA,,NA,,NA,,,,513,180,474,171,455,170,510,178,0,0,0,0,4.29,5.29,797,231,440,166,468,169,388,141,0,0,2.65,0.00,0,0
81,Kluivert,MID,Bournemouth,BOU,3,6.9,41,2,0,0.0,0.3,0.3,1,945,TRUE,FALSE,100,100,222683,0,0,-1,1,0,0,3,Justin,FALSE,,2026-01-06T12:00:09.646560Z,69,222683.jpg,2.0,FALSE,Kluivert,0.6,FALSE,NA,a,4,91,197524,0,254152,0,0.0,5.9,,152,2023-07-01,1999-05-05,FALSE,p222683,4,19,0,0,0,5,0,0,3,147,148.0,305.1,135.0,58.8,9,46,10,65,10,2.31,1.55,3.86,17.96,NA,,3,,1,,,,348,157,145,96,246,137,272,137,0.22,0,0.15,0.37,1.71,1.81,39,24,373,172,358,153,245,86,0.95,0.38,6.19,2.31,0.22,2
84,Tavernier,MID,Bournemouth,BOU,3,5.3,137,7,4,2.3,4.7,4.7,10,2732,TRUE,FALSE,100,100,201658,0,0,-2,2,0,3,3,Marcus,FALSE,,2026-01-20T00:30:08.247682Z,53,201658.jpg,4.0,FALSE,Tavernier,4.2,FALSE,NA,a,4,91,1646857,0,1190309,0,0.9,25.8,,241,2022-08-01,1999-03-22,FALSE,p201658,11,44,0,0,0,6,0,0,14,552,656.8,816.6,605.0,207.9,62,150,39,251,31,9.06,4.60,13.66,41.06,2,,2,,4,,,,65,18,15,14,34,18,20,15,0.3,0,0.15,0.45,1.35,1.45,183,116,47,14,59,27,88,29,1.02,0.36,8.27,9.06,0.3,2
85,Adams,MID,Bournemouth,BOU,3,4.9,77,2,2,2.3,2.7,2.7,4,1769,TRUE,FALSE,100,100,200785,0,0,-1,1,0,0,3,Tyler,FALSE,,2026-03-15T12:30:09.989744Z,49,200785.jpg,3.1,FALSE,Adams,0.3,FALSE,NA,a,4,91,83628,0,96729,0,0.6,15.7,,229,2023-08-20,1999-02-14,FALSE,p200785,7,28,0,0,0,8,0,0,3,346,387.0,158.2,115.0,66.3,83,96,53,232,21,0.63,0.63,1.26,27.18,NA,,NA,,NA,,,,189,74,243,154,272,147,248,122,0.03,0,0.03,0.06,1.38,1.42,296,184,137,58,180,71,344,119,1.07,0.36,11.8,0.63,0.03,2
86,Brooks,MID,Bournemouth,BOU,3,5,59,1,3,2.0,0.7,0.7,0,1188,TRUE,FALSE,100,100,111317,0,0,0,0,0,1,3,David,FALSE,,2026-01-15T19:30:09.403523Z,50,111317.jpg,1.9,FALSE,Brooks,0.2,FALSE,NA,a,4,91,76261,0,81566,0,0.1,11.8,,244,2018-07-01,1997-07-08,FALSE,p111317,5,20,0,0,0,7,0,0,4,215,236.2,384.5,434.0,104.1,19,56,19,94,13,5.81,3.40,9.21,20.25,5,,4,,NA,,,,285,120,101,72,66,39,139,76,0.44,0,0.26,0.7,1.53,1.52,246,147,311,138,362,154,401,136,0.98,0.38,7.12,5.81,0.44,2
87,Christie,MID,Bournemouth,BOU,3,4.9,47,2,1,0.0,0.0,-0.7,0,978,TRUE,FALSE,0,0,158499,0,0,-1,1,0,0,3,Ryan,FALSE,Suspended until 29 Aug,2026-05-09T20:30:09.034647Z,49,158499.jpg,1.8,FALSE,Christie,0.1,FALSE,NA,s,4,91,32522,0,33634,0,-0.1,9.6,,243,2021-08-31,1995-02-22,FALSE,p158499,3,14,0,0,0,3,1,0,2,214,226.6,197.0,220.0,64.7,34,62,27,123,9,1.81,0.79,2.60,19.14,6,,NA,,NA,,,,290,123,211,139,165,90,252,125,0.17,0,0.07,0.24,1.76,1.29,288,178,841,379,383,164,486,172,0.83,0.28,11.32,1.81,0.17,2
88,Cook,MID,Bournemouth,BOU,3,4.9,40,0,1,0.3,0.7,0.7,1,872,TRUE,FALSE,100,100,155408,0,0,-1,1,0,0,3,Lewis,FALSE,,2026-02-23T13:30:09.159271Z,49,155408.jpg,2.2,FALSE,Cook,0.0,FALSE,NA,a,4,91,11970,0,11534,0,0.1,8.2,,241,2016-07-08,1997-02-03,FALSE,p155408,1,19,0,0,0,1,1,0,0,190,206.8,183.8,12.0,40.6,56,62,25,143,8,0.07,0.52,0.59,14.00,4,,NA,,NA,,,,306,130,222,146,423,207,338,162,0.01,0,0.05,0.06,1.44,1.96,287,177,306,135,322,136,639,246,0.83,0.1,14.76,0.07,0.01,2
89,Philip,MID,Bournemouth,BOU,3,4.9,0,0,0,0.0,0.0,0.0,0,0,TRUE,FALSE,0,0,168991,0,0,-1,1,0,0,3,Philip,FALSE,has joined Midtjylland permanently.,2025-08-27T12:49:57.472718Z,49,168991.jpg,0.0,FALSE,Billing,0.0,FALSE,NA,u,4,91,598,0,6650,0,0.0,0.0,,58,2019-07-29,1996-06-11,FALSE,p168991,0,0,0,0,0,0,0,0,0,0,0.0,0.0,0.0,0.0,0,0,0,0,0,0.00,0.00,0.00,0.00,NA,,NA,,NA,,,,790,342,786,342,783,341,790,342,0,0,0,0,0,0,290,180,728,302,790,342,687,274,0,0,0,0.00,0,0
90,Scott,MID,Bournemouth,BOU,3,4.9,136,3,2,3.7,2.7,2.7,0,2848,TRUE,FALSE,100,100,503139,0,0,-1,1,0,2,3,Alex,FALSE,,2025-12-29T19:30:08.900947Z,49,503139.jpg,3.7,FALSE,Scott,2.1,FALSE,NA,a,4,91,642749,0,390181,0,0.6,27.8,,241,2023-08-10,2003-08-21,FALSE,p503139,11,41,0,0,0,5,0,0,9,603,597.2,482.0,314.0,139.0,133,193,60,386,34,3.80,2.94,6.74,47.02,3,,6,,NA,,,,84,27,63,51,105,63,73,46,0.12,0,0.09,0.21,1.49,1.3,330,203,139,60,93,43,136,44,1.07,0.35,12.2,3.80,0.12,2
91,Sinisterra,MID,Bournemouth,BOU,3,5,0,0,0,0.0,0.0,0.0,0,0,TRUE,FALSE,0,0,224995,0,0,0,0,0,0,3,Luis,FALSE,has joined Cruzeiro on loan for the rest of the season.,2025-08-26T13:43:19.913048Z,50,224995.jpg,0.0,FALSE,Sinisterra Lucumí,0.0,FALSE,NA,u,4,91,396,0,3906,0,0.0,0.0,,48,2024-06-14,1999-06-17,FALSE,p224995,0,0,0,0,0,0,0,0,0,0,0.0,0.0,0.0,0.0,0,0,0,0,0,0.00,0.00,0.00,0.00,NA,,NA,,NA,,,,806,354,805,354,802,353,806,354,0,0,0,0,0,0,253,151,759,322,806,354,750,318,0,0,0,0.00,0,0
92,Faivre,MID,Bournemouth,BOU,3,4.5,0,0,0,0.0,0.0,0.0,0,0,TRUE,FALSE,0,0,441240,0,0,0,0,0,0,3,Romain,FALSE,has joined Auxerre permanently.,2026-02-06T22:47:52.516051Z,45,441240.jpg,0.0,FALSE,Faivre,0.1,FALSE,NA,u,4,91,4403,0,19887,0,0.0,0.0,,73,2023-07-13,1998-07-14,FALSE,p441240,0,0,0,0,0,0,0,0,0,0,0.0,0.0,0.0,0.0,0,0,0,0,0,0.00,0.00,0.00,0.00,NA,,NA,,NA,,,,710,276,706,278,689,272,712,278,0,0,0,0,0,0,435,258,624,222,716,281,566,211,0,0,0,0.00,0,0
93,H.Traore,MID,Bournemouth,BOU,3,4.5,4,0,1,0.0,0.0,0.0,0,16,TRUE,FALSE,0,0,424044,0,0,0,0,0,0,3,Hamed,FALSE,has joined Marseille on loan for the rest of the season.,2025-09-02T12:54:34.582455Z,45,424044.jpg,4.0,FALSE,Traorè,0.3,FALSE,NA,u,4,91,114900,0,166112,0,0.0,0.9,,54,2023-07-01,2000-02-16,FALSE,p424044,0,2,0,0,0,0,0,0,0,12,21.2,10.0,0.0,3.1,1,2,1,4,0,0.00,0.00,0.00,0.40,NA,,NA,,NA,,,,463,204,442,215,685,269,479,215,0,0,0,0,2.25,11.25,430,255,621,219,56,26,347,120,0,0,22.5,0.00,0,0
94,Sadi,MID,Bournemouth,BOU,3,4.5,0,0,0,0.0,0.0,0.0,0,0,TRUE,FALSE,0,0,550596,0,0,0,0,0,0,3,Dominic,FALSE,has joined Novi Pazar on loan for the rest of the season.,2025-09-22T21:51:49.974133Z,45,550596.jpg,0.0,FALSE,Sadi,0.0,FALSE,NA,u,4,91,3895,0,8277,0,0.0,0.0,,241,2022-08-22,2003-09-02,FALSE,p550596,0,0,0,0,0,0,0,0,0,0,0.0,0.0,0.0,0.0,0,0,0,0,0,0.00,0.00,0.00,0.00,NA,,NA,,NA,,,,733,298,728,299,711,293,734,299,0,0,0,0,0,0,464,282,648,244,738,302,653,255,0,0,0,0.00,0,0
95,Silcott-Duberry,MID,Bournemouth,BOU,3,4.4,0,0,0,0.0,0.0,0.0,0,0,TRUE,FALSE,0,0,530121,0,0,-1,1,0,0,3,Zain,FALSE,has joined Olympiakos permanently.,2025-09-22T21:51:49.994072Z,44,530121.jpg,0.0,FALSE,Silcott-Duberry,0.1,FALSE,NA,u,4,91,15405,0,21712,0,0.0,0.0,,241,2025-01-17,2005-07-09,FALSE,p530121,0,0,0,0,0,0,0,0,0,0,0.0,0.0,0.0,0.0,0,0,0,0,0,0.00,0.00,0.00,0.00,NA,,NA,,NA,,,,685,262,681,265,661,257,687,264,0,0,0,0,0,0,563,339,592,204,693,269,584,218,0,0,0,0.00,0,0
96,Winterburn,MID,Bournemouth,BOU,3,4.5,1,0,0,0.0,0.0,0.0,0,6,TRUE,FALSE,0,0,606775,0,0,0,0,0,0,3,Ben,FALSE,has joined Barnet on loan for the rest of the season.,2025-09-02T12:54:34.599400Z,45,606775.jpg,1.0,FALSE,Winterburn,0.0,FALSE,NA,u,4,91,2964,0,10063,0,0.0,0.2,,241,2024-11-29,2004-09-04,FALSE,p606775,0,2,0,0,0,0,0,0,0,3,0.0,0.0,0.0,0.0,0,0,0,0,0,0.00,0.00,0.00,0.31,NA,,NA,,NA,,,,764,323,757,322,744,319,764,323,0,0,0,0,4.65,30,502,311,683,272,500,225,652,254,0,0,0,0.00,0,0
97,Evanilson,FWD,Bournemouth,BOU,3,6.6,115,6,7,2.7,1.7,1.7,2,2741,TRUE,FALSE,100,100,444102,0,0,-4,4,0,0,4,Francisco Evanilson,FALSE,,2026-02-28T22:00:07.795563Z,66,444102.jpg,3.2,FALSE,de Lima Barbosa,2.4,FALSE,NA,a,4,91,1344382,0,1313666,0,0.3,17.4,Evanilson,30,2024-08-16,1999-10-06,FALSE,p444102,11,40,0,0,0,2,0,0,6,412,350.6,397.9,809.0,155.5,42,80,13,135,32,10.64,1.48,12.12,39.02,NA,,NA,,NA,,,,208,19,91,4,15,8,54,11,0.35,0,0.05,0.4,1.28,1.31,48,17,219,25,174,18,122,19,1.05,0.36,4.43,10.64,0.35,2
98,Enes Unal,FWD,Bournemouth,BOU,3,5.4,27,1,0,1.0,1.0,1.0,1,214,TRUE,FALSE,100,100,168636,0,0,-1,1,0,0,4,Enes,FALSE,,2026-01-11T18:30:10.266239Z,54,168636.jpg,1.2,FALSE,Ünal,0.0,FALSE,NA,a,4,91,15857,0,13019,0,0.2,5.0,,219,2024-07-01,1997-05-10,FALSE,p168636,0,3,0,0,0,1,0,0,1,83,70.2,25.0,104.0,19.1,15,7,1,23,0,2.00,0.07,2.07,6.16,NA,,1,,NA,,,,414,47,403,53,281,51,398,50,0.84,0,0.03,0.87,2.59,1.26,154,39,276,35,455,53,588,80,0,0,9.67,2.00,0.84,2
99,Adu-Adjei,FWD,Bournemouth,BOU,3,4.4,0,0,0,0.0,0.0,0.0,0,0,TRUE,FALSE,0,0,590760,0,0,-1,1,0,0,4,Daniel,FALSE,has joined HNK Rijeka permanently.,2025-09-22T21:19:25.247985Z,44,590760.jpg,0.0,FALSE,Adu-Adjei,0.1,FALSE,NA,u,4,91,22144,0,44673,0,0.0,0.0,,241,2022-12-19,2005-06-21,FALSE,p590760,0,0,0,0,0,0,0,0,0,0,0.0,0.0,0.0,0.0,0,0,0,0,0,0.00,0.00,0.00,0.00,NA,,NA,,NA,,,,696,77,691,76,672,75,698,77,0,0,0,0,0,0,579,85,605,65,702,78,447,63,0,0,0,0.00,0,0
100,Kroupi.Jr,FWD,Bournemouth,BOU,3,4.7,113,13,0,5.3,4.0,4.0,2,1663,TRUE,FALSE,100,100,560262,0,0,2,-2,0,0,4,Junior,FALSE,,2026-03-27T12:00:09.305198Z,47,560262.jpg,3.4,FALSE,Kroupi,7.6,FALSE,NA,a,4,91,2414496,0,1611147,0,0.9,24.0,,73,2025-02-02,2006-06-23,FALSE,p560262,10,21,0,0,0,5,0,0,13,480,532.2,306.9,563.0,139.9,42,61,9,112,21,8.31,1.51,9.82,25.91,NA,,NA,,2,,,,116,11,142,13,43,18,69,15,0.45,0,0.08,0.53,1.4,1.14,393,65,67,11,127,12,57,12,1.14,0.54,6.06,8.31,0.45,2
391,Gannon-Doak,MID,Bournemouth,BOU,3,4.8,11,0,1,0.3,0.3,0.3,1,105,TRUE,FALSE,100,100,496208,0,0,-2,2,0,0,3,Ben,FALSE,,2025-11-20T10:30:09.618152Z,48,496208.jpg,1.4,FALSE,Gannon-Doak,0.0,FALSE,NA,a,4,91,4944,0,8262,0,0.1,2.3,,243,2025-08-18,2005-11-11,FALSE,p496208,0,1,0,0,0,0,0,0,0,33,32.4,17.8,39.0,8.9,1,6,6,13,0,0.26,0.13,0.39,4.74,NA,,NA,,NA,,,,449,197,419,206,361,184,438,198,0.22,0,0.11,0.33,4.06,0.86,370,230,356,160,434,189,641,248,0,0,11.14,0.26,0.22,2
685,Diakite,DEF,Bournemouth,BOU,3,4.1,46,0,0,0.0,0.0,0.0,0,1275,TRUE,FALSE,100,100,242882,0,0,-4,4,0,1,2,Bafodé,FALSE,,2025-09-13T21:30:08.472990Z,41,242882.jpg,2.6,FALSE,Diakité,0.3,FALSE,NA,a,4,91,99992,0,100202,0,0.0,11.2,,73,2025-08-13,2001-01-06,FALSE,p242882,4,27,0,0,0,1,0,0,2,164,267.0,54.3,22.0,34.4,97,48,20,117,15,0.02,0.19,0.21,22.47,NA,,NA,,NA,,,,267,106,362,129,396,140,354,117,0,0,0.01,0.01,1.59,1.91,664,156,523,219,255,96,348,125,1.06,0.28,8.26,0.02,0,2
687,Rees-Dottin,MID,Bournemouth,BOU,3,4.3,0,0,0,0.0,0.0,0.0,0,0,TRUE,FALSE,NA,NA,606774,0,0,-2,2,0,0,3,Remy,FALSE,,NA,43,606774.jpg,0.0,FALSE,Rees-Dottin,0.2,FALSE,NA,a,4,91,28243,0,23995,0,0.0,0.0,,241,2024-12-28,2006-03-06,FALSE,p606774,0,0,0,0,0,0,0,0,0,0,0.0,0.0,0.0,0.0,0,0,0,0,0,0.00,0.00,0.00,0.00,NA,,NA,,NA,,,,668,250,664,254,641,244,670,252,0,0,0,0,0,0,626,372,568,192,678,259,405,139,0,0,0,0.00,0,0
697,Adli,MID,Bournemouth,BOU,3,5.4,67,3,2,0.7,0.7,0.7,1,1074,TRUE,FALSE,NA,NA,489888,0,0,-1,1,0,0,3,Amine,FALSE,,NA,54,489888.jpg,2.2,FALSE,Adli,0.2,FALSE,NA,a,4,91,120446,0,101352,0,0.1,12.4,,145,2025-08-21,2000-05-10,FALSE,p489888,3,17,0,0,0,2,0,0,4,241,272.6,235.9,260.0,76.1,26,61,36,123,10,2.60,1.62,4.22,18.22,NA,,NA,,NA,,,,266,112,175,113,136,75,215,102,0.22,0,0.14,0.36,1.53,1.42,169,105,316,141,327,139,374,130,0.84,0.25,10.31,2.60,0.22,2
713,A.Jimenez,DEF,Bournemouth,BOU,3,4.5,74,1,2,0.0,0.0,0.0,0,2315,TRUE,FALSE,100,0,551483,0,0,0,0,0,0,2,Álex,FALSE,,2026-05-08T14:00:11.002926Z,45,551483.jpg,2.4,FALSE,Jiménez Sánchez,0.1,FALSE,NA,a,4,91,67165,0,54008,0,0.0,16.4,,200,2025-09-01,2005-05-08,FALSE,p551483,6,39,0,0,0,10,0,0,2,297,406.0,269.3,184.0,85.9,80,135,68,148,26,1.09,1.73,2.82,41.11,NA,,NA,,NA,,,,180,73,161,42,205,55,185,64,0.04,0,0.07,0.11,1.6,1.52,466,94,650,249,290,114,431,161,1.01,0.23,5.75,1.09,0.04,2
721,Milosavljevic,DEF,Bournemouth,BOU,3,4.4,19,0,0,0.0,0.0,0.0,0,367,TRUE,FALSE,100,100,620487,0,0,-1,1,0,0,2,Veljko,FALSE,,2026-01-06T17:00:10.479922Z,44,620487.jpg,2.7,FALSE,Milosavljevic,0.0,FALSE,NA,a,4,91,6785,0,6263,0,0.0,4.3,,190,2025-09-01,2007-06-28,FALSE,p620487,1,6,0,0,0,0,0,0,0,63,98.4,13.9,10.0,12.2,34,13,5,39,4,0.15,0.19,0.34,4.42,NA,,NA,,NA,,,,395,149,426,157,426,159,426,155,0.04,0,0.05,0.09,1.08,1.47,581,120,607,241,238,93,646,231,0.98,0.25,9.56,0.15,0.04,2
756,DaCosta,MID,Bournemouth,BOU,3,4.5,0,0,0,0.0,0.0,0.0,0,0,TRUE,FALSE,NA,NA,678552,0,0,0,0,0,0,3,Malcom,FALSE,,NA,45,678552.jpg,0.0,FALSE,DaCosta,0.0,FALSE,NA,a,4,91,2125,0,1465,0,0.0,0.0,,62,2025-12-01,2008-04-17,FALSE,p678552,0,0,0,0,0,0,0,0,0,0,0.0,0.0,0.0,0.0,0,0,0,0,0,0.00,0.00,0.00,0.00,NA,,NA,,NA,,,,781,336,774,335,762,333,781,336,0,0,0,0,0,0,525,328,702,287,781,336,740,311,0,0,0,0.00,0,0
782,Forster,GKP,Bournemouth,BOU,3,4,0,0,0,0.0,0.0,0.0,0,0,TRUE,FALSE,NA,NA,40383,0,0,0,0,0,0,1,Fraser,FALSE,,NA,40,40383.jpg,0.0,FALSE,Forster,0.0,FALSE,NA,a,4,91,3840,0,1698,0,0.0,0.0,,241,2026-01-02,1988-03-17,FALSE,p40383,0,0,0,0,0,0,0,0,0,0,0.0,0.0,0.0,0.0,0,0,0,0,0,0.00,0.00,0.00,0.00,NA,,NA,,NA,,,,580,66,566,50,535,35,583,66,0,0,0,0,0,0,672,39,444,55,591,66,651,81,0,0,0,0.00,0,0
799,Stevens,MID,Bournemouth,BOU,3,4.5,0,0,0,0.0,0.0,0.0,0,0,TRUE,FALSE,NA,NA,658013,0,0,0,0,0,0,3,Charlie,FALSE,,NA,45,658013.jpg,0.0,FALSE,Stevens,0.0,FALSE,NA,a,4,91,984,0,526,0,0.0,0.0,,244,2025-01-18,2007-05-31,FALSE,p658013,0,0,0,0,0,0,0,0,0,0,0.0,0.0,0.0,0.0,0,0,0,0,0,0.00,0.00,0.00,0.00,NA,,NA,,NA,,,,777,333,770,332,757,329,777,333,0,0,0,0,0,0,520,324,697,283,777,333,776,332,0,0,0,0.00,0,0
801,Toth.A,MID,Bournemouth,BOU,3,4.9,8,0,0,0.3,0.7,0.7,1,135,TRUE,FALSE,NA,NA,614574,0,0,-1,1,0,0,3,Alex,FALSE,,NA,49,614574.jpg,0.9,FALSE,Tóth,0.0,FALSE,NA,a,4,91,1044,0,687,0,0.1,1.6,,98,2026-01-20,2005-10-23,FALSE,p614574,0,3,0,0,0,1,0,0,0,32,18.6,60.2,18.0,9.6,8,8,1,17,2,0.11,0.33,0.44,4.90,NA,,NA,,NA,,,,466,206,355,188,411,202,435,196,0.07,0,0.22,0.29,3.27,2,338,210,310,137,528,244,765,325,1.33,0,11.33,0.11,0.07,2
806,Mandas,GKP,Bournemouth,BOU,3,4,0,0,0,0.0,0.0,0.0,0,0,TRUE,FALSE,NA,NA,436416,0,0,0,0,0,0,1,Christos,FALSE,,NA,40,436416.jpg,0.0,FALSE,Mandas,0.0,FALSE,NA,a,4,91,877,0,564,0,0.0,0.0,,83,2026-01-27,2001-09-17,FALSE,p436416,0,0,0,0,0,0,0,0,0,0,0.0,0.0,0.0,0.0,0,0,0,0,0,0.00,0.00,0.00,0.00,NA,,NA,,NA,,,,592,72,583,61,552,46,595,72,0,0,0,0,0,0,693,50,461,64,603,72,754,87,0,0,0,0.00,0,0
807,Rayan,MID,Bournemouth,BOU,3,5.4,67,5,2,6.7,4.7,4.7,2,1110,TRUE,FALSE,NA,NA,499604,0,0,-1,1,0,0,3,Rayan Vitor,FALSE,,NA,54,499604.jpg,4.5,FALSE,Simplício Rocha,2.3,FALSE,NA,a,4,91,594702,0,301140,0,0.9,12.4,Rayan,30,2026-01-27,2006-08-03,FALSE,p499604,6,10,0,0,0,1,0,0,3,238,277.6,211.9,263.0,75.3,28,43,11,82,13,2.67,1.84,4.51,19.14,NA,,NA,,NA,,,,260,110,193,127,134,74,217,104,0.22,0,0.15,0.37,1.55,0.81,170,106,51,17,30,14,132,43,1.05,0.49,6.65,2.67,0.22,2
27,Nelson,MID,Brentford,BRE,3,4.8,13,0,1,0.5,-0.2,0.3,1,118,TRUE,FALSE,100,100,200641,0,0,-2,2,0,0,3,Reiss,FALSE,,2026-03-02T13:30:07.438484Z,48,200641.jpg,1.3,FALSE,Nelson,0.1,FALSE,NA,a,5,94,11237,0,18925,0,0.1,2.7,,241,2025-09-01,1999-12-10,FALSE,p200641,0,2,0,0,0,0,0,0,0,39,42.6,32.6,29.0,10.0,3,16,4,23,0,0.71,0.11,0.82,3.02,NA,,NA,,NA,,,,437,191,393,198,382,192,433,194,0.54,0,0.08,0.62,2.3,1.53,349,220,353,158,447,197,497,178,0,0,17.54,0.71,0.54,2
83,Ouattara,MID,Brentford,BRE,3,5.6,136,7,8,5.3,5.5,6.0,2,2271,TRUE,FALSE,100,100,533463,0,0,-4,4,0,4,3,Dango,FALSE,,2025-12-13T14:30:10.953675Z,56,533463.jpg,4.2,FALSE,Ouattara,1.6,FALSE,NA,a,5,94,1060175,0,888747,0,1.1,24.3,,35,2025-08-16,2002-02-11,FALSE,p533463,6,35,0,0,0,5,0,0,16,429,509.8,422.8,702.0,162.8,76,85,24,185,25,7.94,4.12,12.06,34.75,3,,NA,,NA,,,,129,43,77,56,26,11,47,33,0.31,0,0.16,0.47,1.38,1.39,132,82,15,6,47,21,160,54,0.99,0.24,7.33,7.94,0.31,2
101,Kelleher,GKP,Brentford,BRE,3,4.8,143,0,0,3.3,3.2,3.7,6,3330,TRUE,FALSE,100,100,200720,0,0,3,-3,0,5,1,Caoimhín,FALSE,,2025-08-09T14:00:04.798673Z,48,200720.jpg,3.9,FALSE,Kelleher,12.0,FALSE,NA,a,5,94,1717279,0,1447384,0,0.8,29.8,,104,2025-06-03,1998-11-23,FALSE,p200720,10,49,0,3,0,1,0,109,11,570,913.8,23.0,0.0,93.8,48,301,1,0,37,0.00,0.22,0.22,53.48,NA,,NA,,NA,,,,12,3,409,5,775,87,166,3,0,2.95,0.01,0.01,1.45,1.32,350,12,83,7,71,6,33,4,1,0.27,0,0.00,0,0
102,Balcombe,GKP,Brentford,BRE,3,3.9,0,0,0,-0.5,-0.5,0.0,0,0,TRUE,FALSE,NA,NA,235448,0,0,-1,1,0,0,1,Ellery,FALSE,,NA,39,235448.jpg,0.0,FALSE,Balcombe,0.2,FALSE,NA,a,5,94,17279,0,26392,0,0.0,0.0,,241,2016-11-02,1999-10-15,FALSE,p235448,0,0,0,0,0,0,0,0,0,0,0.0,0.0,0.0,0.0,0,0,0,0,0,0.00,0.00,0.00,0.00,NA,,NA,,NA,,,,558,54,543,37,512,22,561,54,0,0,0,0,0,0,774,81,420,43,569,54,358,49,0,0,0,0.00,0,0
103,Cox,GKP,Brentford,BRE,3,3.9,0,0,0,0.0,0.0,0.0,0,0,TRUE,FALSE,0,0,503300,0,0,-1,1,0,0,1,Matthew,FALSE,has joined Shrewsbury Town on loan for the rest of the season.,2026-01-16T15:17:51.432656Z,39,503300.jpg,0.0,FALSE,Cox,0.1,FALSE,NA,u,5,94,11791,0,16383,0,0.0,0.0,,241,2021-10-26,2003-05-02,FALSE,p503300,0,0,0,0,0,0,0,0,0,0,0.0,0.0,0.0,0.0,0,0,0,0,0,0.00,0.00,0.00,0.00,NA,,NA,,NA,,,,568,60,554,44,523,29,571,60,0,0,0,0,0,0,788,88,431,49,579,60,451,66,0,0,0,0.00,0,0
104,Eyestone,GKP,Brentford,BRE,3,3.9,0,0,0,-0.5,-0.5,0.0,0,0,TRUE,FALSE,NA,NA,535017,0,0,-1,1,0,0,1,Julian,FALSE,,NA,39,535017.jpg,0.0,FALSE,Eyestone,0.1,FALSE,NA,a,5,94,13518,0,12014,0,0.0,0.0,,229,2024-08-08,2006-04-21,FALSE,p535017,0,0,0,0,0,0,0,0,0,0,0.0,0.0,0.0,0.0,0,0,0,0,0,0.00,0.00,0.00,0.00,NA,,NA,,NA,,,,571,61,557,45,526,30,574,61,0,0,0,0,0,0,791,89,434,50,582,61,485,69,0,0,0,0.00,0,0
105,Valdimarsson,GKP,Brentford,BRE,3,3.8,1,0,0,-0.5,-0.5,0.0,0,90,TRUE,FALSE,NA,NA,507433,0,0,-2,2,0,0,1,Hákon Rafn,FALSE,,NA,38,507433.jpg,1.0,FALSE,Valdimarsson,1.0,FALSE,NA,a,5,94,105071,0,91216,0,0.0,0.3,,99,2024-01-26,2001-10-13,FALSE,p507433,0,3,0,0,0,0,0,1,0,1,13.0,0.0,0.0,1.3,0,7,0,0,1,0.00,0.00,0.00,0.97,NA,,NA,,NA,,,,473,39,521,23,489,8,501,39,0,1,0,0,0.97,3,818,96,396,30,465,39,201,25,1,0,0,0.00,0,0
106,Collins,DEF,Brentford,BRE,3,4.9,129,1,2,2.5,1.8,2.3,3,2971,TRUE,FALSE,NA,NA,432830,0,0,-1,1,0,2,2,Nathan,FALSE,,NA,49,432830.jpg,3.7,FALSE,Collins,2.4,FALSE,NA,a,5,94,746929,0,645720,0,0.5,26.3,,104,2023-07-04,2001-04-30,FALSE,p432830,9,44,1,0,0,7,0,0,7,450,848.6,143.8,325.0,131.9,287,139,32,319,32,2.24,1.71,3.95,47.52,NA,,NA,,NA,,,,22,8,256,66,100,12,83,18,0.07,0,0.05,0.12,1.44,1.33,316,51,157,56,92,34,124,48,0.97,0.27,9.66,2.24,0.07,2
107,Lewis-Potter,DEF,Brentford,BRE,3,4.8,115,3,4,3.0,1.8,2.3,5,1960,TRUE,FALSE,NA,NA,249231,0,0,-2,2,0,2,2,Keane,FALSE,,NA,48,249231.jpg,3.2,FALSE,Lewis-Potter,1.5,FALSE,NA,a,5,94,529325,0,395674,0,0.5,24.0,,241,2022-07-12,2001-02-22,FALSE,p249231,9,32,0,0,0,1,0,0,5,356,378.2,332.2,353.0,106.4,51,96,23,74,22,3.01,2.51,5.52,33.74,NA,,1,,NA,,,,194,80,123,33,88,9,131,39,0.14,0,0.12,0.26,1.55,1.47,359,61,155,55,165,61,166,66,1.01,0.41,3.4,3.01,0.14,2
108,Ajer,DEF,Brentford,BRE,3,4.4,76,0,2,1.0,1.2,1.7,0,1805,TRUE,FALSE,100,100,191866,0,0,-1,1,0,0,2,Kristoffer,FALSE,,2026-01-26T04:00:07.526158Z,44,191866.jpg,2.8,FALSE,Ajer,0.2,FALSE,NA,a,5,94,44558,0,46039,0,0.4,17.3,,161,2021-07-21,1998-04-17,FALSE,p191866,5,32,0,0,0,4,0,0,1,211,401.4,59.1,165.0,62.7,155,59,37,192,20,0.69,0.73,1.42,31.51,NA,,NA,,NA,,,,182,74,357,125,221,57,258,86,0.03,0,0.04,0.07,1.57,1.6,537,105,202,71,217,85,382,138,1,0.25,9.57,0.69,0.03,2
109,Henry,DEF,Brentford,BRE,3,4.3,52,0,2,0.0,0.0,0.0,0,1322,TRUE,FALSE,0,0,194010,0,0,-2,2,0,0,2,Rico,FALSE,Hamstring injury - Expected back 01 Jun,2026-03-04T10:30:07.977466Z,43,194010.jpg,2.1,FALSE,Henry,0.1,FALSE,NA,i,5,94,26003,0,33298,0,0.0,12.1,,107,2016-08-31,1997-07-08,FALSE,p194010,4,22,0,0,0,2,0,0,0,144,151.6,82.0,35.0,26.9,53,72,15,68,14,0.18,0.54,0.72,23.91,NA,,NA,,NA,,,https://www.brentfordfc.com/en/news/article/first-team-liverpool-v-brentford-premier-league-team-news?utm_source=premier_league&utm_medium=referral&utm_campaign=fantasy&utm_content=injuries-flag,347,131,324,108,370,125,380,131,0.01,0,0.04,0.05,1.63,1.5,591,128,545,230,334,126,453,169,0.95,0.27,4.63,0.18,0.01,2
110,Kayode,DEF,Brentford,BRE,3,4.6,113,1,2,1.3,0.5,1.0,2,3258,TRUE,FALSE,100,100,607464,0,0,1,-1,0,0,2,Michael,FALSE,,2026-02-21T19:30:08.790968Z,46,607464.jpg,3.1,FALSE,Kayode,1.0,FALSE,NA,a,5,94,298401,0,198389,0,0.2,24.6,,106,2025-07-01,2004-07-10,FALSE,p607464,10,49,1,0,0,8,0,0,9,494,613.8,470.2,130.0,121.7,151,163,68,219,37,1.28,2.89,4.17,52.65,NA,,NA,,NA,,,,77,33,66,12,252,66,95,23,0.04,0,0.08,0.12,1.45,1.35,407,72,262,95,179,69,195,76,1.02,0.28,6.05,1.28,0.04,2
111,Pinnock,DEF,Brentford,BRE,3,4.2,14,0,0,-0.5,-0.5,0.0,0,318,TRUE,FALSE,100,100,231065,0,0,-3,3,0,1,2,Ethan,FALSE,,2025-08-18T08:00:05.393517Z,42,231065.jpg,3.5,FALSE,Pinnock,0.1,FALSE,NA,a,5,94,16875,0,30319,0,0.0,3.3,,107,2019-07-02,1993-05-29,FALSE,p231065,1,5,1,0,0,1,0,0,2,53,88.6,1.2,33.0,12.3,37,11,5,42,4,0.01,0.06,0.07,3.70,NA,,NA,,NA,,,,400,151,488,175,374,127,424,153,0,0,0.02,0.02,1.05,1.42,643,144,531,222,111,40,452,168,1.13,0.28,11.89,0.01,0,2
112,Roerslev,DEF,Brentford,BRE,3,4.5,0,0,0,0.0,0.0,0.0,0,0,TRUE,FALSE,0,0,226956,0,0,0,0,0,0,2,Mads,FALSE,Has joined Southampton permanently.,2025-08-22T14:17:15.662878Z,45,226956.jpg,0.0,FALSE,Roerslev Rasmussen,0.0,FALSE,NA,u,5,94,211,0,3940,0,0.0,0.0,,58,2019-10-27,1999-06-24,FALSE,p226956,0,0,0,0,0,0,0,0,0,0,0.0,0.0,0.0,0.0,0,0,0,0,0,0.00,0.00,0.00,0.00,NA,,NA,,NA,,,,706,262,701,262,683,262,708,262,0,0,0,0,0,0,425,84,619,246,712,262,727,252,0,0,0,0.00,0,0
113,Van den Berg,DEF,Brentford,BRE,3,4.4,113,0,3,2.0,2.2,2.7,4,2761,TRUE,FALSE,100,100,444765,0,0,-1,1,0,0,2,Sepp,FALSE,,2025-12-27T22:00:11.195580Z,44,444765.jpg,3.5,FALSE,van den Berg,1.0,FALSE,NA,a,5,94,360666,0,292925,0,0.6,25.7,,152,2024-08-22,2001-12-20,FALSE,p444765,8,41,0,0,0,2,0,0,3,435,659.0,98.0,305.0,106.3,249,109,23,272,30,3.36,1.45,4.81,41.59,NA,,NA,,NA,,,,63,28,300,95,112,16,132,40,0.11,0,0.05,0.16,1.36,1.34,551,116,132,47,112,41,196,77,0.98,0.26,8.87,3.36,0.11,2
114,Arthur,DEF,Brentford,BRE,3,3.8,0,0,0,0.0,0.0,0.0,0,0,TRUE,FALSE,0,0,622536,0,0,-2,2,0,0,2,Benjamin,FALSE,has joined Celtic on loan for the rest of the season.,2026-02-06T22:48:24.603753Z,38,622536.jpg,0.0,FALSE,Arthur,0.2,FALSE,NA,u,5,94,12981,0,31968,0,0.0,0.0,,241,2024-03-08,2005-10-09,FALSE,p622536,0,0,0,0,0,0,0,0,0,0,0.0,0.0,0.0,0.0,0,0,0,0,0,0.00,0.00,0.00,0.00,NA,,NA,,NA,,,,548,201,530,200,499,196,551,201,0,0,0,0,0,0,831,260,407,155,559,201,403,150,0,0,0,0.00,0,0
115,Fredrick,DEF,Brentford,BRE,3,4,0,0,0,0.0,0.0,0.0,0,0,TRUE,FALSE,0,0,612534,0,0,0,0,0,0,2,Benjamin,FALSE,has joined Dender on loan for the rest of the season.,2025-09-22T21:16:59.169077Z,40,612534.jpg,0.0,FALSE,Fredrick,0.1,FALSE,NA,u,5,94,2020,0,14548,0,0.0,0.0,,NA,NA,NA,FALSE,p612534,0,0,0,0,0,0,0,0,0,0,0.0,0.0,0.0,0.0,0,0,0,0,0,0.00,0.00,0.00,0.00,NA,,NA,,NA,,,,635,244,627,243,597,240,638,244,0,0,0,0,0,0,745,204,510,207,645,243,540,192,0,0,0,0.00,0,0
116,Hickey,DEF,Brentford,BRE,3,4,37,0,0,0.3,0.5,1.0,1,679,TRUE,FALSE,100,100,472713,0,0,0,0,0,0,2,Aaron,FALSE,,2026-02-21T19:30:08.807049Z,40,472713.jpg,1.8,FALSE,Hickey,0.3,FALSE,NA,a,5,94,68336,0,85750,0,0.2,9.2,,243,2022-07-09,2002-06-10,FALSE,p472713,2,9,0,0,0,1,0,0,0,105,101.4,17.1,43.0,16.0,36,35,15,51,8,0.44,0.17,0.61,9.03,NA,,NA,,NA,,,,393,147,421,154,355,117,412,148,0.06,0,0.02,0.08,1.2,1.19,702,175,254,90,375,138,306,113,1.06,0.27,6.76,0.44,0.06,2
117,Ji-soo,DEF,Brentford,BRE,3,3.9,0,0,0,0.0,0.0,0.0,0,0,TRUE,FALSE,0,0,570241,0,0,-1,1,0,0,2,Kim,FALSE,has joined Kaiserslautern on loan for the rest of the season.,2025-09-22T21:16:59.154227Z,39,570241.jpg,0.0,FALSE,Ji-soo,0.1,FALSE,NA,u,5,94,4108,0,15883,0,0.0,0.0,,114,2023-07-20,2004-12-24,FALSE,p570241,0,0,0,0,0,0,0,0,0,0,0.0,0.0,0.0,0.0,0,0,0,0,0,0.00,0.00,0.00,0.00,NA,,NA,,NA,,,,576,209,562,208,531,204,579,209,0,0,0,0,0,0,796,230,439,165,587,209,533,190,0,0,0,0.00,0,0
118,Meghoma,DEF,Brentford,BRE,3,4,0,0,0,0.0,0.0,0.0,0,0,TRUE,FALSE,0,0,499717,0,0,0,0,0,0,2,Jayden,FALSE,Has joined Rangers on loan for the rest of the season.,2025-08-19T13:37:28.261506Z,40,499717.jpg,0.0,FALSE,Meghoma,0.0,FALSE,NA,u,5,94,279,0,11084,0,0.0,0.0,,241,2024-08-30,2006-06-28,FALSE,p499717,0,0,0,0,0,0,0,0,0,0,0.0,0.0,0.0,0.0,0,0,0,0,0,0.00,0.00,0.00,0.00,NA,,NA,,NA,,,,610,226,601,225,570,221,613,226,0,0,0,0,0,0,715,182,482,187,620,225,620,220,0,0,0,0.00,0,0
120,Schade,MID,Brentford,BRE,3,6.8,125,8,5,1.5,2.8,3.3,7,2744,TRUE,FALSE,100,100,513418,0,0,-2,2,0,1,3,Kevin,FALSE,,2026-02-02T00:30:10.303430Z,68,513418.jpg,3.6,FALSE,Schade,1.3,FALSE,NA,a,5,94,969326,0,862088,0,0.5,18.4,,80,2023-07-01,2001-11-27,FALSE,p513418,11,34,0,0,1,6,1,0,5,385,536.8,380.1,821.0,172.8,54,94,42,190,32,12.08,2.05,14.13,40.05,NA,,NA,,3,,,,112,34,104,74,12,7,37,28,0.4,0,0.07,0.47,1.31,1.12,45,29,108,50,107,48,175,61,1.05,0.36,6.23,12.08,0.4,2
121,Damsgaard,MID,Brentford,BRE,3,5.6,113,4,4,4.3,1.8,2.3,1,2046,TRUE,FALSE,100,100,440089,0,0,-4,4,0,2,3,Mikkel,FALSE,,2026-03-20T14:00:08.942254Z,56,440089.jpg,3.4,FALSE,Damsgaard,0.8,FALSE,NA,a,5,94,214963,0,244417,0,0.4,20.2,,58,2022-08-10,2000-07-03,FALSE,p440089,5,32,0,0,0,0,0,0,9,467,530.6,691.3,326.0,155.0,45,139,57,241,24,2.61,5.43,8.04,31.55,NA,,3,,NA,,,,119,36,29,27,99,59,55,36,0.11,0,0.24,0.35,1.39,1.41,129,80,161,71,139,60,224,77,1.06,0.22,10.6,2.61,0.11,2
122,Milambo,MID,Brentford,BRE,3,5.2,1,0,0,0.0,0.0,0.0,0,45,TRUE,FALSE,0,0,543295,0,0,-3,3,0,0,3,Antoni,FALSE,Knee injury - Expected back 01 Jun,2025-10-16T08:00:09.362049Z,52,543295.jpg,1.0,FALSE,Milambo,0.0,FALSE,NA,i,5,94,2221,0,7078,0,0.0,0.2,,152,2025-07-03,2005-04-03,FALSE,p543295,0,3,0,0,0,0,0,0,0,5,4.0,1.8,0.0,0.6,0,2,2,4,1,0.00,0.01,0.01,1.49,NA,,NA,,NA,,,https://www.brentfordfc.com/en/news/article/first-team-brentford-v-sunderland-premier-league-injury-update?utm_source=premier_league&utm_medium=referral&utm_campaign=fantasy&utm_content=injuries-flag,500,226,482,232,816,363,511,232,0,0,0.02,0.02,2.98,6,217,134,783,341,517,239,656,258,2,0,8,0.00,0,0
123,Carvalho,MID,Brentford,BRE,3,4.6,13,1,0,0.0,0.0,0.0,0,100,TRUE,FALSE,0,0,244858,0,0,-4,4,0,0,3,Fábio,FALSE,Knee injury - Expected back 01 Jun,2025-11-28T19:00:08.330112Z,46,244858.jpg,2.2,FALSE,Freitas Gouveia Carvalho,0.1,FALSE,NA,i,5,94,27411,0,51815,0,0.0,2.8,Fábio Carvalho,173,2024-08-12,2002-08-30,FALSE,p244858,0,4,0,0,0,0,0,0,1,42,39.0,6.5,36.0,8.1,0,5,3,8,1,0.70,0.03,0.73,2.08,NA,,NA,,4,,,https://www.brentfordfc.com/en/news/article/first-team-brentford-v-fulham-premier-league-injury-update-aaron-hickey-jordan-henderson?utm_source=premier_league&utm_medium=referral&utm_campaign=fantasy&utm_content=injuries-flag,441,193,455,218,368,188,445,200,0.63,0,0.03,0.66,1.87,3.6,401,248,706,289,318,132,474,166,0.9,0,7.2,0.70,0.63,0
124,Henderson,MID,Brentford,BRE,3,5,76,1,3,-0.3,-0.2,0.3,0,1911,TRUE,FALSE,100,100,56979,0,0,0,0,0,0,3,Jordan,FALSE,,2026-04-11T20:30:08.727460Z,50,56979.jpg,2.4,FALSE,Henderson,0.3,FALSE,NA,a,5,94,101717,0,109214,0,0.1,15.2,,241,2025-07-15,1990-06-17,FALSE,p56979,6,28,0,0,0,6,0,0,5,343,336.6,358.3,49.0,74.4,58,98,27,183,22,0.33,2.31,2.64,28.16,NA,,NA,,NA,,,,220,90,110,77,347,179,220,107,0.02,0,0.11,0.13,1.33,1.32,241,146,362,164,296,123,329,112,1.04,0.28,8.62,0.33,0.02,2
125,Janelt,MID,Brentford,BRE,3,4.9,74,1,4,0.3,0.8,1.3,1,1434,TRUE,FALSE,100,100,204580,0,0,-1,1,0,1,3,Vitaly,FALSE,,2026-02-28T22:00:07.860819Z,49,204580.jpg,3.0,FALSE,Janelt,0.1,FALSE,NA,a,5,94,67811,0,59682,0,0.3,15.1,,80,2020-10-03,1998-05-10,FALSE,p204580,5,21,0,0,0,8,0,0,6,334,350.4,351.8,97.0,79.0,71,85,27,183,15,0.82,2.27,3.09,26.62,2,,NA,,NA,,,,209,82,114,80,290,154,208,98,0.05,0,0.14,0.19,1.67,1.32,298,185,233,104,196,75,494,176,0.94,0.31,11.49,0.82,0.05,2
126,Jensen,MID,Brentford,BRE,3,4.9,98,3,2,4.3,2.2,2.7,2,2239,TRUE,FALSE,NA,NA,207283,0,0,-1,1,0,0,3,Mathias,FALSE,,NA,49,207283.jpg,2.7,FALSE,Jensen,0.1,FALSE,NA,a,5,94,33274,0,27550,0,0.6,20.0,,58,2019-07-10,1996-01-01,FALSE,p207283,9,33,0,0,0,3,0,0,1,465,435.6,632.7,201.0,126.9,62,118,40,220,26,2.21,6.06,8.27,35.72,1,,2,,5,,,,162,59,33,30,185,99,88,54,0.09,0,0.24,0.33,1.44,1.33,301,187,138,59,242,95,423,145,1.05,0.36,8.84,2.21,0.09,2
127,Nunes,MID,Brentford,BRE,3,4.9,0,0,0,0.0,0.0,0.0,0,0,TRUE,FALSE,0,0,626464,0,0,-1,1,0,0,3,Gustavo,FALSE,has joined Swansea City on loan for the rest of the season.,2026-01-23T16:43:23.380280Z,49,626464.jpg,0.0,FALSE,Nunes Fernandes Gomes,0.0,FALSE,NA,u,5,94,1544,0,2374,0,0.0,0.0,,30,2024-08-28,2005-11-20,FALSE,p626464,0,0,0,0,0,0,0,0,0,0,0.0,0.0,0.0,0.0,0,0,0,0,0,0.00,0.00,0.00,0.00,NA,,NA,,NA,,,,802,351,798,351,795,350,802,351,0,0,0,0,0,0,339,211,752,318,802,351,733,306,0,0,0,0.00,0,0
128,Onyeka,MID,Brentford,BRE,3,4.8,12,0,2,0.0,0.0,0.0,0,88,TRUE,FALSE,0,0,428580,0,0,-2,2,0,0,3,Frank,FALSE,has joined Coventry City on loan for the rest of the season.,2026-02-02T23:18:34.199775Z,48,428580.jpg,2.0,FALSE,Onyeka,0.0,FALSE,NA,u,5,94,5396,0,9001,0,0.0,2.5,,157,2021-07-20,1998-01-01,FALSE,p428580,0,2,0,0,0,0,0,0,0,41,28.4,13.6,4.0,4.6,3,5,2,10,0,0.00,0.36,0.36,2.02,NA,,NA,,NA,,,,454,202,427,209,448,219,468,208,0,0,0.37,0.37,2.07,2.05,360,223,723,298,351,150,615,234,0,0,10.23,0.00,0,0
129,Yarmoliuk,MID,Brentford,BRE,3,5,104,1,3,3.7,2.8,3.3,0,2652,TRUE,FALSE,100,100,508395,0,0,0,0,0,0,3,Yehor,FALSE,,2025-10-25T23:00:07.803030Z,50,508395.jpg,2.8,FALSE,Yarmoliuk,0.1,FALSE,NA,a,5,94,27701,0,24796,0,0.7,20.8,,225,2022-10-28,2004-03-01,FALSE,p508395,8,42,0,0,0,7,0,0,1,448,445.0,273.0,117.0,83.4,83,186,69,338,30,1.22,1.39,2.61,40.31,NA,,NA,,NA,,,,154,54,158,104,268,145,195,93,0.04,0,0.05,0.09,1.37,1.43,272,166,104,48,225,87,476,167,1.02,0.27,11.47,1.22,0.04,2
130,Donovan,MID,Brentford,BRE,3,4.4,4,0,0,-0.5,-0.5,0.0,0,38,TRUE,FALSE,NA,NA,606689,0,0,-1,1,0,0,3,Romelle,FALSE,,NA,44,606689.jpg,1.0,FALSE,Donovan,0.1,FALSE,NA,a,5,94,17789,0,20856,0,0.0,0.9,,241,2025-07-01,2006-11-30,FALSE,p606689,0,0,0,0,0,0,0,0,0,19,8.4,11.5,21.0,4.2,0,5,0,5,0,0.09,0.01,0.10,0.39,NA,,NA,,NA,,,,484,216,433,213,401,200,470,209,0.21,0,0.02,0.23,0.92,0,580,350,606,212,489,217,480,170,0,0,11.84,0.09,0.21,0
131,Konak,MID,Brentford,BRE,3,4.3,0,0,0,0.0,0.0,0.0,0,0,TRUE,FALSE,0,0,628204,0,0,-2,2,0,0,3,Yunus Emre,FALSE,has joined Oxford United on loan for the rest of the season.,2026-01-16T15:17:51.447836Z,43,628204.jpg,0.0,FALSE,Konak,0.1,FALSE,NA,u,5,94,38108,0,46431,0,0.0,0.0,,219,2024-01-11,2006-01-10,FALSE,p628204,0,0,0,0,0,0,0,0,0,0,0.0,0.0,0.0,0.0,0,0,0,0,0,0.00,0.00,0.00,0.00,NA,,NA,,NA,,,,671,253,667,257,644,247,673,255,0,0,0,0,0,0,630,376,571,195,681,262,446,154,0,0,0,0.00,0,0
132,Maghoma,MID,Brentford,BRE,3,4.5,0,0,0,0.0,0.0,0.0,0,0,TRUE,FALSE,0,0,220695,0,0,0,0,0,0,3,Paris,FALSE,has joined Norwich City permanently.,2026-01-27T16:47:33.569182Z,45,220695.jpg,0.0,FALSE,Maghoma,0.0,FALSE,NA,u,5,94,4038,0,5660,0,0.0,0.0,,241,2020-08-01,2001-05-08,FALSE,p220695,0,0,0,0,0,0,0,0,0,0,0.0,0.0,0.0,0.0,0,0,0,0,0,0.00,0.00,0.00,0.00,NA,,NA,,NA,,,,705,272,700,274,681,267,707,274,0,0,0,0,0,0,423,253,617,217,711,277,693,278,0,0,0,0.00,0,0
133,Peart-Harris,MID,Brentford,BRE,3,4.4,1,0,0,0.0,0.0,0.0,0,1,TRUE,FALSE,0,0,450539,0,0,-1,1,0,0,3,Myles,FALSE,has joined Oxford United permanently.,2026-01-15T12:49:06.966037Z,44,450539.jpg,1.0,FALSE,Peart-Harris,0.0,FALSE,NA,u,5,94,3881,0,6546,0,0.0,0.2,,241,2021-07-23,2002-09-18,FALSE,p450539,0,0,0,0,0,0,0,0,0,2,0.0,0.0,0.0,0.0,0,0,0,0,0,0.00,0.00,0.00,0.00,NA,,NA,,NA,,,,679,256,675,259,654,250,681,258,0,0,0,0,0,0,553,332,585,198,484,212,647,251,0,0,0,0.00,0,0
134,Trevitt,MID,Brentford,BRE,3,4.5,0,0,0,0.0,0.0,0.0,0,0,TRUE,FALSE,0,0,591357,0,0,0,0,0,0,3,Ryan,FALSE,Has joined Wigan on loan for the rest of the season,2025-08-11T01:07:54.335986Z,45,591357.jpg,0.0,FALSE,Trevitt,0.0,FALSE,NA,u,5,94,0,0,955,0,0.0,0.0,,241,2024-01-08,2003-03-12,FALSE,p591357,0,0,0,0,0,0,0,0,0,0,0.0,0.0,0.0,0.0,0,0,0,0,0,0.00,0.00,0.00,0.00,NA,,NA,,NA,,,,757,318,750,317,737,314,757,318,0,0,0,0,0,0,494,305,675,266,759,319,802,351,0,0,0,0.00,0,0
136,Thiago,FWD,Brentford,BRE,3,7.2,181,22,1,2.3,1.5,2.0,2,3282,TRUE,FALSE,100,100,502500,0,0,12,-12,0,6,4,Igor Thiago,TRUE,,2025-12-18T01:30:08.634916Z,72,502500.jpg,4.8,FALSE,Nascimento Rodrigues,30.2,FALSE,NA,a,5,94,10092741,0,6495947,0,0.3,25.1,Igor Thiago,30,2024-07-01,2001-06-26,FALSE,p502500,10,50,0,0,1,7,0,0,22,710,1019.4,382.5,1170.0,256.9,84,93,37,214,37,20.60,1.83,22.43,53.17,NA,,NA,,2,,,,5,2,103,5,3,3,6,2,0.56,0,0.05,0.61,1.46,1.37,32,12,187,19,17,4,9,3,1.01,0.27,5.87,20.60,0.56,2
137,Morgan,FWD,Brentford,BRE,3,4.4,0,0,0,0.0,0.0,0.0,0,0,TRUE,FALSE,0,0,533710,0,0,-1,1,0,0,4,Iwan,FALSE,has joined Shrewsbury on loan for the rest of the season.,2026-01-02T18:38:50.184481Z,44,533710.jpg,0.0,FALSE,Morgan,0.3,FALSE,NA,u,5,94,52422,0,82860,0,0.0,0.0,,NA,NA,NA,FALSE,p533710,0,0,0,0,0,0,0,0,0,0,0.0,0.0,0.0,0.0,0,0,0,0,0,0.00,0.00,0.00,0.00,NA,,NA,,NA,,,,687,72,682,71,663,70,689,72,0,0,0,0,0,0,566,80,594,60,694,73,336,54,0,0,0,0.00,0,0
748,Dasilva,MID,Brentford,BRE,3,4.9,2,0,0,0.0,-0.2,0.3,0,2,TRUE,FALSE,100,100,183656,0,0,-1,1,0,0,3,Josh,FALSE,,2025-11-20T12:00:10.592439Z,49,183656.jpg,1.0,FALSE,Dasilva,0.0,FALSE,NA,a,5,94,285,0,278,0,0.1,0.4,,241,2025-10-23,1998-10-23,FALSE,p183656,0,0,0,0,0,0,0,0,0,5,0.4,11.3,4.0,1.6,0,1,0,1,0,0.08,0.00,0.08,0.05,NA,,NA,,NA,,,,524,238,434,214,449,220,496,225,3.6,0,0,3.6,2.25,0,294,182,360,163,507,231,815,360,0,0,45,0.08,3.6,0
797,Furo,FWD,Brentford,BRE,3,4.5,1,0,0,-0.3,-0.5,0.0,0,1,TRUE,FALSE,100,100,593174,0,0,0,0,0,0,4,Kaye,FALSE,,2026-04-17T15:00:07.930549Z,45,593174.jpg,1.0,FALSE,Furo,0.0,FALSE,NA,a,5,94,2695,0,1874,0,0.0,0.2,,21,2026-01-11,2007-02-06,FALSE,p593174,0,0,0,0,0,0,0,0,0,2,0.0,0.0,0.0,0.0,0,0,0,0,0,0.00,0.00,0.00,0.02,NA,,NA,,NA,,,,759,81,752,80,739,80,759,81,0,0,0,0,1.8,0,496,70,677,69,499,60,695,88,0,0,0,0.00,0,0
810,Bentt,MID,Brentford,BRE,3,4.5,0,0,0,-0.5,-0.5,0.0,0,0,TRUE,FALSE,NA,NA,559610,0,0,0,0,0,0,3,Luka,FALSE,,NA,45,559610.jpg,0.0,FALSE,Bentt,0.0,FALSE,NA,a,5,94,569,0,313,0,0.0,0.0,,21,2026-01-31,2007-10-01,FALSE,p559610,0,0,0,0,0,0,0,0,0,0,0.0,0.0,0.0,0.0,0,0,0,0,0,0.00,0.00,0.00,0.00,NA,,NA,,NA,,,,737,301,731,301,715,296,738,302,0,0,0,0,0,0,469,285,653,247,740,303,800,349,0,0,0,0.00,0,0
819,Shield,DEF,Brentford,BRE,3,4,0,0,0,-0.5,-0.5,0.0,0,0,TRUE,FALSE,NA,NA,494556,0,0,0,0,0,0,2,Ollie,FALSE,,NA,40,494556.jpg,0.0,FALSE,Shield,0.0,FALSE,NA,a,5,94,546,0,291,0,0.0,0.0,,241,2026-02-15,2006-09-25,FALSE,p494556,0,0,0,0,0,0,0,0,0,0,0.0,0.0,0.0,0.0,0,0,0,0,0,0.00,0.00,0.00,0.00,NA,,NA,,NA,,,,607,224,598,223,567,219,610,224,0,0,0,0,0,0,710,179,477,184,618,224,751,257,0,0,0,0.00,0,0
823,Stephenson,DEF,Brentford,BRE,3,4,0,0,0,-0.5,-0.5,0.0,0,0,TRUE,FALSE,NA,NA,649240,0,0,0,0,0,0,2,Joshua,FALSE,,NA,40,649240.jpg,0.0,FALSE,Stephenson,0.0,FALSE,NA,a,5,94,180,0,99,0,0.0,0.0,,241,2025-08-01,2007-09-04,FALSE,p649240,0,0,0,0,0,0,0,0,0,0,0.0,0.0,0.0,0.0,0,0,0,0,0,0.00,0.00,0.00,0.00,NA,,NA,,NA,,,,643,251,635,250,606,248,646,251,0,0,0,0,0,0,756,214,520,216,653,250,787,263,0,0,0,0.00,0,0
824,McManus,DEF,Brentford,BRE,3,4,0,0,0,-0.5,-0.5,0.0,0,0,TRUE,FALSE,NA,NA,587433,0,0,0,0,0,0,2,Conor,FALSE,,NA,40,587433.jpg,0.0,FALSE,McManus,0.0,FALSE,NA,a,5,94,252,0,126,0,0.0,0.0,,104,2024-07-19,2004-06-16,FALSE,p587433,0,0,0,0,0,0,0,0,0,0,0.0,0.0,0.0,0.0,0,0,0,0,0,0.00,0.00,0.00,0.00,NA,,NA,,NA,,,,628,238,620,237,590,234,631,238,0,0,0,0,0,0,737,197,502,200,638,237,785,262,0,0,0,0.00,0,0
826,Owen,MID,Brentford,BRE,3,4.5,0,0,0,-0.5,-0.5,0.0,0,0,TRUE,FALSE,NA,NA,547671,0,0,0,0,0,0,3,Riley,FALSE,,NA,45,547671.jpg,0.0,FALSE,Owen,0.0,FALSE,NA,a,5,94,249,0,96,0,0.0,0.0,,241,2024-07-19,2005-08-24,FALSE,p547671,0,0,0,0,0,0,0,0,0,0,0.0,0.0,0.0,0.0,0,0,0,0,0,0.00,0.00,0.00,0.00,NA,,NA,,NA,,,,731,296,726,297,709,291,732,297,0,0,0,0,0,0,462,280,646,242,736,300,820,363,0,0,0,0.00,0,0
138,Steele,GKP,Brighton,BHA,4,4.2,0,0,0,0.0,0.0,0.0,0,0,TRUE,FALSE,NA,NA,49262,0,0,-3,3,0,0,1,Jason,FALSE,,NA,42,49262.jpg,0.0,FALSE,Steele,0.2,FALSE,NA,a,6,36,12848,0,42173,0,0.0,0.0,,241,2018-07-01,1990-08-18,FALSE,p49262,0,0,0,0,0,0,0,0,0,0,0.0,0.0,0.0,0.0,0,0,0,0,0,0.00,0.00,0.00,0.00,NA,,NA,,NA,,,,648,91,641,82,612,67,651,91,0,0,0,0,0,0,633,28,527,84,658,91,362,50,0,0,0,0.00,0,0
139,Verbruggen,GKP,Brighton,BHA,4,4.6,130,0,0,3.3,3.3,3.3,2,3420,TRUE,FALSE,NA,NA,489639,0,0,1,-1,0,3,1,Bart,FALSE,,NA,46,489639.jpg,3.4,FALSE,Verbruggen,9.3,FALSE,NA,a,6,36,1475089,0,1130937,0,0.7,28.3,,152,2023-07-03,2002-08-18,FALSE,p489639,10,46,1,1,0,3,0,106,6,616,935.0,10.0,0.0,94.7,32,332,1,0,38,0.00,0.06,0.06,49.06,NA,,NA,,NA,,,,9,2,444,14,768,83,164,2,0,2.79,0,0,1.29,1.21,404,21,102,10,126,16,39,6,1,0.26,0,0.00,0,0
140,McGill,GKP,Brighton,BHA,4,3.9,0,0,0,0.0,0.0,0.0,0,0,TRUE,FALSE,NA,NA,209288,0,0,-1,1,0,0,1,Tom,FALSE,,NA,39,209288.jpg,0.0,FALSE,McGill,0.3,FALSE,NA,a,6,36,19179,0,30974,0,0.0,0.0,,39,2021-02-02,2000-03-25,FALSE,p209288,0,0,0,0,0,0,0,0,0,0,0.0,0.0,0.0,0.0,0,0,0,0,0,0.00,0.00,0.00,0.00,NA,,NA,,NA,,,,556,52,541,35,510,20,559,52,0,0,0,0,0,0,771,79,418,41,567,52,330,45,0,0,0,0.00,0,0
141,Rushworth,GKP,Brighton,BHA,4,4,0,0,0,0.0,0.0,0.0,0,0,TRUE,FALSE,0,0,472739,0,0,0,0,0,0,1,Carl,FALSE,Has joined Coventry City on loan for the rest of the season.,2025-07-25T14:54:18.206318Z,40,472739.jpg,0.0,FALSE,Rushworth,0.0,FALSE,NA,u,6,36,0,0,251,0,0.0,0.0,,241,2023-07-01,2001-07-02,FALSE,p472739,0,0,0,0,0,0,0,0,0,0,0.0,0.0,0.0,0.0,0,0,0,0,0,0.00,0.00,0.00,0.00,NA,,NA,,NA,,,,600,77,591,66,560,51,603,77,0,0,0,0,0,0,703,55,470,69,611,77,818,95,0,0,0,0.00,0,0
142,Scherpen,GKP,Brighton,BHA,4,4,0,0,0,0.0,0.0,0.0,0,0,TRUE,FALSE,0,0,240514,0,0,0,0,0,0,1,Kjell,FALSE,Has joined Union SG permanently,2025-07-25T14:53:26.961790Z,40,240514.jpg,0.0,FALSE,Scherpen,0.0,FALSE,NA,u,6,36,0,0,209,0,0.0,0.0,,152,2021-07-16,2000-01-23,FALSE,p240514,0,0,0,0,0,0,0,0,0,0,0.0,0.0,0.0,0.0,0,0,0,0,0,0.00,0.00,0.00,0.00,NA,,NA,,NA,,,,590,70,581,59,550,44,593,70,0,0,0,0,0,0,691,48,459,62,601,70,821,96,0,0,0,0.00,0,0
143,Boscagli,DEF,Brighton,BHA,4,4.2,39,0,1,0.3,0.0,0.0,0,799,TRUE,FALSE,NA,NA,204120,0,0,-3,3,0,0,2,Olivier,FALSE,,NA,42,204120.jpg,3.2,FALSE,Boscagli,0.1,FALSE,NA,a,6,36,23481,0,22691,0,0.0,9.3,,73,2025-07-02,1997-11-18,FALSE,p204120,3,10,0,0,0,2,0,0,4,171,215.6,82.2,12.0,31.1,62,54,16,78,9,0.05,0.47,0.52,10.87,3,,NA,,NA,,,,299,119,322,106,421,157,366,126,0.01,0,0.05,0.06,1.22,1.13,640,142,529,221,159,57,433,162,1.01,0.34,8.79,0.05,0.01,2
144,Coppola,DEF,Brighton,BHA,4,4.2,10,0,0,0.0,0.0,0.0,0,193,TRUE,FALSE,0,0,550090,0,0,-3,3,0,0,2,Diego,FALSE,has joined Paris FC on loan for the rest of the season.,2026-01-30T15:58:36.007916Z,42,550090.jpg,2.0,FALSE,Coppola,0.0,FALSE,NA,u,6,36,2735,0,8488,0,0.0,2.4,,106,2025-06-17,2003-12-28,FALSE,p550090,1,3,0,0,0,2,0,0,0,32,42.4,3.7,2.0,4.8,16,6,2,18,2,0.00,0.01,0.01,4.52,NA,,NA,,NA,,,,438,161,468,168,457,172,466,167,0,0,0,0,2.11,1.4,655,151,537,225,344,127,608,216,0.93,0.47,8.39,0.00,0,2
145,De Cuyper,DEF,Brighton,BHA,4,4.3,84,2,3,6.0,5.7,5.7,0,1404,TRUE,FALSE,100,100,465730,0,0,-2,2,0,2,2,Maxim,FALSE,,2025-09-13T21:30:07.998380Z,43,465730.jpg,2.8,FALSE,De Cuyper,1.7,FALSE,NA,a,6,36,297957,0,754092,0,1.3,19.5,,21,2025-07-05,2000-12-22,FALSE,p465730,5,23,0,0,0,2,0,0,9,318,327.8,516.6,154.0,99.9,42,68,22,64,17,1.66,4.08,5.74,24.09,NA,,1,,NA,,,,227,90,55,7,232,60,149,46,0.11,0,0.26,0.37,1.54,1.47,598,133,18,11,216,84,151,61,1.09,0.32,4.1,1.66,0.11,2
146,Dunk,DEF,Brighton,BHA,4,4.5,100,1,1,5.7,5.7,5.7,1,2837,TRUE,FALSE,100,100,83299,0,0,0,0,0,2,2,Lewis,FALSE,,2026-03-21T19:00:09.902391Z,45,83299.jpg,3.0,FALSE,Dunk,1.0,FALSE,NA,a,6,36,187324,0,231096,0,1.3,22.2,,241,2009-07-01,1991-11-21,FALSE,p83299,7,40,0,0,0,10,0,0,5,443,649.6,125.5,210.0,98.7,196,135,35,231,31,1.83,0.56,2.39,41.90,NA,,3,,NA,,,,68,30,277,79,171,40,153,50,0.06,0,0.02,0.08,1.33,1.27,410,73,19,12,192,76,202,78,0.98,0.22,7.33,1.83,0.06,2
147,Estupinan,DEF,Brighton,BHA,4,4.5,0,0,0,0.0,0.0,0.0,0,0,TRUE,FALSE,0,0,204214,0,0,0,0,0,0,2,Pervis,FALSE,Has joined AC Milan permanently,2025-07-24T10:14:09.955203Z,45,204214.jpg,0.0,FALSE,Estupiñán Tenorio,0.0,FALSE,NA,u,6,36,0,0,1991,0,0.0,0.0,,62,2022-07-16,1998-01-21,FALSE,p204214,0,0,0,0,0,0,0,0,0,0,0.0,0.0,0.0,0.0,0,0,0,0,0,0.00,0.00,0.00,0.00,NA,,NA,,NA,,,,703,260,698,260,679,259,705,260,0,0,0,0,0,0,419,79,615,243,709,260,756,258,0,0,0,0.00,0,0
148,F.Kadioglu,DEF,Brighton,BHA,4,4.5,118,1,2,3.0,3.0,3.0,1,3130,TRUE,FALSE,NA,NA,231416,0,0,0,0,0,1,2,Ferdi,FALSE,,NA,45,231416.jpg,3.2,FALSE,Kadıoğlu,1.4,FALSE,NA,a,6,36,282610,0,135251,0,0.7,26.2,,219,2024-08-27,1999-10-07,FALSE,p231416,10,41,0,0,0,6,0,0,7,514,505.0,444.8,284.0,123.7,113,130,57,170,34,2.06,3.31,5.37,44.61,NA,,NA,,NA,,,,131,57,74,17,123,21,94,22,0.06,0,0.1,0.16,1.28,1.18,426,85,117,38,162,60,173,68,0.98,0.29,4.89,2.06,0.06,2
149,Igor,DEF,Brighton,BHA,4,4.5,6,0,0,0.0,0.0,0.0,0,103,TRUE,FALSE,100,100,223434,0,0,0,0,0,0,2,Igor Julio,FALSE,,2025-12-29T18:00:08.845429Z,45,223434.jpg,1.5,FALSE,dos Santos de Paulo,0.1,FALSE,NA,a,6,36,11608,0,12023,0,0.0,1.3,Igor Julio,30,2023-07-26,1998-02-07,FALSE,p223434,0,3,0,0,0,0,0,0,0,10,25.8,10.6,0.0,3.6,13,3,0,13,1,0.00,0.00,0.00,4.66,NA,,NA,,NA,,,,456,166,436,159,682,261,475,170,0,0,0,0,4.07,2.62,424,83,618,245,422,154,515,185,0.87,0,11.36,0.00,0,2
150,Lamptey,DEF,Brighton,BHA,4,4.4,0,0,0,0.0,0.0,0.0,0,0,TRUE,FALSE,0,0,232792,0,0,-1,1,0,0,2,Tariq,FALSE,has joined Fiorentina permanently.,2025-09-02T12:06:29.254107Z,44,232792.jpg,0.0,FALSE,Lamptey,0.1,FALSE,NA,u,6,36,2778,0,38727,0,0.0,0.0,,81,2020-01-31,2000-09-30,FALSE,p232792,0,0,0,0,0,0,0,0,0,0,0.0,0.0,0.0,0.0,0,0,0,0,0,0.00,0.00,0.00,0.00,NA,,NA,,NA,,,,676,259,672,259,651,258,678,259,0,0,0,0,0,0,544,110,580,237,685,259,524,189,0,0,0,0.00,0,0
151,Van Hecke,DEF,Brighton,BHA,4,4.7,148,3,3,3.3,3.0,3.0,1,3210,TRUE,FALSE,100,100,469142,0,0,2,-2,0,1,2,Jan Paul,FALSE,,2026-02-08T22:00:09.013159Z,47,469142.jpg,4.1,FALSE,van Hecke,10.7,FALSE,NA,a,6,36,2293857,0,1064675,0,0.6,31.5,,152,2020-09-10,2000-06-08,FALSE,p469142,10,44,1,0,0,9,0,0,8,575,980.6,240.4,295.0,152.0,264,113,53,317,36,3.31,1.57,4.87,46.27,NA,,NA,,NA,,,,7,4,172,44,117,19,57,9,0.09,0,0.04,0.13,1.3,1.23,389,66,120,40,49,17,36,12,1.01,0.28,8.89,3.31,0.09,2
152,Veltman,DEF,Brighton,BHA,4,4.3,46,1,0,2.7,2.3,2.3,0,1047,TRUE,FALSE,100,100,111478,0,0,-2,2,0,0,2,Joël,FALSE,,2025-10-02T13:00:07.706508Z,43,111478.jpg,1.9,FALSE,Veltman,0.1,FALSE,NA,a,6,36,25129,0,39644,0,0.5,10.7,,152,2020-07-29,1992-01-15,FALSE,p111478,2,13,0,0,0,5,0,0,1,176,247.0,80.5,68.0,39.6,68,40,31,99,9,1.15,0.20,1.35,17.27,NA,,NA,,NA,,,,279,110,326,109,329,107,339,114,0.1,0,0.02,0.12,1.48,1.12,584,122,152,53,360,134,444,167,0.77,0.17,8.51,1.15,0.1,2
153,Webster,DEF,Brighton,BHA,4,4.4,0,0,0,0.0,0.0,0.0,0,0,TRUE,FALSE,0,0,110735,0,0,-1,1,0,0,2,Adam,FALSE,Knee injury - Unknown return date,2025-08-08T14:30:04.202011Z,44,110735.jpg,0.0,FALSE,Webster,0.0,FALSE,NA,i,6,36,1199,0,1892,0,0.0,0.0,,241,2019-08-03,1995-01-04,FALSE,p110735,0,0,0,0,0,0,0,0,0,0,0.0,0.0,0.0,0.0,0,0,0,0,0,0.00,0.00,0.00,0.00,NA,,NA,,NA,,,https://www.brightonandhovealbion.com/media-article/mft-match-preview-chelsea-bha-pl-september-2025?utm_source=premier_league&utm_medium=referral&utm_campaign=fantasy&utm_content=injuries-flag,674,258,669,258,648,257,676,258,0,0,0,0,0,0,535,103,576,235,683,258,762,260,0,0,0,0.00,0,0
154,Cashin,DEF,Brighton,BHA,4,4,0,0,0,0.0,0.0,0.0,0,0,TRUE,FALSE,0,0,439135,0,0,0,0,0,0,2,Eiran,FALSE,has joined Blackburn Rovers on loan for the rest of the season.,2025-07-28T11:50:54.390347Z,40,439135.jpg,0.0,FALSE,Cashin,0.0,FALSE,NA,u,6,36,0,0,791,0,0.0,0.0,,104,2025-01-31,2001-11-09,FALSE,p439135,0,0,0,0,0,0,0,0,0,0,0.0,0.0,0.0,0.0,0,0,0,0,0,0.00,0.00,0.00,0.00,NA,,NA,,NA,,,,593,218,584,217,553,213,596,218,0,0,0,0,0,0,694,171,462,177,604,218,795,264,0,0,0,0.00,0,0
155,Slater,DEF,Brighton,BHA,4,4,0,0,0,0.0,0.0,0.0,0,0,TRUE,FALSE,0,0,589100,0,0,0,0,0,0,2,Jacob,FALSE,has joined Harrogate Town on loan until January.,2025-09-22T21:52:58.462370Z,40,589100.jpg,0.0,FALSE,Slater,0.1,FALSE,NA,u,6,36,3175,0,16833,0,0.0,0.0,,NA,NA,NA,FALSE,p589100,0,0,0,0,0,0,0,0,0,0,0.0,0.0,0.0,0.0,0,0,0,0,0,0.00,0.00,0.00,0.00,NA,,NA,,NA,,,,630,239,622,238,592,235,633,239,0,0,0,0,0,0,739,198,504,201,640,238,513,183,0,0,0,0.00,0,0
156,Tasker,DEF,Brighton,BHA,4,3.8,0,0,0,0.0,0.0,0.0,0,0,TRUE,FALSE,NA,NA,547720,0,0,-2,2,0,0,2,Charlie,FALSE,,NA,38,547720.jpg,0.0,FALSE,Tasker,0.2,FALSE,NA,a,6,36,13806,0,19237,0,0.0,0.0,,241,2025-03-28,2006-02-24,FALSE,p547720,0,0,0,0,0,0,0,0,0,0,0.0,0.0,0.0,0.0,0,0,0,0,0,0.00,0.00,0.00,0.00,NA,,NA,,NA,,,,544,198,526,197,494,192,547,198,0,0,0,0,0,0,825,255,402,151,555,198,414,154,0,0,0,0.00,0,0
157,Mitoma,MID,Brighton,BHA,4,6.1,62,3,1,0.0,0.0,0.0,0,1714,TRUE,FALSE,0,0,451340,0,0,-4,4,0,0,3,Mitoma,FALSE,Hamstring injury - Expected back 01 Jun,2026-05-09T21:30:09.356823Z,61,451340.jpg,2.5,FALSE,Kaoru,1.9,FALSE,NA,i,6,36,398054,0,965064,0,0.0,10.2,,108,2021-08-09,1997-05-20,FALSE,p451340,5,20,0,0,0,5,0,0,2,247,288.4,422.3,416.0,112.3,27,62,18,107,19,4.04,2.74,6.78,23.76,NA,,NA,,NA,,,https://www.brightonandhovealbion.com/media-article/every-word-from-fabian-hurzelers-pre-leeds-united-press-conference?utm_source=premier_league&utm_medium=referral&utm_campaign=fantasy&utm_content=injuries-flag,253,108,78,57,72,42,118,67,0.21,0,0.14,0.35,1.25,1.05,83,54,823,368,283,116,140,45,1,0.26,5.62,4.04,0.21,2
158,Georginio,MID,Brighton,BHA,4,5.6,87,3,5,1.0,1.0,1.0,1,1776,TRUE,FALSE,100,100,463067,0,0,-4,4,0,0,3,Georginio,FALSE,,2025-11-30T22:30:09.146377Z,56,463067.jpg,2.7,FALSE,Rutter,0.3,FALSE,NA,a,6,36,145213,0,266355,0,0.2,15.5,,73,2024-08-19,2002-04-20,FALSE,p463067,7,20,1,0,0,2,0,0,2,290,338.6,349.5,448.0,113.5,38,61,32,131,20,2.90,2.90,5.80,21.59,NA,,NA,,NA,,,,218,89,117,82,61,35,114,64,0.15,0,0.15,0.3,1.09,1.01,130,81,280,124,247,100,308,107,1.01,0.35,6.64,2.90,0.15,2
159,March,MID,Brighton,BHA,4,5.8,4,0,0,0.7,1.0,1.0,1,38,TRUE,FALSE,100,100,109345,0,0,-2,2,0,0,3,Solly,FALSE,,2026-04-20T12:00:07.808781Z,58,109345.jpg,1.0,FALSE,March,0.0,FALSE,NA,a,6,36,3768,0,4410,0,0.2,0.7,,241,2012-07-01,1994-07-20,FALSE,p109345,0,1,0,0,0,0,0,0,0,18,7.4,2.2,23.0,3.2,0,3,2,5,0,0.04,0.02,0.06,0.58,NA,,NA,,NA,,,,486,217,477,228,395,198,478,214,0.09,0,0.05,0.14,1.37,2.37,103,67,283,125,520,242,701,282,0,0,11.84,0.04,0.09,0
160,Minteh,MID,Brighton,BHA,4,5.5,117,3,8,4.7,4.3,4.3,1,2389,TRUE,FALSE,100,100,592031,0,0,-5,5,0,0,3,Yankuba,FALSE,,2025-12-31T00:00:09.377936Z,55,592031.jpg,3.4,FALSE,Minteh,2.5,FALSE,NA,a,6,36,2151128,0,2014117,0,0.8,21.3,,78,2024-07-01,2004-07-22,FALSE,p592031,11,33,0,0,0,3,0,0,9,466,491.8,691.4,617.0,180.3,33,96,56,185,26,3.81,5.06,8.87,34.09,5,,NA,,NA,,,,135,46,28,26,32,16,33,26,0.14,0,0.19,0.33,1.28,1.24,148,93,56,22,138,59,120,40,0.98,0.41,6.97,3.81,0.14,2
161,Enciso,MID,Brighton,BHA,4,5.4,0,0,0,0.0,0.0,0.0,0,0,TRUE,FALSE,0,0,474120,0,0,-1,1,0,0,3,Julio,FALSE,has joined Strasbourg permanently.,2025-08-10T18:00:05.470138Z,54,474120.jpg,0.0,FALSE,Enciso Espínola,0.0,FALSE,NA,u,6,36,105,0,2971,0,0.0,0.0,,168,2022-06-17,2004-01-23,FALSE,p474120,0,0,0,0,0,0,0,0,0,0,0.0,0.0,0.0,0.0,0,0,0,0,0,0.00,0.00,0.00,0.00,NA,,NA,,NA,,,,826,368,826,368,825,368,826,368,0,0,0,0,0,0,168,104,801,352,826,368,757,321,0,0,0,0.00,0,0
162,Gruda,MID,Brighton,BHA,4,5.4,35,1,1,0.0,0.0,0.0,0,708,TRUE,FALSE,0,0,513433,0,0,-1,1,0,0,3,Brajan,FALSE,has joined Leipzig on loan for the rest of the season.,2026-02-02T13:42:58.370286Z,54,513433.jpg,1.9,FALSE,Gruda,0.0,FALSE,NA,u,6,36,16799,0,19928,0,0.0,6.5,,80,2024-08-14,2004-05-31,FALSE,p513433,2,11,0,0,0,2,0,0,2,114,134.4,217.1,152.0,50.0,4,40,14,58,8,1.86,0.88,2.74,13.82,NA,,NA,,NA,,,,363,164,186,123,234,128,304,152,0.24,0,0.11,0.35,1.76,1.4,173,109,803,354,366,157,605,230,1.02,0.25,7.37,1.86,0.24,2
163,Hinshelwood,MID,Brighton,BHA,4,5.2,91,4,5,6.0,4.3,4.3,2,1736,TRUE,FALSE,100,100,532529,0,0,-3,3,0,0,3,Jack,FALSE,,2025-09-13T21:30:08.019508Z,52,532529.jpg,3.4,FALSE,Hinshelwood,1.6,FALSE,NA,a,6,36,260749,0,70206,0,0.8,17.5,,241,2022-12-30,2005-04-11,FALSE,p532529,7,23,1,0,0,0,0,0,2,317,312.6,228.0,412.0,94.8,35,61,18,114,20,4.94,2.34,7.28,27.83,NA,,NA,,NA,,,,236,99,181,118,73,43,163,84,0.26,0,0.12,0.38,1.44,1.19,216,133,55,21,133,56,162,56,1.04,0.36,5.91,4.94,0.26,2
164,O.Riley,MID,Brighton,BHA,4,5.5,16,1,0,0.0,0.0,0.0,0,202,TRUE,FALSE,100,100,219249,0,0,0,0,0,1,3,Matt,FALSE,,2025-09-02T12:06:29.272628Z,55,219249.jpg,2.7,FALSE,O'Riley,0.3,FALSE,NA,a,6,36,133640,0,200965,0,0.0,2.9,,58,2024-08-26,2000-11-21,FALSE,p219249,1,3,0,0,0,0,0,0,2,48,65.4,67.7,63.0,19.6,3,2,5,10,2,1.21,0.18,1.39,2.53,NA,,NA,,3,,,,422,181,340,182,333,173,396,182,0.54,0,0.08,0.62,1.13,1.34,139,87,808,359,246,99,304,105,0.89,0.45,4.46,1.21,0.54,0
165,Sima,MID,Brighton,BHA,4,5.4,0,0,0,0.0,0.0,0.0,0,0,TRUE,FALSE,0,0,516211,0,0,-1,1,0,0,3,Abdallah,FALSE,has joined Lens permanently.,2025-09-02T12:06:29.290672Z,54,516211.jpg,0.0,FALSE,Sima,0.0,FALSE,NA,u,6,36,247,0,2255,0,0.0,0.0,,189,2021-08-30,2001-06-17,FALSE,p516211,0,0,0,0,0,0,0,0,0,0,0.0,0.0,0.0,0.0,0,0,0,0,0,0.00,0.00,0.00,0.00,NA,,NA,,NA,,,,827,369,827,369,826,369,827,369,0,0,0,0,0,0,174,110,804,355,827,369,742,312,0,0,0,0.00,0,0
166,Ayari,MID,Brighton,BHA,4,4.8,98,3,4,0.7,0.7,0.7,0,1921,TRUE,FALSE,100,100,509416,0,0,-2,2,0,2,3,Yasin,FALSE,,2026-03-03T13:30:09.861024Z,48,509416.jpg,3.4,FALSE,Ayari,0.4,FALSE,NA,a,6,36,218577,0,204165,0,0.1,20.4,,206,2023-01-30,2003-10-06,FALSE,p509416,6,24,0,0,0,1,0,0,7,406,359.8,251.3,231.0,84.5,54,124,47,225,20,2.70,1.15,3.85,26.85,NA,,2,,NA,,,,206,80,166,109,156,85,191,92,0.13,0,0.05,0.18,1.26,1.12,372,231,305,134,128,53,300,104,0.94,0.28,10.54,2.70,0.13,2
167,Baleba,MID,Brighton,BHA,4,4.5,56,0,0,3.3,3.0,3.0,1,1646,TRUE,FALSE,100,100,535301,0,0,-5,5,0,0,3,Carlos,FALSE,,2026-01-15T20:30:09.550299Z,45,535301.jpg,1.8,FALSE,Baleba,1.5,FALSE,NA,a,6,36,234049,0,576433,0,0.7,12.4,,38,2023-08-29,2004-01-03,FALSE,p535301,7,19,0,0,0,5,0,0,0,231,166.8,156.3,44.0,36.8,67,105,37,209,23,0.78,0.72,1.50,20.40,NA,,NA,,NA,,,,333,148,244,155,352,182,346,165,0.04,0,0.04,0.08,1.12,1.04,458,276,119,52,380,162,163,57,1.26,0.38,11.43,0.78,0.04,2
169,Gomez,MID,Brighton,BHA,4,4.9,97,5,1,0.3,0.7,0.7,1,2117,TRUE,FALSE,100,100,514254,0,0,-1,1,0,2,3,Diego,FALSE,,2026-04-20T12:00:07.818437Z,49,514254.jpg,3.0,FALSE,Gómez Amarilla,0.4,FALSE,NA,a,6,36,225193,0,192159,0,0.1,19.8,,168,2025-01-01,2003-03-27,FALSE,p514254,8,29,0,0,0,9,0,0,9,361,438.2,319.7,432.0,119.0,49,112,77,238,26,6.24,1.72,7.96,29.35,NA,,5,,NA,,,,158,56,132,91,68,40,104,59,0.27,0,0.07,0.34,1.25,1.23,332,204,309,136,197,76,293,101,1.11,0.34,10.12,6.24,0.27,2
170,Milner,MID,Brighton,BHA,4,4.9,35,1,1,0.0,0.3,0.3,1,772,TRUE,FALSE,100,100,15157,0,0,-1,1,0,0,3,James,FALSE,,2026-04-11T20:30:08.760792Z,49,15157.jpg,1.8,FALSE,Milner,0.1,FALSE,NA,a,6,36,19906,0,25164,0,0.1,7.1,,241,2023-07-01,1986-01-04,FALSE,p15157,2,17,0,0,0,2,0,0,0,158,139.0,151.4,59.0,34.7,25,40,15,80,7,1.03,0.66,1.69,12.82,NA,,NA,,1,,,,360,162,252,159,338,176,353,170,0.12,0,0.08,0.2,1.49,1.98,282,174,358,162,382,163,472,164,0.82,0.23,9.33,1.03,0.12,2
171,Sarmiento,MID,Brighton,BHA,4,4.9,0,0,0,0.0,0.0,0.0,0,0,TRUE,FALSE,0,0,441192,0,0,-1,1,0,0,3,Jeremy,FALSE,has joined Middlesbrough on loan for the rest of the season.,2026-01-27T16:47:58.618791Z,49,441192.jpg,0.0,FALSE,Sarmiento Morante,0.0,FALSE,NA,u,6,36,197,0,2983,0,0.0,0.0,,62,2021-09-21,2002-06-16,FALSE,p441192,0,0,0,0,0,0,0,0,0,0,0.0,0.0,0.0,0.0,0,0,0,0,0,0.00,0.00,0.00,0.00,NA,,NA,,NA,,,,798,349,794,349,791,348,798,349,0,0,0,0,0,0,322,199,743,312,798,349,719,296,0,0,0,0.00,0,0
172,Watson,MID,Brighton,BHA,4,4.8,5,0,0,0.0,0.0,0.0,0,57,TRUE,FALSE,0,0,549074,0,0,-2,2,0,0,3,Tom,FALSE,has joined Millwall on loan for the rest of the season.,2026-02-02T13:42:58.389602Z,48,549074.jpg,0.8,FALSE,Watson,0.0,FALSE,NA,u,6,36,2397,0,4337,0,0.0,1.0,,241,2025-06-01,2006-04-08,FALSE,p549074,0,2,0,0,0,1,0,0,0,15,6.0,2.4,7.0,1.6,0,4,1,5,0,0.04,0.03,0.07,1.72,NA,,NA,,NA,,,,492,220,476,227,438,211,495,224,0.06,0,0.05,0.11,2.72,3.16,374,233,724,299,533,247,658,259,0,0,7.89,0.04,0.06,0
173,Wieffer,MID,Brighton,BHA,4,4.8,94,2,4,0.3,0.7,0.7,2,1901,TRUE,FALSE,100,100,467779,0,0,-2,2,0,1,3,Mats,FALSE,,2026-05-02T23:30:09.953939Z,48,467779.jpg,3.6,FALSE,Wieffer,0.3,FALSE,NA,a,6,36,180281,0,156497,0,0.1,19.6,,152,2024-07-06,1999-11-16,FALSE,p467779,6,26,0,0,0,8,0,0,6,398,477.0,291.1,209.0,97.7,101,102,66,269,23,1.92,1.86,3.78,23.95,NA,,NA,,NA,,,,142,50,151,99,174,94,157,81,0.09,0,0.09,0.18,1.13,1.23,363,226,304,133,98,45,333,114,1.09,0.28,12.74,1.92,0.09,2
174,Yalcouye,MID,Brighton,BHA,4,5,0,0,0,0.0,0.0,0.0,0,0,TRUE,FALSE,0,0,611695,0,0,0,0,0,0,3,Malick,FALSE,Has joined Swansea City on loan for the rest of the season.,2025-08-15T12:03:00.771795Z,50,611695.jpg,0.0,FALSE,Yalcouyé,0.0,FALSE,NA,u,6,36,0,0,1268,0,0.0,0.0,,54,2024-07-12,2005-11-18,FALSE,p611695,0,0,0,0,0,0,0,0,0,0,0.0,0.0,0.0,0.0,0,0,0,0,0,0.00,0.00,0.00,0.00,NA,,NA,,NA,,,,817,363,816,363,813,362,817,363,0,0,0,0,0,0,279,172,772,333,817,363,791,342,0,0,0,0.00,0,0
175,Knight,MID,Brighton,BHA,4,4.4,1,0,0,0.0,0.0,0.0,0,1,TRUE,FALSE,0,0,567121,0,0,-1,1,0,0,3,Joe,FALSE,has joined Stevenage permanently.,2026-02-06T22:48:38.233784Z,44,567121.jpg,1.0,FALSE,Knight,0.1,FALSE,NA,u,6,36,11030,0,15541,0,0.0,0.2,,241,2025-01-31,2005-09-21,FALSE,p567121,0,0,0,0,0,0,0,0,0,3,0.0,0.0,0.0,0.0,0,0,0,0,0,0.00,0.00,0.00,0.00,NA,,NA,,NA,,,,692,266,687,268,668,261,694,268,0,0,0,0,0,0,572,345,600,209,487,215,551,204,0,0,0,0.00,0,0
176,Mazilu,MID,Brighton,BHA,4,4.5,0,0,0,0.0,0.0,0.0,0,0,TRUE,FALSE,0,0,550141,0,0,0,0,0,0,3,Adrian,FALSE,has joined Dinamo Bucharest permanently.,2025-09-22T21:46:15.598017Z,45,550141.jpg,0.0,FALSE,Mazilu,0.0,FALSE,NA,u,6,36,1435,0,4630,0,0.0,0.0,,NA,NA,NA,FALSE,p550141,0,0,0,0,0,0,0,0,0,0,0.0,0.0,0.0,0.0,0,0,0,0,0,0.00,0.00,0.00,0.00,NA,,NA,,NA,,,,732,297,727,298,710,292,733,298,0,0,0,0,0,0,463,281,647,243,737,301,703,284,0,0,0,0.00,0,0
177,Moran,MID,Brighton,BHA,4,4.5,0,0,0,0.0,0.0,0.0,0,0,TRUE,FALSE,0,0,513834,0,0,0,0,0,0,3,Andrew,FALSE,Has joined Los Angeles FC on loan for the rest of the season.,2025-08-22T14:16:38.542849Z,45,513834.jpg,0.0,FALSE,Moran,0.0,FALSE,NA,u,6,36,490,0,5133,0,0.0,0.0,,104,2021-08-23,2003-10-15,FALSE,p513834,0,0,0,0,0,0,0,0,0,0,0.0,0.0,0.0,0.0,0,0,0,0,0,0.00,0.00,0.00,0.00,NA,,NA,,NA,,,,723,288,718,289,701,283,724,289,0,0,0,0,0,0,453,271,638,234,728,292,716,294,0,0,0,0.00,0,0
178,Welbeck,FWD,Brighton,BHA,4,6.3,126,13,1,3.0,1.7,1.7,1,2249,TRUE,FALSE,100,100,50175,0,0,-2,2,0,3,4,Danny,FALSE,,2025-12-19T14:00:08.695558Z,63,50175.jpg,3.4,FALSE,Welbeck,8.4,FALSE,NA,a,6,36,3324662,0,2837619,0,0.3,20.0,,241,2020-10-18,1990-11-26,FALSE,p50175,10,28,0,0,2,5,0,0,18,511,578.8,309.7,803.0,168.2,39,49,24,112,26,12.36,1.40,13.76,31.68,NA,,4,,2,,,,93,8,139,11,17,9,39,7,0.49,0,0.06,0.55,1.27,1.12,63,22,217,23,140,15,52,10,1.04,0.4,4.48,12.36,0.49,2
179,Ferguson,FWD,Brighton,BHA,4,5.5,0,0,0,0.0,0.0,0.0,0,0,TRUE,FALSE,0,0,487117,0,0,0,0,0,0,4,Evan,FALSE,Has joined AS Roma on loan for the rest of the season,2025-07-24T10:13:22.396984Z,55,487117.jpg,0.0,FALSE,Ferguson,0.0,FALSE,NA,u,6,36,0,0,1562,0,0.0,0.0,,104,2021-08-23,2004-10-19,FALSE,p487117,0,0,0,0,0,0,0,0,0,0,0.0,0.0,0.0,0.0,0,0,0,0,0,0.00,0.00,0.00,0.00,NA,,NA,,NA,,,,831,92,831,92,830,92,831,92,0,0,0,0,0,0,145,36,812,85,831,92,763,92,0,0,0,0.00,0,0
180,Tzimas,FWD,Brighton,BHA,4,5.2,16,1,1,0.0,0.0,0.0,0,132,TRUE,FALSE,0,0,608181,0,0,-3,3,0,0,4,Stefanos,FALSE,Knee injury - Expected back 01 Jun,2025-12-04T09:00:09.057817Z,52,608181.jpg,1.8,FALSE,Tzimas,0.1,FALSE,NA,i,6,36,13803,0,23710,0,0.0,3.1,,83,2025-02-03,2006-01-06,FALSE,p608181,0,2,0,0,0,0,0,0,0,55,66.6,65.7,44.0,17.7,2,10,3,15,1,0.44,0.11,0.55,2.59,NA,,NA,,NA,,,https://www.brightonandhovealbion.com/media-article/mft-injury-update-stefanos-tzimas-out-for-season-december-2025?utm_source=premier_league&utm_medium=referral&utm_campaign=fantasy&utm_content=injuries-flag,418,49,345,44,354,55,402,51,0.3,0,0.08,0.38,1.77,1.36,220,48,785,83,387,43,538,74,0.68,0,10.23,0.44,0.3,2
181,Kostoulas,FWD,Brighton,BHA,4,4.8,35,2,1,1.0,1.0,1.0,1,351,TRUE,FALSE,NA,NA,647850,0,0,-2,2,0,0,4,Charalampos,FALSE,,NA,48,647850.jpg,1.7,FALSE,Kostoulas,0.3,FALSE,NA,a,6,36,58706,0,81260,0,0.2,7.3,,83,2025-07-01,2007-05-30,FALSE,p647850,1,9,0,0,0,2,0,0,3,140,143.6,126.5,255.0,52.4,5,25,11,41,2,2.12,0.54,2.66,6.04,NA,,NA,,NA,,,,353,38,276,32,138,37,294,34,0.54,0,0.14,0.68,1.55,2.31,376,64,265,32,403,45,309,50,0.51,0.26,10.51,2.12,0.54,2
744,Oriola,MID,Brighton,BHA,4,4.5,1,0,0,0.0,0.0,0.0,0,1,TRUE,FALSE,NA,NA,556637,0,0,0,0,0,0,3,Nehemiah,FALSE,,NA,45,556637.jpg,1.0,FALSE,Oriola,0.0,FALSE,NA,a,6,36,3357,0,2509,0,0.0,0.2,,241,2025-10-17,2007-06-11,FALSE,p556637,0,0,0,0,0,0,0,0,0,3,0.0,0.0,0.0,0.0,0,0,0,0,0,0.00,0.00,0.00,0.00,NA,,NA,,NA,,,,736,300,730,300,714,295,737,301,0,0,0,0,0,0,468,284,652,246,492,220,712,292,0,0,0,0.00,0,0
761,Simmonds,DEF,Brighton,BHA,4,4,0,0,0,0.0,0.0,0.0,0,0,TRUE,FALSE,NA,NA,604988,0,0,0,0,0,0,2,Freddie,FALSE,,NA,40,604988.jpg,0.0,FALSE,Simmonds,0.0,FALSE,NA,a,6,36,1482,0,1188,0,0.0,0.0,,241,2024-07-01,2008-03-09,FALSE,p604988,0,0,0,0,0,0,0,0,0,0,0.0,0.0,0.0,0.0,0,0,0,0,0,0.00,0.00,0.00,0.00,NA,,NA,,NA,,,,634,243,626,242,596,239,637,243,0,0,0,0,0,0,744,203,509,206,644,242,684,243,0,0,0,0.00,0,0
783,Gross,MID,Brighton,BHA,4,5.6,78,1,6,3.7,3.7,3.7,2,1636,TRUE,FALSE,NA,NA,60307,0,0,1,-1,0,1,3,Pascal,FALSE,,NA,56,60307.jpg,4.1,FALSE,Groß,3.0,FALSE,NA,a,6,36,564723,0,180960,0,0.7,13.9,,80,2026-01-02,1991-06-15,FALSE,p60307,6,17,0,0,0,2,0,0,10,389,397.2,668.2,220.0,128.5,40,76,29,145,18,1.39,3.95,5.34,20.36,1,,NA,,NA,,,,185,71,31,28,167,92,87,53,0.08,0,0.22,0.3,1.12,0.94,121,76,92,41,51,24,110,36,0.99,0.33,7.98,1.39,0.08,2
795,Howell,MID,Brighton,BHA,4,4.5,4,0,0,0.0,0.0,0.0,0,92,TRUE,FALSE,NA,NA,597320,0,0,0,0,0,0,3,Harry,FALSE,,NA,45,597320.jpg,1.3,FALSE,Howell,0.0,FALSE,NA,a,6,36,1117,0,622,0,0.0,0.9,,241,2025-04-11,2008-04-20,FALSE,p597320,0,2,0,0,0,0,0,0,0,11,10.2,5.1,2.0,1.8,3,3,1,7,1,0.00,0.03,0.03,1.04,NA,,NA,,NA,,,,480,212,462,222,465,229,490,220,0,0,0.03,0.03,1.02,1.96,498,308,679,269,444,194,768,328,0.98,0,6.85,0.00,0,0
220,Sanchez,GKP,Chelsea,CHE,3,4.8,113,0,1,1.0,1.3,1.3,2,3040,TRUE,FALSE,100,100,215059,0,0,-2,2,0,2,1,Robert,FALSE,,2026-05-04T20:30:09.448691Z,48,215059.jpg,3.2,FALSE,Lynch Sánchez,10.3,FALSE,NA,a,7,8,1777466,0,3376474,0,0.3,23.5,,200,2023-08-05,1997-11-18,FALSE,p215059,9,49,0,0,0,3,1,98,7,509,822.2,50.0,0.0,86.7,27,302,2,0,35,0.00,0.04,0.04,48.64,NA,,NA,,NA,,,,29,8,367,1,777,88,180,6,0,2.9,0,0,1.44,1.45,352,13,232,18,164,21,37,5,1.04,0.27,0,0.00,0,0
221,Jorgensen,GKP,Chelsea,CHE,3,4.3,9,0,0,1.0,0.7,0.7,0,378,TRUE,FALSE,100,100,508479,0,0,-2,2,0,0,1,Filip,FALSE,,2026-03-15T12:30:10.053086Z,43,508479.jpg,1.8,FALSE,Jörgensen,0.2,FALSE,NA,a,7,8,19782,0,30780,0,0.2,2.1,,58,2024-07-30,2002-04-16,FALSE,p508479,0,5,0,0,0,0,0,8,0,50,79.8,0.0,0.0,7.9,3,34,0,0,3,0.00,0.00,0.00,4.12,NA,,NA,,NA,,,,407,31,656,86,634,75,448,32,0,1.9,0,0,0.98,1.19,613,27,297,24,378,36,407,58,0.71,0,0,0.00,0,0
222,Penders,GKP,Chelsea,CHE,3,4,0,0,0,0.0,0.0,0.0,0,0,TRUE,FALSE,0,0,549939,0,0,0,0,0,0,1,Mike,FALSE,Has joined RC Strasbourg on loan for the rest of the season.,2025-07-28T11:48:06.001822Z,40,549939.jpg,0.0,FALSE,Penders,0.0,FALSE,NA,u,7,8,0,0,347,0,0.0,0.0,,21,2024-08-27,2005-07-31,FALSE,p549939,0,0,0,0,0,0,0,0,0,0,0.0,0.0,0.0,0.0,0,0,0,0,0,0.00,0.00,0.00,0.00,NA,,NA,,NA,,,,619,86,611,76,581,61,622,86,0,0,0,0,0,0,728,65,493,79,629,86,810,94,0,0,0,0.00,0,0
223,Slonina,GKP,Chelsea,CHE,3,3.8,0,0,0,0.0,0.0,0.0,0,0,TRUE,FALSE,NA,NA,471798,0,0,-2,2,0,0,1,Gabriel,FALSE,,NA,38,471798.jpg,0.0,FALSE,Słonina,0.1,FALSE,NA,a,7,8,12739,0,13770,0,0.0,0.0,,229,2022-08-02,2004-05-15,FALSE,p471798,0,0,0,0,0,0,0,0,0,0,0.0,0.0,0.0,0.0,0,0,0,0,0,0.00,0.00,0.00,0.00,NA,,NA,,NA,,,,537,43,518,22,486,7,540,43,0,0,0,0,0,0,813,95,392,29,548,43,454,67,0,0,0,0.00,0,0
224,Cucurella,DEF,Chelsea,CHE,3,6.1,104,1,4,2.0,1.0,1.0,1,2706,TRUE,FALSE,100,100,179268,0,0,1,-1,0,0,2,Marc,FALSE,,2026-02-11T13:00:09.713531Z,61,179268.jpg,3.1,FALSE,Cucurella Saseta,14.6,FALSE,NA,a,7,8,3094674,0,3953194,0,0.2,17.0,,200,2022-08-05,1998-07-22,FALSE,p179268,9,39,0,0,0,8,1,0,5,468,562.8,577.8,309.0,145.1,127,113,55,182,31,2.34,3.23,5.57,41.45,NA,,NA,,NA,,,,98,43,41,3,111,15,63,10,0.08,0,0.11,0.19,1.38,1.3,80,4,286,103,186,72,26,9,1.03,0.3,6.05,2.34,0.08,2
225,James,DEF,Chelsea,CHE,3,5.6,115,2,6,0.3,0.7,0.7,1,1957,TRUE,FALSE,100,100,225796,0,0,1,-1,0,1,2,Reece,FALSE,,2026-03-17T08:30:10.494517Z,56,225796.jpg,4.0,FALSE,James,6.0,FALSE,NA,a,7,8,2212085,0,2272671,0,0.1,20.5,,241,2019-05-15,1999-12-08,FALSE,p225796,8,20,0,0,0,4,0,0,11,493,459.0,483.7,116.0,106.1,80,101,48,128,20,1.04,3.20,4.24,28.75,1,,1,,NA,,,,149,62,62,10,270,75,134,42,0.05,0,0.15,0.2,1.32,0.92,128,12,317,112,63,23,68,21,0.92,0.37,5.89,1.04,0.05,2
226,Chalobah,DEF,Chelsea,CHE,3,5.4,136,3,1,0.7,0.7,0.7,1,2780,TRUE,FALSE,100,100,180736,0,0,4,-4,0,2,2,Trevoh,FALSE,,2026-03-17T23:30:09.487098Z,54,180736.jpg,4.0,FALSE,Chalobah,8.8,FALSE,NA,a,7,8,4846236,0,4142802,0,0.1,25.2,,241,2018-02-16,1999-07-05,FALSE,p180736,9,40,0,0,0,3,1,0,7,516,719.2,111.2,160.0,99.1,230,119,35,265,31,1.44,1.03,2.47,40.83,NA,,NA,,NA,,,,48,20,289,89,227,58,152,49,0.05,0,0.03,0.08,1.32,1.29,155,17,315,111,60,22,46,14,1,0.29,8.58,1.44,0.05,2
227,Colwill,DEF,Chelsea,CHE,3,4.7,8,0,0,1.7,2.3,2.3,3,225,TRUE,FALSE,100,100,460028,0,0,-3,3,0,0,2,Levi,FALSE,,2025-08-08T14:30:04.255160Z,47,460028.jpg,2.7,FALSE,Samuels Colwill,0.2,FALSE,NA,a,7,8,8167,0,31558,0,0.5,1.7,,241,2022-07-01,2003-02-26,FALSE,p460028,0,4,0,0,0,0,0,0,0,30,66.0,7.6,6.0,8.0,22,9,3,25,2,0.00,0.12,0.12,3.36,NA,,NA,,NA,,,,419,156,452,163,439,167,446,160,0,0,0.05,0.05,1.34,1.6,387,65,153,54,240,94,420,157,0.8,0,10,0.00,0,2
228,Gusto,DEF,Chelsea,CHE,3,4.8,96,2,3,0.5,0.2,0.3,-1,2255,TRUE,FALSE,100,75,482609,0,0,-2,2,0,2,2,Malo,FALSE,,2026-05-20T12:00:09.005199Z,48,482609.jpg,2.8,FALSE,Gusto,1.7,FALSE,NA,a,7,8,559012,0,579017,0,0.1,20.0,,73,2023-01-28,2003-05-19,FALSE,p482609,7,36,1,0,0,3,1,0,7,406,443.6,448.5,205.0,109.8,74,123,52,126,26,1.56,2.97,4.53,37.13,NA,,NA,,NA,,,,155,64,73,16,179,43,121,34,0.06,0,0.12,0.18,1.48,1.44,365,62,355,125,221,89,152,62,1.04,0.28,5.03,1.56,0.06,2
229,Badiashile,DEF,Chelsea,CHE,3,4.4,7,0,0,0.0,0.0,0.0,0,470,TRUE,FALSE,100,100,242880,0,0,-1,1,0,0,2,Benoît,FALSE,,2026-03-17T23:30:09.519518Z,44,242880.jpg,0.9,FALSE,Badiashile Mukinayi,0.0,FALSE,NA,a,7,8,9211,0,10008,0,0.0,1.6,,73,2023-01-05,2001-03-26,FALSE,p242880,0,10,0,0,0,2,0,0,0,48,102.8,7.9,2.0,11.4,41,16,7,48,6,0.00,0.06,0.06,7.41,NA,,NA,,NA,,,,388,144,451,162,462,173,430,156,0,0,0.01,0.01,1.42,1.91,546,112,581,238,524,176,650,232,1.15,0,9.19,0.00,0,2
230,Fofana,DEF,Chelsea,CHE,3,4.4,65,0,2,2.3,1.7,1.7,-2,1718,TRUE,FALSE,0,100,444463,0,0,-1,1,0,0,2,Wesley,FALSE,Suspended until 05 Sep,2026-05-24T21:30:14.198808Z,44,444463.jpg,2.6,FALSE,Fofana,0.4,FALSE,NA,s,7,8,138920,0,130225,0,0.4,14.8,,73,2022-08-31,2000-12-17,FALSE,p444463,4,25,0,0,0,5,2,0,3,288,463.6,65.6,74.0,60.4,187,81,19,206,20,0.72,0.60,1.32,25.81,NA,,NA,,NA,,,,147,61,346,119,318,101,267,88,0.04,0,0.03,0.07,1.35,1.31,550,115,204,73,259,100,299,111,1.05,0.21,10.79,0.72,0.04,2
231,M.Sarr,DEF,Chelsea,CHE,3,4.5,3,0,0,0.3,0.3,0.3,0,100,TRUE,FALSE,100,100,574458,0,0,0,0,0,0,2,Mamadou,FALSE,,2025-08-11T01:09:37.642396Z,45,574458.jpg,1.0,FALSE,Sarr,0.0,FALSE,NA,a,7,8,3876,0,4193,0,0.1,0.7,Mamadou Sarr,189,2025-06-09,2005-08-29,FALSE,p574458,0,3,0,0,0,0,0,0,0,4,6.4,0.1,7.0,1.3,7,2,1,8,1,0.35,0.00,0.35,1.63,NA,,NA,,NA,,,,491,177,503,179,437,166,503,176,0.32,0,0,0.32,1.47,2.7,480,96,344,124,495,175,662,234,0.9,0,7.2,0.35,0.32,0
232,Tosin,DEF,Chelsea,CHE,3,4,34,0,0,0.0,0.0,0.0,0,788,TRUE,FALSE,100,100,109646,0,0,-5,5,0,0,2,Tosin,FALSE,,2026-02-09T15:30:09.138219Z,40,109646.jpg,2.1,FALSE,Adarabioyo,0.3,FALSE,NA,a,7,8,110909,0,225147,0,0.0,8.5,,241,2024-07-01,1997-09-24,FALSE,p109646,2,14,0,0,0,2,0,0,2,130,240.4,33.3,19.0,29.3,80,22,17,97,8,0.11,0.40,0.50,13.25,NA,,NA,,NA,,,,281,111,392,141,408,148,371,127,0.01,0,0.05,0.06,1.51,1.6,678,162,449,170,332,125,349,126,0.91,0.23,11.08,0.11,0.01,2
233,Acheampong,DEF,Chelsea,CHE,3,3.7,39,1,0,0.7,1.0,1.0,1,657,TRUE,FALSE,100,100,577016,0,0,-3,3,0,1,2,Josh,FALSE,,2025-09-24T11:30:08.237944Z,37,577016.jpg,2.3,FALSE,Acheampong,1.8,FALSE,NA,a,7,8,663404,0,561224,0,0.3,10.5,,241,2024-03-10,2006-05-05,FALSE,p577016,2,13,0,0,0,1,0,0,5,118,132.6,40.9,70.0,24.4,33,26,11,44,8,0.62,0.13,0.75,15.66,NA,,NA,,NA,,,,366,136,382,137,324,105,384,133,0.08,0,0.02,0.1,2.15,1.78,839,268,252,88,301,115,146,58,1.1,0.27,6.03,0.62,0.08,2
234,Anselmino,DEF,Chelsea,CHE,3,4,0,0,0,0.0,0.0,0.0,0,0,TRUE,FALSE,0,0,622758,0,0,0,0,0,0,2,Aarón,FALSE,has joined Strasbourg on loan for the rest of the season.,2026-02-02T23:19:25.503392Z,40,622758.jpg,0.0,FALSE,Anselmino,0.1,FALSE,NA,u,7,8,1262,0,10304,0,0.0,0.0,,10,2024-08-08,2005-04-29,FALSE,p622758,0,0,0,0,0,0,0,0,0,0,0.0,0.0,0.0,0.0,0,0,0,0,0,0.00,0.00,0.00,0.00,NA,,NA,,NA,,,,638,247,630,246,600,243,641,247,0,0,0,0,0,0,749,208,514,211,648,246,580,207,0,0,0,0.00,0,0
235,Palmer,MID,Chelsea,CHE,3,10.3,114,10,2,1.3,4.0,4.0,8,1954,TRUE,FALSE,100,100,244851,0,0,-2,2,0,2,3,Cole,FALSE,,2026-01-22T01:30:07.085135Z,103,244851.jpg,4.4,FALSE,Palmer,12.6,FALSE,NA,a,7,8,3348995,0,8552563,0,0.4,11.1,,241,2023-09-01,2002-05-06,FALSE,p244851,3,33,0,0,1,5,0,0,11,430,536.6,393.6,547.0,147.7,27,83,25,135,24,10.55,2.49,13.04,31.13,NA,,3,,1,,,,114,35,97,68,46,25,59,37,0.49,0,0.11,0.6,1.43,1.52,5,3,77,35,40,18,31,10,1.11,0.14,6.22,10.55,0.49,2
236,Neto,MID,Chelsea,CHE,3,7,125,5,7,1.7,3.7,3.7,6,2629,TRUE,FALSE,100,100,247632,0,0,0,0,0,1,3,Pedro,FALSE,,2026-05-04T21:30:09.209550Z,70,247632.jpg,3.7,FALSE,Lomba Neto,3.9,FALSE,NA,a,7,8,2038164,0,2117351,0,0.5,17.9,Pedro Neto,173,2024-08-11,2000-03-09,FALSE,p247632,11,33,0,0,0,2,1,0,9,543,523.0,836.2,505.0,186.7,19,84,19,122,30,4.59,6.84,11.43,37.54,2,,4,,NA,,,,125,40,14,13,53,30,32,25,0.16,0,0.23,0.39,1.29,1.13,37,22,96,44,95,44,91,30,1.03,0.38,4.18,4.59,0.16,2
237,Enzo,MID,Chelsea,CHE,3,6.5,157,10,5,7.7,7.3,7.3,1,3114,TRUE,FALSE,100,100,448047,0,0,0,0,0,3,3,Enzo,FALSE,,2026-04-04T08:30:09.435637Z,65,448047.jpg,4.4,FALSE,Fernández,12.3,FALSE,NA,a,7,8,5932714,0,5109104,0,1.1,24.2,,10,2023-01-31,2001-01-17,FALSE,p448047,8,46,0,0,0,10,0,0,19,700,835.6,1063.2,747.0,264.6,51,140,53,244,35,11.26,7.26,18.52,44.89,3,,2,,2,,,,25,8,3,3,22,10,3,2,0.33,0,0.21,0.54,1.3,1.33,53,33,4,3,38,16,32,11,1.01,0.23,7.05,11.26,0.33,2
238,Estevao,MID,Chelsea,CHE,3,6.4,58,2,5,0.0,0.0,0.0,0,839,TRUE,FALSE,0,0,624773,0,0,-1,1,0,1,3,Estêvão,FALSE,Hamstring injury - Expected back 01 Jun,2026-04-20T13:30:08.787573Z,64,624773.jpg,2.6,FALSE,Almeida de Oliveira Gonçalves,1.7,FALSE,NA,i,7,8,873801,0,940758,0,0.0,9.1,Estêvão,30,2025-07-14,2007-04-24,FALSE,p624773,4,11,0,0,0,4,0,0,4,172,183.4,230.9,314.0,72.6,9,36,11,56,12,2.91,2.14,5.05,10.29,4,,NA,,3,,,https://www.chelseafc.com/en/news/article/calum-mcfarlane-delivers-injury-update-on-estevao-joao-pedro-and-palmer?utm_source=premier_league&utm_medium=referral&utm_campaign=fantasy&utm_content=injuries-flag,322,142,180,117,106,64,228,111,0.31,0,0.23,0.54,1.1,1.18,62,40,830,374,268,110,157,51,1.29,0.43,6.01,2.91,0.31,2
239,Gittens,MID,Chelsea,CHE,3,6,25,0,2,0.0,0.0,0.0,0,486,TRUE,FALSE,25,25,463936,0,0,-5,5,0,0,3,Jamie,FALSE,Hamstring injury - 25% chance of playing,2026-04-04T21:00:10.295173Z,60,463936.jpg,1.6,FALSE,Bynoe-Gittens,0.1,FALSE,NA,d,7,8,17282,0,42284,0,0.0,4.2,,241,2025-07-05,2004-08-08,FALSE,p463936,1,7,0,0,0,0,0,0,0,99,93.0,130.4,91.0,31.3,6,15,8,29,5,0.81,0.94,1.75,8.89,NA,,NA,,NA,,,https://www.chelseafc.com/en/news/article/liam-rosenior-delivers-jamie-gittens-injury-update?utm_source=premier_league&utm_medium=referral&utm_campaign=fantasy&utm_content=injuries-flag,398,174,271,165,299,159,364,172,0.15,0,0.17,0.32,1.65,1.3,85,55,821,367,419,181,492,174,0.93,0.19,5.37,0.81,0.15,2
240,Nkunku,MID,Chelsea,CHE,3,5.9,0,0,0,0.0,0.0,0.0,0,0,TRUE,FALSE,0,0,213198,0,0,-1,1,0,0,3,Christopher,FALSE,has joined AC Milan permanently.,2025-09-02T11:35:16.323578Z,59,213198.jpg,0.0,FALSE,Nkunku,0.1,FALSE,NA,u,7,8,2668,0,23803,0,0.0,0.0,,73,2023-07-01,1997-11-14,FALSE,p213198,0,0,0,0,0,0,0,0,0,0,0.0,0.0,0.0,0.0,0,0,0,0,0,0.00,0.00,0.00,0.00,NA,,NA,,NA,,,,832,373,832,373,831,373,832,373,0,0,0,0,0,0,92,60,817,364,832,373,528,192,0,0,0,0.00,0,0
241,Caicedo,MID,Chelsea,CHE,3,5.7,110,3,1,2.0,1.7,1.7,2,2796,TRUE,FALSE,100,100,486672,0,0,2,-2,0,1,3,Moisés,FALSE,,2025-12-31T00:00:09.550966Z,57,486672.jpg,3.3,FALSE,Caicedo Corozo,7.1,FALSE,NA,a,7,8,3298771,0,3307423,0,0.3,19.3,Moisés Caicedo,62,2023-08-14,2001-11-02,FALSE,p486672,6,47,0,0,0,11,1,0,10,580,562.4,403.1,128.0,109.2,102,177,87,366,32,1.45,2.38,3.83,42.54,NA,,NA,,NA,,,,99,31,88,64,255,141,123,69,0.05,0,0.08,0.13,1.37,1.51,118,74,213,98,153,66,61,22,1.03,0.19,11.78,1.45,0.05,2
244,Lavia,MID,Chelsea,CHE,3,4.9,13,0,0,0.2,0.0,0.0,0,374,TRUE,FALSE,75,75,514356,0,0,-1,1,0,0,3,Roméo,FALSE,Knock - 75% chance of playing,2026-05-20T12:00:09.022712Z,49,514356.jpg,1.1,FALSE,Lavia,0.0,FALSE,NA,d,7,8,3419,0,5099,0,0.0,2.7,,21,2023-08-18,2004-01-06,FALSE,p514356,0,10,0,0,0,0,0,0,0,81,34.4,46.6,14.0,9.5,9,20,8,37,4,0.21,0.55,0.76,8.53,NA,,NA,,NA,,,https://www.chelseafc.com/en/news/article/calum-mcfarlane-confirms-chelsea-team-news-for-tottenham-hotspur-visit?utm_source=premier_league&utm_medium=referral&utm_campaign=fantasy&utm_content=injuries-flag,445,195,378,193,419,205,436,197,0.05,0,0.13,0.18,2.05,2.41,333,205,749,315,460,204,690,276,0.96,0,8.9,0.21,0.05,2
245,Mudryk,MID,Chelsea,CHE,3,4.9,0,0,0,0.0,0.0,0.0,0,0,TRUE,FALSE,0,0,465920,0,0,-1,1,0,0,3,Mykhailo,FALSE,Suspended - unknown return date,2025-07-21T10:00:04.824210Z,49,465920.jpg,0.0,FALSE,Mudryk,0.0,FALSE,NA,s,7,8,1257,0,1455,0,0.0,0.0,,225,2023-01-15,2001-01-05,FALSE,p465920,0,0,0,0,0,0,0,0,0,0,0.0,0.0,0.0,0.0,0,0,0,0,0,0.00,0.00,0.00,0.00,NA,,NA,,NA,,,,800,350,796,350,793,349,800,350,0,0,0,0,0,0,326,201,746,314,800,350,748,317,0,0,0,0.00,0,0
246,Andrey Santos,MID,Chelsea,CHE,3,4.4,47,1,0,4.3,4.0,4.0,0,1247,TRUE,FALSE,100,100,532605,0,0,-1,1,0,0,3,Andrey,FALSE,,2026-02-07T22:00:08.906050Z,44,532605.jpg,1.7,FALSE,Nascimento dos Santos,0.3,FALSE,NA,a,7,8,86825,0,91625,0,0.9,10.7,Andrey Santos,30,2023-01-07,2004-05-03,FALSE,p532605,1,18,0,0,0,4,0,0,3,257,229.6,153.9,91.0,47.5,44,48,37,129,13,2.00,0.88,2.88,18.91,NA,,NA,,NA,,,,288,121,246,156,298,158,314,153,0.14,0,0.06,0.2,1.36,1.3,565,341,64,26,396,170,320,108,0.94,0.07,9.31,2.00,0.14,2
247,D.Essugo,MID,Chelsea,CHE,3,4.3,1,0,0,0.0,0.0,0.0,0,26,TRUE,FALSE,100,100,491007,0,0,-2,2,0,0,3,Dário,FALSE,,2026-01-23T15:00:08.712004Z,43,491007.jpg,0.3,FALSE,Luís Essugo,0.1,FALSE,NA,a,7,8,15467,0,16015,0,0.0,0.2,Dário Essugo,173,2025-06-02,2005-03-14,FALSE,p491007,0,1,0,0,0,2,0,0,0,7,11.4,2.1,2.0,1.6,1,1,6,8,0,0.00,0.01,0.01,0.55,NA,,NA,,NA,,,,477,211,478,229,461,226,494,223,0,0,0.03,0.03,1.9,3.46,607,359,553,180,536,248,546,202,0,0,27.69,0.00,0,0
248,Paez,MID,Chelsea,CHE,3,4.5,0,0,0,0.0,0.0,0.0,0,0,TRUE,FALSE,0,0,611134,0,0,0,0,0,0,3,Kendry,FALSE,has joined River Plate on loan for the rest of the season.,2025-08-11T01:09:37.664358Z,45,611134.jpg,0.0,FALSE,Páez Andrade,0.0,FALSE,NA,u,7,8,0,0,956,0,0.0,0.0,,NA,NA,NA,FALSE,p611134,0,0,0,0,0,0,0,0,0,0,0.0,0.0,0.0,0.0,0,0,0,0,0,0.00,0.00,0.00,0.00,NA,,NA,,NA,,,,765,324,758,323,745,320,765,324,0,0,0,0,0,0,504,313,684,273,765,324,798,347,0,0,0,0.00,0,0
249,J.Pedro,FWD,Chelsea,CHE,3,7.4,177,15,9,2.5,0.8,1.0,1,2658,TRUE,FALSE,100,75,475168,0,0,-1,1,0,5,4,João Pedro,FALSE,,2026-05-20T12:00:09.034899Z,74,475168.jpg,5.1,FALSE,Junqueira de Jesus,34.8,FALSE,NA,a,7,8,9178198,0,11489381,0,0.1,23.9,João Pedro,30,2025-07-02,2001-09-26,FALSE,p475168,10,36,0,0,0,5,0,0,30,715,758.4,456.6,909.0,212.1,39,72,27,138,31,14.91,1.96,16.87,37.25,NA,,NA,,NA,,,,39,4,71,3,6,5,16,5,0.5,0,0.07,0.57,1.26,1.22,22,8,288,38,10,2,6,2,1.05,0.34,4.67,14.91,0.5,2
250,Delap,FWD,Chelsea,CHE,3,6.2,45,1,2,0.3,0.7,0.7,1,1092,TRUE,FALSE,100,100,463034,0,0,-3,3,0,0,4,Liam,FALSE,,2026-01-15T00:00:09.689137Z,62,463034.jpg,1.6,FALSE,Delap,0.9,FALSE,NA,a,7,8,114678,0,472428,0,0.1,7.3,,241,2025-06-04,2003-02-08,FALSE,p463034,2,18,0,0,0,4,0,0,1,123,67.8,73.7,349.0,47.3,12,25,5,42,12,4.54,0.23,4.76,16.67,NA,,NA,,NA,,,,416,48,338,43,91,28,318,40,0.37,0,0.02,0.39,1.37,1.48,74,24,321,41,420,49,206,31,0.99,0.16,3.46,4.54,0.37,2
251,N.Jackson,FWD,Chelsea,CHE,3,6.5,0,0,0,0.0,0.0,0.0,0,0,TRUE,FALSE,0,0,517052,0,0,0,0,0,0,4,Nicolas,FALSE,has joined Bayern Munich on loan for the rest of the season.,2025-09-02T11:35:16.339917Z,65,517052.jpg,0.0,FALSE,Jackson,0.1,FALSE,NA,u,7,8,4962,0,15425,0,0.0,0.0,,189,2023-07-01,2001-06-20,FALSE,p517052,0,0,0,0,0,0,0,0,0,0,0.0,0.0,0.0,0.0,0,0,0,0,0,0.00,0.00,0.00,0.00,NA,,NA,,NA,,,,838,95,838,95,838,95,838,95,0,0,0,0,0,0,56,20,832,92,838,95,541,75,0,0,0,0.00,0,0
252,Marc Guiu,FWD,Chelsea,CHE,3,4,13,0,1,0.0,0.0,0.0,0,265,TRUE,FALSE,100,100,499309,0,0,-5,5,0,0,4,Marc,FALSE,,2025-09-24T11:30:08.351112Z,40,499309.jpg,1.3,FALSE,Guiu Paz,5.2,FALSE,NA,a,7,8,1319420,0,2890932,0,0.0,3.2,,200,2024-07-01,2006-01-04,FALSE,p499309,0,3,0,0,0,1,0,0,0,19,24.6,40.1,86.0,13.1,4,4,0,8,1,1.54,0.29,1.83,5.89,NA,,NA,,NA,,,,458,53,383,49,305,52,418,53,0.52,0,0.1,0.62,2,1.02,713,95,480,50,441,52,75,14,0.34,0,2.72,1.54,0.52,0
453,Garnacho,MID,Chelsea,CHE,3,6.4,56,1,4,0.3,0.3,0.3,0,1261,TRUE,FALSE,100,100,493105,0,0,-1,1,0,1,3,Alejandro,FALSE,,2026-05-04T21:30:09.421504Z,64,493105.jpg,2.3,FALSE,Garnacho Ferreyra,0.4,FALSE,NA,a,7,8,245387,0,241011,0,0.0,8.8,,10,2025-08-30,2004-07-01,FALSE,p493105,4,20,0,0,0,2,0,0,3,222,211.4,405.3,399.0,100.5,10,45,16,71,14,3.44,3.68,7.12,20.52,NA,,NA,,NA,,,,302,128,85,61,79,46,146,80,0.25,0,0.26,0.51,1.46,1.43,61,39,372,171,312,131,286,98,1,0.29,5.07,3.44,0.25,2
672,Hato,DEF,Chelsea,CHE,3,4.6,19,0,0,1.3,1.3,1.3,0,1139,TRUE,FALSE,100,100,551210,0,0,-4,4,0,0,2,Jorrel,FALSE,,2025-12-29T19:00:09.929576Z,46,551210.jpg,0.9,FALSE,Hato,0.2,FALSE,NA,a,7,8,22950,0,44065,0,0.3,4.1,,152,2025-08-03,2006-03-07,FALSE,p551210,0,27,0,0,0,7,0,0,0,93,233.2,114.9,36.0,38.4,63,50,36,99,12,0.30,0.61,0.91,18.50,NA,,NA,,NA,,,,287,114,284,84,369,124,342,115,0.02,0,0.05,0.07,1.46,2.13,406,71,231,84,526,177,383,139,0.95,0,7.82,0.30,0.02,2
743,Emenalo,MID,Chelsea,CHE,3,4.5,0,0,0,0.0,0.0,0.0,0,0,TRUE,FALSE,NA,NA,611912,0,0,0,0,0,0,3,Landon,FALSE,,NA,45,611912.jpg,0.0,FALSE,Emenalo,0.0,FALSE,NA,a,7,8,1685,0,1532,0,0.0,0.0,,241,2025-04-01,2008-01-18,FALSE,p611912,0,0,0,0,0,0,0,0,0,0,0.0,0.0,0.0,0.0,0,0,0,0,0,0.00,0.00,0.00,0.00,NA,,NA,,NA,,,,766,325,759,324,746,321,766,325,0,0,0,0,0,0,505,314,685,274,766,325,731,305,0,0,0,0.00,0,0
789,Merrick,GKP,Chelsea,CHE,3,4,0,0,0,0.0,0.0,0.0,0,0,TRUE,FALSE,NA,NA,518335,0,0,0,0,0,0,1,Max,FALSE,,NA,40,518335.jpg,0.0,FALSE,Merrick,0.0,FALSE,NA,a,7,8,580,0,458,0,0.0,0.0,,241,2024-11-07,2005-11-10,FALSE,p518335,0,0,0,0,0,0,0,0,0,0,0.0,0.0,0.0,0.0,0,0,0,0,0,0.00,0.00,0.00,0.00,NA,,NA,,NA,,,,615,85,607,75,576,60,618,85,0,0,0,0,0,0,723,64,488,78,625,85,749,86,0,0,0,0.00,0,0
803,Sharman-Lowe,GKP,Chelsea,CHE,3,4,0,0,0,0.0,0.0,0.0,0,0,TRUE,FALSE,NA,NA,499857,0,0,0,0,0,0,1,Teddy,FALSE,,NA,40,499857.jpg,0.0,FALSE,Sharman-Lowe,0.0,FALSE,NA,a,7,8,337,0,263,0,0.0,0.0,,241,2021-10-25,2003-03-30,FALSE,p499857,0,0,0,0,0,0,0,0,0,0,0.0,0.0,0.0,0.0,0,0,0,0,0,0.00,0.00,0.00,0.00,NA,,NA,,NA,,,,611,82,602,71,571,56,614,82,0,0,0,0,0,0,716,60,483,74,621,82,769,89,0,0,0,0.00,0,0
829,Derry,MID,Chelsea,CHE,3,4.5,1,0,0,0.3,0.0,0.0,0,45,TRUE,FALSE,100,100,619734,0,0,0,0,0,0,3,Jesse,FALSE,,2026-05-04T20:30:09.912910Z,45,619734.jpg,1.0,FALSE,Derry,0.0,FALSE,NA,a,7,8,179,0,65,0,0.0,0.2,,241,2026-02-12,2007-06-30,FALSE,p619734,0,2,0,0,0,0,0,0,0,5,4.6,6.4,25.0,3.6,0,2,1,3,1,0.10,0.02,0.12,1.09,NA,,NA,,NA,,,,495,222,458,219,391,194,476,213,0.2,0,0.04,0.24,2.18,4,511,319,691,279,501,226,828,368,2,0,6,0.10,0.2,0
833,Eboue,MID,Chelsea,CHE,3,4.5,0,0,0,0.0,0.0,0.0,0,0,TRUE,FALSE,NA,NA,671606,0,0,0,0,0,0,3,Mathis,FALSE,,NA,45,671606.jpg,0.0,FALSE,Eboué,0.0,FALSE,NA,a,7,8,48,0,8,0,0.0,0.0,,241,2026-05-08,2009-02-27,FALSE,p671606,0,0,0,0,0,0,0,0,0,0,0.0,0.0,0.0,0.0,0,0,0,0,0,0.00,0.00,0.00,0.00,NA,,NA,,NA,,,,779,335,772,334,759,331,779,335,0,0,0,0,0,0,522,326,699,285,779,335,838,377,0,0,0,0.00,0,0
834,Kavuma-McQueen,MID,Chelsea,CHE,3,4.5,0,0,0,0.0,0.0,0.0,0,0,TRUE,FALSE,NA,NA,616286,0,0,0,0,0,0,3,Ryan,FALSE,,NA,45,616286.jpg,0.0,FALSE,Kavuma-McQueen,0.0,FALSE,NA,a,7,8,40,0,7,0,0.0,0.0,,241,2025-10-21,2009-01-01,FALSE,p616286,0,0,0,0,0,0,0,0,0,0,0.0,0.0,0.0,0.0,0,0,0,0,0,0.00,0.00,0.00,0.00,NA,,NA,,NA,,,,769,327,762,326,749,323,769,327,0,0,0,0,0,0,508,316,688,276,769,327,839,378,0,0,0,0.00,0,0
840,Mheuka,FWD,Chelsea,CHE,3,4.5,1,0,0,1.3,0.5,0.5,0,1,TRUE,FALSE,NA,NA,567119,0,0,0,0,0,0,4,Shumaira,FALSE,,NA,45,567119.jpg,1.0,FALSE,Mheuka,0.0,FALSE,NA,a,7,8,246,0,14,0,0.1,0.2,,241,2024-10-23,2007-10-20,FALSE,p567119,0,0,0,0,0,0,0,0,0,3,2.0,0.3,0.0,0.2,1,0,0,1,0,0.00,0.00,0.00,0.05,NA,,NA,,NA,,,,511,60,499,62,719,77,524,64,0,0,0,0,4.5,0,473,67,330,43,494,59,816,94,0,0,90,0.00,0,0
253,Henderson,GKP,Crystal Palace,CRY,3,5.1,131,0,0,0.0,0.2,1.2,2,3330,TRUE,FALSE,NA,NA,172649,0,0,1,-1,0,2,1,Dean,FALSE,,NA,51,172649.jpg,3.5,FALSE,Henderson,9.0,FALSE,NA,a,8,31,1438604,0,1212503,0,0.2,25.7,,241,2023-08-31,1997-03-12,FALSE,p172649,11,51,0,1,0,5,0,106,7,538,837.8,10.0,0.0,84.7,55,298,1,0,37,0.00,0.11,0.11,51.40,NA,,NA,,NA,,,,24,6,447,17,815,94,188,7,0,2.86,0,0,1.39,1.38,225,6,250,19,117,12,44,8,1,0.3,0,0.00,0,0
254,Benitez,GKP,Crystal Palace,CRY,3,3.9,7,0,0,-1.0,-1.0,0.0,0,90,TRUE,FALSE,100,100,121709,0,0,-1,1,0,0,1,Walter,FALSE,,2025-09-19T14:49:12.216385Z,39,121709.jpg,7.0,FALSE,Benítez,0.3,FALSE,NA,a,8,31,22486,0,36079,0,0.0,1.8,,10,2025-07-01,1993-01-19,FALSE,p121709,1,0,0,0,0,0,0,3,0,29,22.8,0.0,0.0,2.3,1,9,0,0,1,0.00,0.00,0.00,1.12,NA,,NA,,NA,,,,460,37,537,31,506,16,485,37,0,3,0,0,1.12,0,766,75,414,37,1,1,317,43,1,1,0,0.00,0,0
255,Matthews,GKP,Crystal Palace,CRY,3,3.9,0,0,0,-1.0,-1.0,0.0,0,0,TRUE,FALSE,NA,NA,169593,0,0,-1,1,0,0,1,Remi,FALSE,,NA,39,169593.jpg,0.0,FALSE,Matthews,0.1,FALSE,NA,a,8,31,6758,0,9670,0,0.0,0.0,,241,2021-07-13,1994-02-10,FALSE,p169593,0,0,0,0,0,0,0,0,0,0,0.0,0.0,0.0,0.0,0,0,0,0,0,0.00,0.00,0.00,0.00,NA,,NA,,NA,,,,555,51,540,34,509,19,558,51,0,0,0,0,0,0,769,78,417,40,566,51,490,71,0,0,0,0.00,0,0
256,Munoz,DEF,Crystal Palace,CRY,3,5.9,136,4,4,2.0,1.5,2.5,1,2400,TRUE,FALSE,100,100,247348,0,0,4,-4,0,2,2,Daniel,FALSE,,2026-03-06T05:30:07.970827Z,59,247348.jpg,4.7,FALSE,Muñoz Mejía,9.2,FALSE,NA,a,8,31,4198618,0,4162622,0,0.4,23.1,,48,2024-01-30,1996-05-26,FALSE,p247348,10,33,0,0,0,7,0,0,9,469,595.0,396.6,404.0,139.5,124,97,72,196,29,2.45,3.94,6.39,34.28,NA,,NA,,NA,,,,86,37,93,23,76,5,72,12,0.09,0,0.15,0.24,1.29,1.24,94,6,148,50,24,7,41,13,1.09,0.38,7.35,2.45,0.09,2
257,Lacroix,DEF,Crystal Palace,CRY,3,5.2,154,1,2,1.2,0.5,1.5,0,3085,TRUE,FALSE,100,100,437499,0,0,2,-2,0,2,2,Maxence,FALSE,,2026-04-17T15:00:07.583431Z,52,437499.jpg,4.4,FALSE,Lacroix,7.1,FALSE,NA,a,8,31,2257486,0,1564812,0,0.3,29.6,,73,2024-08-30,2000-04-06,FALSE,p437499,11,47,0,0,0,4,1,0,11,529,822.0,106.4,316.0,124.3,310,96,60,370,35,2.45,0.83,3.28,44.04,NA,,NA,,NA,,,,30,10,295,93,103,13,93,21,0.07,0,0.02,0.09,1.28,1.37,211,30,223,78,34,11,60,18,1.02,0.32,10.79,2.45,0.07,2
258,Mitchell,DEF,Crystal Palace,CRY,3,5,135,1,3,0.6,1.0,2.0,1,3253,TRUE,FALSE,NA,NA,244723,0,0,0,0,0,2,2,Tyrick,FALSE,,NA,50,244723.jpg,3.6,FALSE,Mitchell,2.3,FALSE,NA,a,8,31,556168,0,455272,0,0.4,27.0,,241,2019-12-15,1999-09-01,FALSE,p244723,12,47,0,0,0,6,0,0,8,498,649.0,467.3,241.0,136.0,145,187,100,245,36,1.59,2.53,4.12,49.78,NA,,NA,,NA,,,,69,31,67,13,149,31,80,16,0.04,0,0.07,0.11,1.38,1.3,256,39,171,59,102,38,131,51,1,0.33,6.78,1.59,0.04,2
259,Sosa,DEF,Crystal Palace,CRY,3,4.8,6,0,0,-0.8,-0.8,0.0,0,99,TRUE,FALSE,75,75,218364,0,0,-2,2,0,0,2,Borna,FALSE,Knock - 75% chance of playing,2026-05-03T23:00:09.215754Z,48,218364.jpg,0.9,FALSE,Sosa,0.1,FALSE,NA,d,8,31,12479,0,20090,0,0.0,1.2,,97,2025-07-11,1998-01-21,FALSE,p218364,0,2,0,0,0,1,0,0,0,9,12.6,24.1,8.0,4.5,6,3,3,9,0,0.04,0.07,0.11,0.90,NA,,NA,,NA,,,https://www.cpfc.co.uk/news/first-team/team-news-glasner-updates-pre-palace-brentford/?utm_source=premier_league&utm_medium=referral&utm_campaign=fantasy&utm_content=injuries-flag,475,172,406,147,433,163,469,168,0.04,0,0.06,0.1,0.82,1.82,354,59,720,255,527,178,456,171,0,0,8.18,0.04,0.04,0
261,Richards,DEF,Crystal Palace,CRY,3,4.4,128,1,0,0.0,0.0,1.0,0,2825,TRUE,FALSE,0,0,427623,0,0,-1,1,0,0,2,Chris,FALSE,Ankle injury - Expected back 01 Jun,2026-05-17T22:00:09.466280Z,44,427623.jpg,3.9,FALSE,Richards,2.2,FALSE,NA,i,8,31,1097588,0,1006044,0,0.2,29.1,,229,2022-07-27,2000-03-28,FALSE,p427623,11,42,0,0,0,4,0,0,5,453,727.2,159.6,185.0,107.6,257,65,54,311,31,2.42,1.56,3.98,41.19,NA,,NA,,NA,,,https://www.cpfc.co.uk/news/first-team/team-news-richards-update-team-selection-plans-pre-arsenal-leipzig/?utm_source=premier_league&utm_medium=referral&utm_campaign=fantasy&utm_content=injuries-flag,45,19,241,62,202,53,126,36,0.08,0,0.05,0.13,1.31,1.34,548,114,260,94,69,25,134,53,0.99,0.35,9.91,2.42,0.08,2
262,Chadi Riad,DEF,Crystal Palace,CRY,3,4,20,0,1,-0.4,0.2,1.2,3,550,TRUE,FALSE,100,100,515621,0,0,0,0,0,0,2,Chadi,FALSE,,2025-12-10T22:30:09.761507Z,40,515621.jpg,2.2,FALSE,Riad Dnanou,0.1,FALSE,NA,a,8,31,7843,0,5613,0,0.3,5.0,,145,2024-07-02,2003-06-17,FALSE,p515621,1,8,0,0,0,2,0,0,0,84,117.8,23.9,41.0,18.3,37,32,8,45,6,0.33,0.13,0.46,9.09,NA,,NA,,NA,,,,378,141,407,148,357,119,400,143,0.05,0,0.02,0.07,1.49,1.31,721,185,249,87,315,120,582,208,0.98,0.16,7.36,0.33,0.05,2
263,Clyne,DEF,Crystal Palace,CRY,3,3.8,17,0,1,-0.8,-0.5,0.5,1,592,TRUE,FALSE,100,100,57328,0,0,-2,2,0,0,2,Nathaniel,FALSE,,2026-04-24T11:00:07.752747Z,38,57328.jpg,1.7,FALSE,Clyne,0.5,FALSE,NA,a,8,31,94580,0,117540,0,0.1,4.5,,241,2020-10-14,1991-04-05,FALSE,p57328,0,12,0,0,0,1,0,0,2,50,105.2,55.0,33.0,19.2,34,17,16,50,7,0.43,0.60,1.03,10.44,NA,,NA,,NA,,,,386,142,361,128,373,126,397,141,0.07,0,0.09,0.16,1.59,1.82,802,235,326,114,391,142,277,104,1.06,0,7.6,0.43,0.07,2
264,Holding,DEF,Crystal Palace,CRY,3,4,0,0,0,0.0,0.0,0.0,0,0,TRUE,FALSE,0,0,156074,0,0,0,0,0,0,2,Rob,FALSE,Has joined Colorado Rapids permanently.,2025-08-11T01:12:01.613357Z,40,156074.jpg,0.0,FALSE,Holding,0.0,FALSE,NA,u,8,31,0,0,3952,0,0.0,0.0,,241,2023-09-01,1995-09-20,FALSE,p156074,0,0,0,0,0,0,0,0,0,0,0.0,0.0,0.0,0.0,0,0,0,0,0,0.00,0.00,0.00,0.00,NA,,NA,,NA,,,,584,213,574,212,543,208,587,213,0,0,0,0,0,0,681,163,451,171,595,213,713,249,0,0,0,0.00,0,0
265,Kporha,DEF,Crystal Palace,CRY,3,4,0,0,0,-1.0,-1.0,0.0,0,0,TRUE,FALSE,100,100,590012,0,0,0,0,0,0,2,Caleb,FALSE,,2026-02-19T15:30:07.798673Z,40,590012.jpg,0.0,FALSE,Kporha,0.0,FALSE,NA,a,8,31,1297,0,2680,0,0.0,0.0,,241,2024-07-30,2006-07-15,FALSE,p590012,0,0,0,0,0,0,0,0,0,0,0.0,0.0,0.0,0.0,0,0,0,0,0,0.00,0.00,0.00,0.00,NA,,NA,,NA,,,,631,240,623,239,593,236,634,240,0,0,0,0,0,0,740,199,505,202,641,239,683,242,0,0,0,0.00,0,0
267,Sarr,MID,Crystal Palace,CRY,3,6.4,117,9,2,3.2,3.0,4.0,1,2173,TRUE,FALSE,100,100,232185,0,0,-1,1,0,2,3,Ismaïla,FALSE,,2025-11-30T22:30:09.281464Z,64,232185.jpg,4.2,FALSE,Sarr,5.6,FALSE,NA,a,8,31,3266182,0,3172191,0,0.6,18.3,Ismaïla Sarr,189,2024-08-01,1998-02-25,FALSE,p232185,9,29,0,0,0,2,0,0,9,359,479.8,269.4,601.0,135.1,40,79,18,137,24,10.93,1.17,12.09,31.25,NA,,NA,,3,,,,140,49,160,105,36,20,81,49,0.45,0,0.05,0.5,1.29,1.2,58,36,72,31,48,22,71,26,0.99,0.37,5.67,10.93,0.45,2
268,Doucoure,MID,Crystal Palace,CRY,3,4.9,0,0,0,0.0,0.0,0.0,0,0,TRUE,FALSE,0,0,438464,0,0,-1,1,0,0,3,Cheick,FALSE,Lack of match fitness - Expected back 01 Jun,2026-04-08T15:00:09.353525Z,49,438464.jpg,0.0,FALSE,Doucouré,0.0,FALSE,NA,i,8,31,613,0,787,0,0.0,0.0,,132,2022-07-11,2000-01-08,FALSE,p438464,0,0,0,0,0,0,0,0,0,0,0.0,0.0,0.0,0.0,0,0,0,0,0,0.00,0.00,0.00,0.00,NA,,NA,,NA,,,https://www.cpfc.co.uk/news/first-team/team-news-updates-on-hughes-guessand-sosa-ahead-of-shakhtar/?utm_source=premier_league&utm_medium=referral&utm_campaign=fantasy&utm_content=injuries-flag,797,348,793,348,790,347,797,348,0,0,0,0,0,0,320,198,741,311,797,348,803,352,0,0,0,0.00,0,0
269,Esse,MID,Crystal Palace,CRY,3,4.7,4,0,0,0.0,0.0,0.0,0,40,TRUE,FALSE,0,0,606921,0,0,-3,3,0,0,3,Romain,FALSE,has joined Coventry City on loan for the rest of the season.,2026-01-08T10:36:37.803156Z,47,606921.jpg,1.0,FALSE,Esse,0.1,FALSE,NA,u,8,31,11622,0,29087,0,0.0,0.9,,241,2025-01-18,2005-05-13,FALSE,p606921,0,0,0,0,0,0,0,0,0,12,6.8,2.7,6.0,1.5,0,2,3,5,0,0.00,0.04,0.04,1.74,NA,,NA,,NA,,,,489,219,473,226,440,212,497,226,0,0,0.09,0.09,3.92,0,395,246,717,295,504,229,464,159,0,0,11.25,0.00,0,0
270,Hughes,MID,Crystal Palace,CRY,3,4.7,45,0,1,-0.8,-0.2,0.8,2,1560,TRUE,FALSE,100,100,108413,0,0,-3,3,0,0,3,Will,FALSE,,2026-01-01T21:30:11.748759Z,47,108413.jpg,1.5,FALSE,Hughes,0.1,FALSE,NA,a,8,31,23296,0,27299,0,0.2,9.6,,241,2021-08-28,1995-04-17,FALSE,p108413,5,18,0,0,0,7,0,0,0,217,198.0,322.9,90.0,60.9,54,66,28,148,19,1.11,1.94,3.05,25.35,3,,NA,,NA,,,,313,136,129,89,300,160,266,132,0.06,0,0.11,0.17,1.46,1.04,378,235,289,128,423,182,487,173,1.1,0.29,8.54,1.11,0.06,2
271,Kamada,MID,Crystal Palace,CRY,3,5,67,0,2,1.2,0.8,1.8,1,1899,TRUE,FALSE,100,100,209400,0,0,0,0,0,0,3,Daichi,FALSE,,2025-12-15T01:30:08.425663Z,50,209400.jpg,2.4,FALSE,Kamada,0.1,FALSE,NA,a,8,31,49384,0,45805,0,0.4,13.4,,108,2024-07-01,1996-08-05,FALSE,p209400,6,28,0,0,0,3,0,0,0,331,239.2,350.1,155.0,74.5,38,108,62,208,22,1.64,3.24,4.88,26.04,4,,NA,,NA,,,,283,118,115,81,231,126,218,105,0.08,0,0.15,0.23,1.23,1.33,250,149,191,92,298,124,493,175,1.04,0.28,9.86,1.64,0.08,2
272,Lerma,MID,Crystal Palace,CRY,3,4.9,69,0,5,-0.4,0.8,1.8,4,1722,TRUE,FALSE,100,100,152551,0,0,-1,1,0,0,3,Jefferson,FALSE,,2026-02-19T02:00:07.824298Z,49,152551.jpg,2.2,FALSE,Lerma Solís,0.1,FALSE,NA,a,8,31,20181,0,19402,0,0.4,14.1,,48,2023-07-01,1994-10-25,FALSE,p152551,7,25,2,0,0,7,0,0,3,296,287.6,207.2,233.0,72.5,90,102,28,220,18,1.84,1.48,3.32,25.11,NA,,NA,,NA,,,,255,109,198,130,154,84,229,112,0.1,0,0.08,0.18,1.31,1.31,286,176,190,91,321,135,503,182,0.94,0.37,11.5,1.84,0.1,2
273,Wharton,MID,Crystal Palace,CRY,3,5,112,1,6,2.8,3.2,4.2,1,2552,TRUE,FALSE,100,100,496221,0,0,0,0,0,1,3,Adam,FALSE,,2026-04-17T15:00:07.598432Z,50,496221.jpg,3.3,FALSE,Wharton,0.7,FALSE,NA,a,8,31,219867,0,207736,0,0.8,22.4,,241,2024-02-01,2004-02-06,FALSE,p496221,8,43,0,0,0,4,1,0,8,511,494.4,720.0,180.0,139.6,70,163,70,303,29,1.52,7.47,8.98,39.08,2,,NA,,NA,,,,133,44,23,22,209,110,71,45,0.05,0,0.26,0.31,1.38,1.52,267,162,61,25,149,63,231,80,1.02,0.28,10.69,1.52,0.05,2
274,Agbinone,MID,Crystal Palace,CRY,3,4.3,0,0,0,-1.0,-1.0,0.0,0,0,TRUE,FALSE,NA,NA,579075,0,0,-2,2,0,0,3,Asher,FALSE,,NA,43,579075.jpg,0.0,FALSE,Agbinone,0.1,FALSE,NA,a,8,31,16289,0,14086,0,0.0,0.0,,241,2024-07-30,2005-09-28,FALSE,p579075,0,0,0,0,0,0,0,0,0,0,0.0,0.0,0.0,0.0,0,0,0,0,0,0.00,0.00,0.00,0.00,NA,,NA,,NA,,,,665,248,661,252,639,242,668,250,0,0,0,0,0,0,621,368,565,189,676,257,504,183,0,0,0,0.00,0,0
275,Ahamada,MID,Crystal Palace,CRY,3,4.3,0,0,0,0.0,0.0,0.0,0,0,TRUE,FALSE,0,0,466117,0,0,-2,2,0,0,3,Naouirou,FALSE,has joined AJ Auxerre permanently.,2026-01-07T20:34:29.281491Z,43,466117.jpg,0.0,FALSE,Ahamada,0.0,FALSE,NA,u,8,31,5497,0,7977,0,0.0,0.0,,73,2023-01-31,2002-03-29,FALSE,p466117,0,0,0,0,0,0,0,0,0,0,0.0,0.0,0.0,0.0,0,0,0,0,0,0.00,0.00,0.00,0.00,NA,,NA,,NA,,,,657,241,652,245,628,233,660,243,0,0,0,0,0,0,599,355,549,177,668,250,635,243,0,0,0,0.00,0,0
276,Devenny,MID,Crystal Palace,CRY,3,4.3,36,1,0,-0.2,-0.5,0.5,2,785,TRUE,FALSE,100,100,489706,0,0,-2,2,0,0,3,Justin,FALSE,,2026-01-30T16:30:09.359129Z,43,489706.jpg,1.7,FALSE,Devenny,1.1,FALSE,NA,a,8,31,309072,0,377576,0,0.1,8.4,,242,2024-03-13,2003-10-11,FALSE,p489706,1,15,0,0,0,0,0,0,0,108,115.0,101.8,168.0,38.4,13,34,25,72,7,2.38,0.39,2.77,14.71,NA,,2,,4,,,,381,170,298,171,217,116,341,163,0.27,0,0.04,0.31,1.69,1.72,603,357,327,146,393,168,192,66,0.8,0.11,8.25,2.38,0.27,2
277,Ebiowei,MID,Crystal Palace,CRY,3,4.5,0,0,0,0.0,0.0,0.0,0,0,TRUE,FALSE,0,0,450535,0,0,0,0,0,0,3,Malcolm,FALSE,Has joined Blackpool permanently.,2025-08-11T01:12:01.633662Z,45,450535.jpg,0.0,FALSE,Ebiowei,0.0,FALSE,NA,u,8,31,0,0,751,0,0.0,0.0,,241,2022-07-01,2003-09-04,FALSE,p450535,0,0,0,0,0,0,0,0,0,0,0.0,0.0,0.0,0.0,0,0,0,0,0,0.00,0.00,0.00,0.00,NA,,NA,,NA,,,,711,277,707,279,690,273,713,279,0,0,0,0,0,0,436,259,625,223,717,282,811,357,0,0,0,0.00,0,0
278,J.Rak-Sakyi,MID,Crystal Palace,CRY,3,4.4,0,0,0,0.0,0.0,0.0,0,0,TRUE,FALSE,0,0,450542,0,0,-1,1,0,0,3,Jesurun,FALSE,has joined Stoke City on loan for the rest of the season.,2026-02-02T23:17:59.310313Z,44,450542.jpg,0.0,FALSE,Rak-Sakyi,0.0,FALSE,NA,u,8,31,4359,0,9630,0,0.0,0.0,,241,2021-04-09,2002-10-05,FALSE,p450542,0,0,0,0,0,0,0,0,0,0,0.0,0.0,0.0,0.0,0,0,0,0,0,0.00,0.00,0.00,0.00,NA,,NA,,NA,,,,680,257,676,260,655,251,682,259,0,0,0,0,0,0,554,333,586,199,688,264,659,260,0,0,0,0.00,0,0
279,M.Franca,MID,Crystal Palace,CRY,3,4.5,0,0,0,0.0,0.0,0.0,0,0,TRUE,FALSE,0,0,536694,0,0,0,0,0,0,3,Matheus,FALSE,Has joined CR Vasco da Gama on loan for the rest of the season.,2025-08-10T22:30:04.849181Z,45,536694.jpg,0.0,FALSE,França de Oliveira,0.0,FALSE,NA,u,8,31,95,0,1658,0,0.0,0.0,,30,2023-08-05,2004-04-01,FALSE,p536694,0,0,0,0,0,0,0,0,0,0,0.0,0.0,0.0,0.0,0,0,0,0,0,0.00,0.00,0.00,0.00,NA,,NA,,NA,,,,730,295,725,296,708,290,731,296,0,0,0,0,0,0,461,279,645,241,735,299,781,336,0,0,0,0.00,0,0
280,Ozoh,MID,Crystal Palace,CRY,3,4.5,0,0,0,0.0,0.0,0.0,0,0,TRUE,FALSE,0,0,531989,0,0,0,0,0,0,3,David,FALSE,Has joined Derby County on loan for the rest of the season.,2025-07-30T14:07:45.618291Z,45,531989.jpg,0.0,FALSE,Ozoh,0.0,FALSE,NA,u,8,31,0,0,193,0,0.0,0.0,,241,2022-07-11,2005-05-06,FALSE,p531989,0,0,0,0,0,0,0,0,0,0,0.0,0.0,0.0,0.0,0,0,0,0,0,0.00,0.00,0.00,0.00,NA,,NA,,NA,,,,727,292,722,293,705,287,728,293,0,0,0,0,0,0,457,275,642,238,732,296,827,367,0,0,0,0.00,0,0
281,Rodney,MID,Crystal Palace,CRY,3,4.4,1,0,0,-1.0,-1.0,0.0,0,3,TRUE,FALSE,NA,NA,530318,0,0,-1,1,0,0,3,Kaden,FALSE,,NA,44,530318.jpg,1.0,FALSE,Rodney,0.1,FALSE,NA,a,8,31,6468,0,7625,0,0.0,0.2,,241,2022-07-08,2004-10-07,FALSE,p530318,0,0,0,0,0,0,0,0,0,2,0.0,0.1,0.0,0.0,0,0,0,0,0,0.00,0.00,0.00,0.65,NA,,NA,,NA,,,,686,263,502,243,662,258,688,265,0,0,0,0,19.5,0,564,340,593,205,486,214,585,219,0,0,0,0.00,0,0
282,Umeh,MID,Crystal Palace,CRY,3,4.5,0,0,0,0.0,0.0,0.0,0,0,TRUE,FALSE,0,0,574398,0,0,0,0,0,0,3,Franco,FALSE,has joined Portsmouth permanently.,2025-09-22T21:43:58.439788Z,45,574398.jpg,0.0,FALSE,Umeh-Chibueze,0.0,FALSE,NA,u,8,31,860,0,3079,0,0.0,0.0,,104,2024-02-18,2005-01-26,FALSE,p574398,0,0,0,0,0,0,0,0,0,0,0.0,0.0,0.0,0.0,0,0,0,0,0,0.00,0.00,0.00,0.00,NA,,NA,,NA,,,,745,308,739,308,725,304,746,309,0,0,0,0,0,0,479,293,662,255,748,310,718,295,0,0,0,0.00,0,0
283,Mateta,FWD,Crystal Palace,CRY,3,7.6,114,12,0,1.0,2.2,3.2,6,2210,TRUE,FALSE,100,100,231747,0,0,1,-1,0,3,4,Jean-Philippe,FALSE,,2026-02-06T15:30:09.426010Z,76,231747.jpg,3.6,FALSE,Mateta,8.1,FALSE,NA,a,8,31,5199821,0,5396003,0,0.4,15.0,,73,2022-01-31,1997-06-28,FALSE,p231747,8,29,0,0,0,2,0,0,13,397,567.2,160.6,786.0,150.8,58,57,10,125,25,14.42,1.32,15.74,31.77,NA,,NA,,2,,,,97,9,235,25,20,11,58,13,0.59,0,0.05,0.64,1.29,1.18,21,7,110,16,109,10,53,11,1.02,0.33,5.09,14.42,0.59,2
284,Nketiah,FWD,Crystal Palace,CRY,3,5.4,23,2,0,0.0,0.0,0.0,0,414,TRUE,FALSE,0,0,205533,0,0,-1,1,0,0,4,Eddie,FALSE,Hamstring injury - Expected back 01 Jun,2026-01-01T21:00:11.323499Z,54,205533.jpg,1.9,FALSE,Nketiah,0.3,FALSE,NA,i,8,31,125246,0,147710,0,0.0,4.3,,241,2024-08-30,1999-05-30,FALSE,p205533,0,12,0,0,0,2,0,0,3,100,120.0,84.6,173.0,37.8,13,17,8,38,2,1.77,0.46,2.23,9.49,NA,,NA,,NA,,,https://www.cpfc.co.uk/news/first-team/glasner-on-early-team-news-for-newcastle-h-clean-sheets-taking-momentum/?utm_source=premier_league&utm_medium=referral&utm_campaign=fantasy&utm_content=injuries-flag,375,41,314,38,215,45,343,44,0.38,0,0.1,0.48,2.06,2.61,159,40,796,84,365,39,340,56,0.43,0,8.26,1.77,0.38,2
285,Edouard,FWD,Crystal Palace,CRY,3,5,1,0,0,0.0,0.0,0.0,0,2,TRUE,FALSE,0,0,199670,0,0,0,0,0,0,4,Odsonne,FALSE,has joined RC Lens permanently.,2025-08-28T17:00:07.862344Z,50,199670.jpg,1.0,FALSE,Édouard,0.2,FALSE,NA,u,8,31,9044,0,89746,0,0.0,0.2,,73,2021-08-31,1998-01-16,FALSE,p199670,0,0,0,0,0,0,0,0,0,6,2.0,0.0,0.0,0.2,0,0,1,1,0,0.00,0.00,0.00,0.27,NA,,NA,,NA,,,,512,61,804,90,801,90,525,65,0,0,0,0,12.15,0,248,54,757,80,512,63,380,59,0,0,45,0.00,0,0
286,Marsh,FWD,Crystal Palace,CRY,3,4.4,0,0,0,-1.0,-1.0,0.0,0,0,TRUE,FALSE,NA,NA,576980,0,0,-1,1,0,0,4,Zach,FALSE,,NA,44,576980.jpg,0.0,FALSE,Marsh,0.3,FALSE,NA,a,8,31,53360,0,61906,0,0.0,0.0,,241,2023-07-18,2005-10-06,FALSE,p576980,0,0,0,0,0,0,0,0,0,0,0.0,0.0,0.0,0.0,0,0,0,0,0,0.00,0.00,0.00,0.00,NA,,NA,,NA,,,,693,75,688,74,669,73,695,75,0,0,0,0,0,0,573,83,601,63,699,76,322,53,0,0,0,0.00,0,0
580,Johnson,MID,Crystal Palace,CRY,3,6.5,65,2,1,0.6,0.2,1.2,0,1710,TRUE,FALSE,NA,NA,242898,0,0,-5,5,0,0,3,Brennan,FALSE,,NA,65,242898.jpg,1.9,FALSE,Johnson,2.4,FALSE,NA,a,8,31,1169226,0,1341087,0,0.2,10.0,,244,2026-01-02,2001-05-23,FALSE,p242898,6,24,0,0,0,6,0,0,2,217,223.4,311.1,230.0,75.8,37,55,29,121,19,2.45,1.31,3.76,28.29,1,,3,,NA,,,,292,125,138,93,157,86,216,103,0.13,0,0.07,0.2,1.49,1.26,50,31,251,115,371,160,128,42,1,0.32,6.37,2.45,0.13,2
654,Strand Larsen,FWD,Crystal Palace,CRY,3,5.8,75,4,1,0.6,0.8,1.8,2,2301,TRUE,FALSE,100,100,247412,0,0,-7,7,0,1,4,Jørgen,FALSE,,2025-10-03T14:00:09.236895Z,58,247412.jpg,2.1,FALSE,Strand Larsen,1.4,FALSE,NA,a,8,31,527882,0,883037,0,0.3,12.9,,161,2026-02-02,2000-02-06,FALSE,p247412,5,41,0,0,1,4,0,0,3,215,265.2,203.1,469.0,91.5,49,37,9,95,26,5.30,1.12,6.42,36.03,NA,,NA,,NA,,,,269,26,203,19,59,24,171,25,0.21,0,0.04,0.25,1.41,1.6,107,30,194,20,339,36,169,25,1.02,0.2,3.72,5.30,0.21,2
677,Guessand,MID,Crystal Palace,CRY,3,6.2,44,1,3,-0.8,-0.5,0.5,1,909,TRUE,FALSE,100,100,485337,0,0,-3,3,0,0,3,Evann,FALSE,,2026-04-10T14:30:09.300491Z,62,485337.jpg,2.1,FALSE,Guessand,0.0,FALSE,NA,a,8,31,11516,0,15978,0,0.1,7.1,,54,2026-01-30,2001-07-01,FALSE,p485337,2,15,0,0,0,0,0,0,0,143,159.4,76.6,187.0,42.0,16,43,24,83,9,1.56,0.85,2.41,14.48,NA,,NA,,NA,,,,341,154,333,179,198,104,332,158,0.15,0,0.08,0.23,1.43,1.49,75,48,332,148,340,146,609,232,0.89,0.2,8.22,1.56,0.15,2
690,Cardines,MID,Crystal Palace,CRY,3,4.4,2,0,0,-1.0,-0.5,0.5,2,90,TRUE,FALSE,100,100,590014,0,0,-1,1,0,0,3,Rio,FALSE,,2026-02-19T15:30:08.207988Z,44,590014.jpg,2.0,FALSE,Cardines,0.3,FALSE,NA,a,8,31,58563,0,56486,0,0.1,0.5,,217,2025-07-24,2006-07-01,FALSE,p590014,0,2,0,0,0,0,0,0,0,21,15.2,30.0,4.0,4.9,2,4,1,7,1,0.02,0.16,0.18,2.53,NA,,NA,,NA,,,,469,208,399,200,446,217,464,206,0.02,0,0.16,0.18,2.53,2,577,348,328,147,348,148,353,121,1,0,7,0.02,0.02,0
712,Yeremy,MID,Crystal Palace,CRY,3,5.8,77,2,2,-0.2,0.5,1.5,4,2074,TRUE,FALSE,100,100,488024,0,0,-2,2,0,1,3,Yéremy,FALSE,,2025-09-20T23:30:07.351615Z,58,488024.jpg,2.3,FALSE,Pino Santos,0.2,FALSE,NA,a,8,31,137024,0,120639,0,0.3,13.3,,200,2025-08-29,2002-10-20,FALSE,p488024,7,28,0,0,0,4,0,0,3,331,325.8,718.4,371.0,141.4,30,101,36,167,26,4.53,6.12,10.65,30.01,NA,,1,,NA,,,,229,95,24,23,84,50,66,42,0.2,0,0.27,0.47,1.3,1.22,110,70,224,102,311,130,400,135,1.13,0.3,7.25,4.53,0.2,2
723,Canvot,DEF,Crystal Palace,CRY,3,4.5,72,0,0,1.0,0.8,1.8,0,1331,TRUE,FALSE,100,100,651426,0,0,0,0,0,2,2,Jaydee,FALSE,,2025-12-10T22:00:10.518689Z,45,651426.jpg,3.6,FALSE,Canvot,0.5,FALSE,NA,a,8,31,95627,0,35276,0,0.4,16.0,,73,2025-09-01,2006-07-29,FALSE,p651426,5,23,0,0,0,3,0,0,9,216,362.4,63.8,56.0,48.1,129,54,40,169,14,1.48,0.33,1.81,23.84,NA,,NA,,NA,,,,205,87,348,120,340,111,310,103,0.1,0,0.02,0.12,1.61,1.56,519,97,189,63,97,35,273,102,0.95,0.34,11.43,1.48,0.1,2
732,Uche,FWD,Crystal Palace,CRY,3,5.5,17,0,1,-1.0,-1.0,0.0,0,159,TRUE,FALSE,NA,NA,660392,0,0,0,0,0,0,4,Christantus,FALSE,,NA,55,660392.jpg,1.2,FALSE,Uche,0.1,FALSE,NA,a,8,31,15881,0,12296,0,0.0,3.1,,157,2025-09-01,2003-05-19,FALSE,p660392,0,4,0,0,0,0,0,0,0,42,13.2,7.1,73.0,8.8,3,9,1,13,0,0.49,0.01,0.50,4.63,NA,,NA,,NA,,,,472,55,454,57,320,53,440,54,0.28,0,0.01,0.29,2.62,2.26,149,38,813,86,456,54,577,79,0,0,7.36,0.49,0.28,2
762,Drakes-Thomas,MID,Crystal Palace,CRY,3,4.5,2,0,0,-1.0,-1.0,0.0,0,7,TRUE,FALSE,NA,NA,672492,0,0,0,0,0,0,3,Joél,FALSE,,NA,45,672492.jpg,1.0,FALSE,Drakes-Thomas,0.0,FALSE,NA,a,8,31,919,0,594,0,0.0,0.4,,241,2025-12-10,2009-06-09,FALSE,p672492,0,1,0,0,0,0,0,0,0,6,1.4,1.0,0.0,0.3,0,2,1,3,0,0.00,0.00,0.00,0.73,NA,,NA,,NA,,,,516,235,490,236,760,332,521,238,0,0,0,0,9.39,12.86,523,327,700,286,502,227,775,331,0,0,38.57,0.00,0,0
773,Benamar,DEF,Crystal Palace,CRY,3,4,0,0,0,-1.0,-1.0,0.0,0,0,TRUE,FALSE,NA,NA,643426,0,0,0,0,0,0,2,Dean,FALSE,,NA,40,643426.jpg,0.0,FALSE,Benamar,0.0,FALSE,NA,a,8,31,1014,0,848,0,0.0,0.0,,241,2025-07-31,2008-05-31,FALSE,p643426,0,0,0,0,0,0,0,0,0,0,0.0,0.0,0.0,0.0,0,0,0,0,0,0.00,0.00,0.00,0.00,NA,,NA,,NA,,,,640,248,632,247,603,245,643,248,0,0,0,0,0,0,753,211,517,213,650,247,694,247,0,0,0,0.00,0,0
780,Casey,FWD,Crystal Palace,CRY,3,4.5,0,0,0,-1.0,-1.0,0.0,0,0,TRUE,FALSE,NA,NA,631106,0,0,0,0,0,0,4,Ben,FALSE,,NA,45,631106.jpg,0.0,FALSE,Casey,0.0,FALSE,NA,a,8,31,4166,0,2510,0,0.0,0.0,,241,2025-12-10,2008-02-04,FALSE,p631106,0,0,0,0,0,0,0,0,0,0,0.0,0.0,0.0,0.0,0,0,0,0,0,0.00,0.00,0.00,0.00,NA,,NA,,NA,,,,774,85,767,84,754,84,774,85,0,0,0,0,0,0,515,74,694,73,774,85,645,85,0,0,0,0.00,0,0
793,King,DEF,Crystal Palace,CRY,3,4,0,0,0,-1.0,-1.0,0.0,0,0,TRUE,FALSE,NA,NA,591384,0,0,0,0,0,0,2,George,FALSE,,NA,40,591384.jpg,0.0,FALSE,King,0.0,FALSE,NA,a,8,31,2009,0,1171,0,0.0,0.0,,241,2025-07-11,2007-03-20,FALSE,p591384,0,0,0,0,0,0,0,0,0,0,0.0,0.0,0.0,0.0,0,0,0,0,0,0.00,0.00,0.00,0.00,NA,,NA,,NA,,,,632,241,624,240,594,237,635,241,0,0,0,0,0,0,741,200,506,203,642,240,676,238,0,0,0,0.00,0,0
798,Imray,DEF,Crystal Palace,CRY,3,4,0,0,0,0.0,0.0,0.0,0,0,TRUE,FALSE,0,0,502988,0,0,0,0,0,0,2,Danny,FALSE,has joined West Brom on loan for the rest of the season.,2026-02-06T22:49:05.135509Z,40,502988.jpg,0.0,FALSE,Imray,0.0,FALSE,NA,u,8,31,142,0,203,0,0.0,0.0,,241,2024-03-13,2003-07-27,FALSE,p502988,0,0,0,0,0,0,0,0,0,0,0.0,0.0,0.0,0.0,0,0,0,0,0,0.00,0.00,0.00,0.00,NA,,NA,,NA,,,,612,227,603,226,572,222,615,227,0,0,0,0,0,0,717,183,484,188,622,226,813,268,0,0,0,0.00,0,0
242,D-Hall,MID,Everton,EVE,3,5.3,151,8,7,4.2,3.0,3.0,2,2629,TRUE,FALSE,100,100,215413,0,0,3,-3,0,4,3,Kiernan,FALSE,,2025-12-13T19:30:10.843882Z,53,215413.jpg,4.9,FALSE,Dewsbury-Hall,7.9,FALSE,NA,a,9,11,2694422,0,2222489,0,0.6,28.5,,241,2025-08-06,1998-09-06,FALSE,p215413,8,39,0,0,0,6,0,0,18,598,619.4,601.1,438.0,166.0,44,134,52,230,30,4.35,5.34,9.69,40.38,3,,NA,,NA,,,,76,23,38,35,63,36,42,31,0.15,0,0.18,0.33,1.38,1.34,184,117,125,55,14,7,55,20,1.03,0.27,7.87,4.35,0.15,2
243,George,MID,Everton,EVE,3,4.8,16,0,0,0.8,1.0,1.0,1,351,TRUE,FALSE,100,100,550615,0,0,-2,2,0,0,3,Tyrique,FALSE,,2026-03-14T22:30:10.033574Z,48,550615.jpg,1.1,FALSE,George,0.1,FALSE,NA,a,9,11,9774,0,11617,0,0.2,3.3,,241,2026-02-02,2006-02-04,FALSE,p550615,1,9,0,0,0,2,0,0,0,55,44.2,66.2,132.0,23.9,2,14,7,23,1,0.64,1.19,1.83,6.49,NA,,NA,,NA,,,,436,190,344,183,249,139,385,180,0.16,0,0.31,0.47,1.66,2.31,375,234,264,118,458,203,552,205,0.26,0.26,5.9,0.64,0.16,2
287,Pickford,GKP,Everton,EVE,3,5.6,135,0,0,1.5,2.0,2.0,2,3420,TRUE,FALSE,NA,NA,111234,0,0,1,-1,0,3,1,Jordan,FALSE,,NA,56,111234.jpg,3.6,FALSE,Pickford,13.0,FALSE,NA,a,9,11,1944492,0,1757209,0,0.4,24.1,,241,2017-07-01,1994-03-07,FALSE,p111234,11,50,0,1,0,4,0,100,11,545,885.2,20.3,2.0,90.8,52,313,2,0,38,0.00,0.20,0.20,56.24,NA,,NA,,NA,,,,16,4,412,6,470,3,174,5,0,2.63,0.01,0.01,1.48,1.32,124,2,181,17,105,11,29,3,1,0.29,0,0.00,0,0
288,Travers,GKP,Everton,EVE,3,4.2,0,0,0,0.0,0.0,0.0,0,0,TRUE,FALSE,100,100,229600,0,0,-3,3,0,0,1,Mark,FALSE,,2026-02-24T10:30:07.705390Z,42,229600.jpg,0.0,FALSE,Travers,0.1,FALSE,NA,a,9,11,5298,0,13044,0,0.0,0.0,,104,2025-07-15,1999-05-18,FALSE,p229600,0,0,0,0,0,0,0,0,0,0,0.0,0.0,0.0,0.0,0,0,0,0,0,0.00,0.00,0.00,0.00,NA,,NA,,NA,,,,649,92,643,84,617,71,652,92,0,0,0,0,0,0,642,32,530,86,659,92,461,68,0,0,0,0.00,0,0
289,Tyrer,GKP,Everton,EVE,3,3.9,0,0,0,0.0,0.0,0.0,0,0,TRUE,FALSE,0,0,447325,0,0,-1,1,0,0,1,Harry,FALSE,has joined Cardiff City permanently.,2026-01-19T15:34:17.511601Z,39,447325.jpg,0.0,FALSE,Tyrer,0.1,FALSE,NA,u,9,11,4633,0,10893,0,0.0,0.0,,241,2021-02-09,2001-12-06,FALSE,p447325,0,0,0,0,0,0,0,0,0,0,0.0,0.0,0.0,0.0,0,0,0,0,0,0.00,0.00,0.00,0.00,NA,,NA,,NA,,,,561,55,546,38,515,23,564,55,0,0,0,0,0,0,778,82,423,44,572,55,509,73,0,0,0,0.00,0,0
290,Branthwaite,DEF,Everton,EVE,3,5.3,32,1,1,0.0,0.0,0.0,0,678,TRUE,FALSE,0,0,480455,0,0,-2,2,0,0,2,Jarrad,FALSE,Hamstring injury - Expected back 01 Jun,2026-04-19T22:30:08.159788Z,53,480455.jpg,3.2,FALSE,Branthwaite,0.3,FALSE,NA,i,9,11,73030,0,124054,0,0.0,6.0,,241,2020-06-20,2002-06-27,FALSE,p480455,1,9,0,0,0,1,0,0,0,108,175.0,42.8,75.0,29.3,53,30,14,67,7,0.34,0.11,0.45,9.43,NA,,NA,,NA,,,https://www.evertonfc.com/news/2026/april/22/branthwaite-injury-update/?utm_source=premier_league&utm_medium=referral&utm_campaign=fantasy&utm_content=injuries-flag,328,126,381,136,317,100,372,128,0.05,0,0.01,0.06,1.25,1.19,196,24,789,266,170,64,338,122,0.93,0.13,8.89,0.34,0.05,2
291,Tarkowski,DEF,Everton,EVE,3,5.8,170,2,3,5.2,7.0,7.0,3,3330,TRUE,FALSE,100,100,17761,0,0,3,-3,0,2,2,James,FALSE,,2026-03-17T23:30:09.582702Z,58,17761.jpg,4.6,FALSE,Tarkowski,12.6,FALSE,NA,a,9,11,3169894,0,2418718,0,1.2,29.3,,241,2022-07-01,1992-11-19,FALSE,p17761,11,48,0,0,0,8,0,0,12,592,995.6,235.6,422.0,165.7,325,90,51,376,37,2.53,2.10,4.63,53.54,NA,,NA,,NA,,,,6,3,176,46,70,3,43,5,0.07,0,0.06,0.13,1.45,1.3,99,7,6,1,25,8,30,10,1,0.3,10.16,2.53,0.07,2
292,Mykolenko,DEF,Everton,EVE,3,4.9,95,0,1,0.8,1.0,1.0,2,2959,TRUE,FALSE,100,100,224967,0,0,-1,1,0,0,2,Vitalii,FALSE,,2026-01-31T20:30:09.340646Z,49,224967.jpg,2.9,FALSE,Mykolenko,0.7,FALSE,NA,a,9,11,183560,0,205599,0,0.2,19.4,,225,2022-01-01,1999-05-29,FALSE,p224967,9,47,1,0,0,6,0,0,2,350,559.2,394.1,71.0,102.3,183,107,48,231,33,0.28,2.46,2.74,48.41,NA,,NA,,NA,,,,102,46,95,25,323,104,143,43,0.01,0,0.07,0.08,1.47,1.43,307,49,267,97,208,83,243,91,1,0.27,7.03,0.28,0.01,2
293,O'Brien,DEF,Everton,EVE,3,4.9,116,1,3,2.0,0.7,0.7,1,3118,TRUE,FALSE,100,100,512462,0,0,-1,1,0,0,2,Jake,FALSE,,2026-02-11T13:00:09.843762Z,49,512462.jpg,3.1,FALSE,O'Brien,0.7,FALSE,NA,a,9,11,211174,0,198173,0,0.1,23.7,,104,2024-07-30,2001-05-15,FALSE,p512462,10,46,0,0,0,6,1,0,2,368,582.8,282.9,206.0,107.5,174,114,57,231,35,1.67,1.00,2.67,53.49,NA,,NA,,NA,,,,91,39,156,41,178,42,128,37,0.05,0,0.03,0.08,1.54,1.33,331,55,308,110,181,70,232,88,1.01,0.29,6.67,1.67,0.05,2
294,Coleman,DEF,Everton,EVE,3,4.2,5,0,0,0.2,0.7,0.7,1,19,TRUE,FALSE,100,100,59949,0,0,-3,3,0,0,2,Séamus,FALSE,,2026-03-02T16:30:08.454682Z,42,59949.jpg,1.0,FALSE,Coleman,0.1,FALSE,NA,a,9,11,7576,0,18518,0,0.2,1.2,,104,2009-02-02,1988-10-11,FALSE,p59949,0,1,0,0,0,0,0,0,0,13,7.0,19.3,0.0,2.7,2,2,0,2,1,0.00,0.17,0.17,0.43,NA,,NA,,NA,,,,488,176,416,152,613,252,481,172,0,0,0.81,0.81,2.04,4.74,634,139,293,104,474,174,488,177,4.74,0,9.47,0.00,0,0
295,Keane,DEF,Everton,EVE,3,4.5,131,3,1,2.0,3.0,3.0,4,2588,TRUE,FALSE,100,100,106611,0,0,0,0,0,2,2,Michael,FALSE,,2026-01-07T23:00:09.480891Z,45,106611.jpg,4.0,FALSE,Keane,3.1,FALSE,NA,a,9,11,1597347,0,1269888,0,0.7,29.1,,241,2017-07-03,1993-01-11,FALSE,p106611,7,42,0,0,0,1,1,0,8,404,770.4,47.4,299.0,111.7,265,87,37,302,29,2.30,0.49,2.79,44.52,NA,,NA,,NA,,,,37,15,374,133,114,17,119,33,0.08,0,0.02,0.1,1.55,1.46,412,75,115,36,55,19,106,36,1.01,0.24,10.5,2.30,0.08,2
296,Patterson,DEF,Everton,EVE,3,4.4,22,0,0,0.2,0.0,0.0,0,238,TRUE,FALSE,100,100,243571,0,0,-1,1,0,0,2,Nathan,FALSE,,2025-10-17T14:30:10.578096Z,44,243571.jpg,3.1,FALSE,Patterson,0.0,FALSE,NA,a,9,11,6247,0,7533,0,0.0,5.0,,243,2022-01-04,2001-10-16,FALSE,p243571,2,2,0,0,0,0,0,0,0,67,65.6,6.4,17.0,8.8,21,14,10,31,3,0.03,0.04,0.07,3.67,NA,,NA,,NA,,,,420,157,457,165,413,152,439,159,0.01,0,0.02,0.03,1.39,0.76,547,113,582,239,176,67,636,229,1.13,0.76,11.72,0.03,0.01,2
297,Dixon,DEF,Everton,EVE,3,3.8,0,0,0,0.0,0.0,0.0,0,0,TRUE,FALSE,0,0,496178,0,0,-2,2,0,0,2,Roman,FALSE,has joined Stockport County on loan for the rest of the season.,2026-02-06T22:52:17.815306Z,38,496178.jpg,0.0,FALSE,Dixon,0.2,FALSE,NA,u,9,11,9298,0,22747,0,0.0,0.0,,NA,NA,NA,FALSE,p496178,0,0,0,0,0,0,0,0,0,0,0.0,0.0,0.0,0.0,0,0,0,0,0,0.00,0.00,0.00,0.00,NA,,NA,,NA,,,,539,193,520,192,488,187,542,193,0,0,0,0,0,0,817,248,395,145,550,193,418,155,0,0,0,0.00,0,0
298,Welch,DEF,Everton,EVE,3,3.8,0,0,0,0.0,0.0,0.0,0,0,TRUE,FALSE,NA,NA,474907,0,0,-2,2,0,0,2,Reece,FALSE,,NA,38,474907.jpg,0.0,FALSE,Welch,0.1,FALSE,NA,a,9,11,8882,0,16325,0,0.0,0.0,,241,2021-04-11,2003-09-19,FALSE,p474907,0,0,0,0,0,0,0,0,0,0,0.0,0.0,0.0,0.0,0,0,0,0,0,0.00,0.00,0.00,0.00,NA,,NA,,NA,,,,538,192,519,191,487,186,541,192,0,0,0,0,0,0,814,245,393,143,549,192,428,159,0,0,0,0.00,0,0
299,Ndiaye,MID,Everton,EVE,3,6.3,128,6,3,2.0,2.0,2.0,2,2781,TRUE,FALSE,100,100,440993,0,0,-2,2,0,1,3,Iliman,FALSE,,2026-03-28T10:30:09.575067Z,63,440993.jpg,4.0,FALSE,Ndiaye,4.7,FALSE,NA,a,9,11,1987193,0,2706216,0,0.3,20.3,Iliman Ndiaye,189,2024-07-03,2000-03-06,FALSE,p440993,8,44,0,0,0,2,0,0,7,540,605.8,479.2,578.0,166.5,38,178,67,283,32,6.68,4.41,11.09,42.68,NA,,NA,,1,,,,79,24,65,52,41,24,41,30,0.22,0,0.14,0.36,1.38,1.42,68,45,186,89,65,30,82,28,1.04,0.26,9.16,6.68,0.22,2
300,McNeil,MID,Everton,EVE,3,5.5,53,0,3,0.8,0.3,0.3,0,1161,TRUE,FALSE,NA,NA,433154,0,0,-5,5,0,0,3,Dwight,FALSE,,NA,55,433154.jpg,2.4,FALSE,McNeil,0.1,FALSE,NA,a,9,11,37045,0,68508,0,0.1,9.6,,241,2022-07-28,1999-11-22,FALSE,p433154,6,9,0,0,0,1,0,0,1,186,140.6,242.4,138.0,52.2,26,62,23,111,14,1.37,1.91,3.28,18.80,2,,NA,,NA,,,,356,159,169,111,242,134,295,150,0.11,0,0.15,0.26,1.46,0.7,141,88,369,168,300,126,427,146,1.09,0.47,8.6,1.37,0.11,2
301,Alcaraz,MID,Everton,EVE,3,5.2,29,0,1,0.5,0.7,0.7,1,679,TRUE,FALSE,100,100,502697,0,0,-3,3,0,0,3,Carlos,FALSE,,2026-02-24T10:30:07.721437Z,52,502697.jpg,1.4,FALSE,Alcaraz Durán,0.1,FALSE,NA,a,9,11,17382,0,30363,0,0.1,5.6,,10,2025-07-01,2002-11-30,FALSE,p502697,3,10,0,0,0,4,0,0,0,121,93.8,161.9,162.0,41.8,13,43,14,70,6,1.17,0.54,1.71,13.56,NA,,NA,,NA,,,,397,173,232,151,226,123,334,159,0.16,0,0.07,0.23,1.8,1.33,214,131,313,140,438,191,530,194,0.8,0.4,9.28,1.17,0.16,2
302,Gana,MID,Everton,EVE,3,5.4,83,2,3,0.2,0.0,0.0,0,2094,TRUE,FALSE,50,50,80801,0,0,-1,1,0,0,3,Idrissa Gana,FALSE,Lack of match fitness - 50% chance of playing,2026-05-05T13:30:10.197878Z,54,80801.jpg,3.3,FALSE,Gueye,0.1,FALSE,NA,d,9,11,30050,0,34661,0,0.0,15.4,Idrissa Gueye,189,2022-09-01,1989-09-26,FALSE,p80801,5,26,0,0,0,1,1,0,4,419,382.6,259.2,208.0,85.1,59,116,43,218,25,1.99,1.84,3.83,31.26,NA,,NA,,NA,,,https://www.evertonfc.com/news/2026/may/22/gana-update---everton-team-news-for-spurs-clash/?utm_source=premier_league&utm_medium=referral&utm_campaign=fantasy&utm_content=injuries-flag,191,75,164,107,175,95,187,90,0.09,0,0.08,0.17,1.34,1.12,150,94,792,346,152,65,483,171,1.07,0.21,9.37,1.99,0.09,2
303,Garner,MID,Everton,EVE,3,5.2,159,2,7,2.5,2.0,2.0,4,3413,TRUE,FALSE,NA,NA,232928,0,0,2,-2,0,1,3,James,FALSE,,NA,52,232928.jpg,4.2,FALSE,Garner,3.6,FALSE,NA,a,9,11,1336447,0,907926,0,0.4,30.6,,241,2022-09-01,2001-03-13,FALSE,p232928,11,50,0,0,0,12,0,0,13,818,887.0,958.0,237.0,208.4,154,185,119,458,38,2.10,6.18,8.28,56.18,1,,3,,2,,,,15,5,7,7,150,81,18,13,0.06,0,0.16,0.22,1.48,1.32,210,130,176,82,45,20,97,33,1,0.29,12.08,2.10,0.06,2
304,Iroegbunam,MID,Everton,EVE,3,4.8,68,0,3,1.5,2.3,2.3,4,1477,TRUE,FALSE,100,100,490094,0,0,-2,2,0,0,3,Tim,FALSE,,2026-01-13T19:00:09.517466Z,48,490094.jpg,2.3,FALSE,Iroegbunam,0.0,FALSE,NA,a,9,11,6326,0,7302,0,0.5,14.2,,241,2024-06-22,2003-06-30,FALSE,p490094,8,18,0,0,0,9,0,0,1,225,255.0,125.2,81.0,45.9,43,78,68,189,17,0.54,0.71,1.25,24.64,NA,,NA,,NA,,,,274,116,278,167,310,162,323,155,0.03,0,0.04,0.07,1.5,1.1,367,229,156,68,307,128,621,238,1.04,0.49,11.52,0.54,0.03,2
305,Armstrong,MID,Everton,EVE,3,4.5,21,0,0,0.2,0.3,0.3,1,524,TRUE,FALSE,100,100,609873,0,0,0,0,0,0,3,Harrison,FALSE,,2025-09-02T11:36:28.006606Z,45,609873.jpg,1.6,FALSE,Armstrong,0.1,FALSE,NA,a,9,11,14189,0,21170,0,0.1,4.7,,241,2024-08-09,2007-01-19,FALSE,p609873,1,11,0,0,0,0,0,0,0,84,60.0,69.7,78.0,21.0,13,24,13,50,6,0.79,0.22,1.01,10.93,NA,,NA,,NA,,,,424,182,339,181,312,163,392,181,0.14,0,0.04,0.18,1.88,1.89,503,312,346,152,413,176,516,188,1.03,0.17,8.59,0.79,0.14,2
306,Bates,MID,Everton,EVE,3,4.3,0,0,0,0.0,0.0,0.0,0,0,TRUE,FALSE,NA,NA,547801,0,0,-2,2,0,0,3,Callum,FALSE,,NA,43,547801.jpg,0.0,FALSE,Bates,0.1,FALSE,NA,a,9,11,16354,0,17402,0,0.0,0.0,,241,2024-11-08,2005-09-28,FALSE,p547801,0,0,0,0,0,0,0,0,0,0,0.0,0.0,0.0,0.0,0,0,0,0,0,0.00,0.00,0.00,0.00,NA,,NA,,NA,,,,663,246,659,250,637,240,666,248,0,0,0,0,0,0,618,366,562,187,674,255,498,179,0,0,0,0.00,0,0
307,Ebere,MID,Everton,EVE,3,4.4,0,0,0,0.0,0.0,0.0,0,0,TRUE,FALSE,NA,NA,504296,0,0,-1,1,0,0,3,Coby,FALSE,,NA,44,504296.jpg,0.0,FALSE,Ebere,0.0,FALSE,NA,a,9,11,5345,0,6919,0,0.0,0.0,,NA,NA,NA,FALSE,p504296,0,0,0,0,0,0,0,0,0,0,0.0,0.0,0.0,0.0,0,0,0,0,0,0.00,0.00,0.00,0.00,NA,,NA,,NA,,,,683,260,679,263,658,254,685,262,0,0,0,0,0,0,559,336,589,202,691,267,602,227,0,0,0,0.00,0,0
308,Heath,MID,Everton,EVE,3,4.5,0,0,0,0.0,0.0,0.0,0,0,TRUE,FALSE,0,0,496279,0,0,0,0,0,0,3,Isaac,FALSE,has joined Accrington on loan for the rest of the season.,2025-09-02T12:26:54.658601Z,45,496279.jpg,0.0,FALSE,Heath,0.0,FALSE,NA,u,9,11,458,0,3784,0,0.0,0.0,,241,2025-02-07,2004-10-28,FALSE,p496279,0,0,0,0,0,0,0,0,0,0,0.0,0.0,0.0,0.0,0,0,0,0,0,0.00,0.00,0.00,0.00,NA,,NA,,NA,,,,722,287,717,288,700,282,723,288,0,0,0,0,0,0,451,270,636,233,727,291,714,293,0,0,0,0.00,0,0
309,Metcalfe,MID,Everton,EVE,3,4.5,0,0,0,0.0,0.0,0.0,0,0,TRUE,FALSE,0,0,491557,0,0,0,0,0,0,3,Jenson,FALSE,Has joined Bradford City permanently.,2025-07-25T14:54:45.196473Z,45,491557.jpg,0.0,FALSE,Metcalfe,0.0,FALSE,NA,u,9,11,0,0,115,0,0.0,0.0,,NA,NA,NA,FALSE,p491557,0,0,0,0,0,0,0,0,0,0,0.0,0.0,0.0,0.0,0,0,0,0,0,0.00,0.00,0.00,0.00,NA,,NA,,NA,,,,720,285,715,286,698,280,721,286,0,0,0,0,0,0,448,268,634,231,725,289,834,373,0,0,0,0.00,0,0
310,Barry,FWD,Everton,EVE,3,5.7,95,8,0,3.8,1.3,1.3,2,1898,TRUE,FALSE,NA,NA,586309,0,0,-3,3,0,1,4,Thierno,FALSE,,NA,57,586309.jpg,2.5,FALSE,Barry,0.8,FALSE,NA,a,9,11,335668,0,334309,0,0.2,16.7,,73,2025-07-09,2002-10-21,FALSE,p586309,7,34,0,0,0,3,0,0,9,295,341.0,207.7,501.0,102.5,34,34,6,74,21,8.17,0.44,8.61,33.49,NA,,NA,,NA,,,,216,20,197,18,54,23,142,23,0.39,0,0.02,0.41,1.59,1.61,120,33,246,29,278,30,223,33,1,0.33,3.51,8.17,0.39,2
311,Beto,FWD,Everton,EVE,3,5.1,104,9,1,2.8,3.7,3.7,1,1551,TRUE,FALSE,100,100,486385,0,0,-4,4,0,2,4,Norberto Bercique,FALSE,,2026-04-19T22:30:08.169416Z,51,486385.jpg,2.8,FALSE,Gomes Betuncal,3.3,FALSE,NA,a,9,11,731149,0,1274318,0,0.7,20.4,Beto,90,2023-08-29,1998-01-31,FALSE,p486385,5,19,0,0,0,3,0,0,15,343,445.8,159.8,655.0,124.5,49,26,14,89,17,8.90,0.23,9.13,24.16,NA,,NA,,3,,,,152,17,239,26,29,16,92,17,0.52,0,0.01,0.53,1.4,1.1,236,50,90,14,227,25,101,18,0.99,0.29,5.16,8.90,0.52,2
312,Y.Chermiti,FWD,Everton,EVE,3,4.9,0,0,0,0.0,0.0,0.0,0,0,TRUE,FALSE,0,0,491012,0,0,-1,1,0,0,4,Youssef,FALSE,has joined Rangers permanently.,2025-09-02T12:26:54.689038Z,49,491012.jpg,0.0,FALSE,Ramalho Chermiti,0.1,FALSE,NA,u,9,11,2418,0,14587,0,0.0,0.0,,173,2023-08-11,2004-05-24,FALSE,p491012,0,0,0,0,0,0,0,0,0,0,0.0,0.0,0.0,0.0,0,0,0,0,0,0.00,0.00,0.00,0.00,NA,,NA,,NA,,,,801,90,797,89,794,89,801,90,0,0,0,0,0,0,328,62,747,79,801,90,557,76,0,0,0,0.00,0,0
313,Sherif,FWD,Everton,EVE,3,4.4,0,0,0,0.0,0.0,0.0,0,0,TRUE,FALSE,0,0,536241,0,0,-1,1,0,0,4,Martin,FALSE,has joined Port Vale on loan for the rest of the season.,2026-02-06T22:49:41.878846Z,44,536241.jpg,0.0,FALSE,Sherif,0.1,FALSE,NA,u,9,11,9203,0,26881,0,0.0,0.0,,152,2024-09-16,2006-06-10,FALSE,p536241,0,0,0,0,0,0,0,0,0,0,0.0,0.0,0.0,0.0,0,0,0,0,0,0.00,0.00,0.00,0.00,NA,,NA,,NA,,,,688,73,683,72,664,71,690,73,0,0,0,0,0,0,567,81,595,61,695,74,460,65,0,0,0,0.00,0,0
419,Grealish,MID,Everton,EVE,3,6.3,79,2,6,0.0,0.0,0.0,0,1627,TRUE,FALSE,0,0,114283,0,0,-2,2,0,2,3,Jack,FALSE,Foot injury - Expected back 01 Jun,2026-01-21T15:00:08.892371Z,63,114283.jpg,4.0,FALSE,Grealish,5.6,FALSE,NA,i,9,11,3790856,0,3796814,0,0.0,12.5,,241,2025-08-12,1995-09-10,FALSE,p114283,7,23,0,0,0,3,1,0,12,356,374.2,520.5,397.0,129.2,27,88,20,135,18,2.05,3.37,5.41,25.81,NA,,NA,,NA,,,https://www.evertonfc.com/news/2026/may/08/Gana-Fitness-Update---Everton-Team-News-For-Palace-Clash/?utm_source=premier_league&utm_medium=referral&utm_campaign=fantasy&utm_content=injuries-flag,198,77,54,47,81,48,86,52,0.11,0,0.19,0.3,1.43,1.27,65,42,825,370,64,29,72,27,1,0.39,7.47,2.05,0.11,2
630,King,GKP,Everton,EVE,3,3.9,0,0,0,0.0,0.0,0.0,0,0,TRUE,FALSE,NA,NA,138001,0,0,-1,1,0,0,1,Tom,FALSE,,NA,39,138001.jpg,0.0,FALSE,King,1.2,FALSE,NA,a,9,11,73933,0,109504,0,0.0,0.0,,244,2025-08-15,1995-03-09,FALSE,p138001,0,0,0,0,0,0,0,0,0,0,0.0,0.0,0.0,0.0,0,0,0,0,0,0.00,0.00,0.00,0.00,NA,,NA,,NA,,,,554,50,538,32,507,17,557,50,0,0,0,0,0,0,767,76,415,38,565,50,183,21,0,0,0,0.00,0,0
667,Aznou,DEF,Everton,EVE,3,4.2,0,0,0,0.0,0.0,0.0,0,0,TRUE,FALSE,100,100,499300,0,0,-3,3,0,0,2,Adam,FALSE,,2025-08-29T10:30:08.715230Z,42,499300.jpg,0.0,FALSE,Aznou,0.1,FALSE,NA,a,9,11,3169,0,12955,0,0.0,0.0,,145,2025-07-29,2006-06-02,FALSE,p499300,0,0,0,0,0,0,0,0,0,0,0.0,0.0,0.0,0.0,0,0,0,0,0,0.00,0.00,0.00,0.00,NA,,NA,,NA,,,,651,255,645,254,620,253,654,255,0,0,0,0,0,0,649,148,533,223,661,254,571,204,0,0,0,0.00,0,0
704,Onyango,MID,Everton,EVE,3,4.5,0,0,0,0.0,0.0,0.0,0,0,TRUE,FALSE,0,0,461446,0,0,0,0,0,0,3,Tyler,FALSE,has joined Stockport County on loan for the rest of the season.,2025-09-02T12:26:54.674165Z,45,461446.jpg,0.0,FALSE,Onyango,0.0,FALSE,NA,u,9,11,8420,0,10280,0,0.0,0.0,,241,2025-07-25,2003-03-04,FALSE,p461446,0,0,0,0,0,0,0,0,0,0,0.0,0.0,0.0,0.0,0,0,0,0,0,0.00,0.00,0.00,0.00,NA,,NA,,NA,,,,714,279,710,281,693,275,716,281,0,0,0,0,0,0,439,261,628,225,720,284,592,221,0,0,0,0.00,0,0
705,Campbell,DEF,Everton,EVE,3,3.9,0,0,0,0.0,0.0,0.0,0,0,TRUE,FALSE,0,0,491745,0,0,-1,1,0,0,2,Elijah,FALSE,has joined Port Vale on loan for the rest of the season.,2026-02-06T22:49:41.857490Z,39,491745.jpg,0.0,FALSE,Campbell,0.1,FALSE,NA,u,9,11,18604,0,18019,0,0.0,0.0,,241,2023-12-15,2004-08-02,FALSE,p491745,0,0,0,0,0,0,0,0,0,0,0.0,0.0,0.0,0.0,0,0,0,0,0,0.00,0.00,0.00,0.00,NA,,NA,,NA,,,,567,205,553,204,522,200,570,205,0,0,0,0,0,0,786,225,429,160,578,205,424,158,0,0,0,0.00,0,0
707,Dibling,MID,Everton,EVE,3,5.3,18,0,0,0.0,0.0,0.0,0,349,TRUE,FALSE,NA,NA,496661,0,0,-2,2,0,0,3,Tyler,FALSE,,NA,53,496661.jpg,1.3,FALSE,Dibling,0.0,FALSE,NA,a,9,11,8100,0,7691,0,0.0,3.4,,241,2025-08-25,2006-02-17,FALSE,p496661,2,2,0,0,0,2,0,0,0,49,46.0,61.0,32.0,13.6,11,22,7,40,4,0.20,0.14,0.34,6.65,NA,,NA,,NA,,,,431,186,353,187,375,190,417,189,0.05,0,0.04,0.09,1.71,0.52,198,123,790,344,450,200,649,253,1.03,0.52,10.32,0.20,0.05,2
728,Rohl,MID,Everton,EVE,3,5,36,1,1,4.0,4.3,4.3,2,675,TRUE,FALSE,100,100,513466,0,0,0,0,0,0,3,Merlin,FALSE,,2025-11-21T15:00:09.732749Z,50,513466.jpg,2.2,FALSE,Röhl,0.0,FALSE,NA,a,9,11,3065,0,2038,0,0.9,7.2,,80,2025-09-01,2002-07-05,FALSE,p513466,2,13,0,0,0,0,0,0,2,98,113.0,87.4,62.0,26.3,15,28,25,68,6,0.67,0.35,1.02,13.31,NA,,NA,,NA,,,,384,172,310,174,335,174,381,179,0.09,0,0.05,0.14,1.77,1.73,273,167,54,20,324,137,669,267,0.8,0.27,9.07,0.67,0.09,2
779,Graham,FWD,Everton,EVE,3,4.5,0,0,0,0.0,0.0,0.0,0,0,TRUE,FALSE,NA,NA,629068,0,0,0,0,0,0,4,Braiden,FALSE,,NA,45,629068.jpg,0.0,FALSE,Graham,0.0,FALSE,NA,a,9,11,6348,0,3871,0,0.0,0.0,,242,2025-12-29,2007-11-07,FALSE,p629068,0,0,0,0,0,0,0,0,0,0,0.0,0.0,0.0,0.0,0,0,0,0,0,0.00,0.00,0.00,0.00,NA,,NA,,NA,,,,773,84,766,83,753,83,773,84,0,0,0,0,0,0,513,73,693,72,773,84,611,82,0,0,0,0.00,0,0
314,Leno,GKP,Fulham,FUL,3,5,122,0,0,3.8,3.7,3.7,6,3420,TRUE,FALSE,NA,NA,80201,0,0,0,0,0,2,1,Bernd,FALSE,,NA,50,80201.jpg,3.2,FALSE,Leno,2.3,FALSE,NA,a,10,54,415185,0,334592,0,0.7,24.4,,80,2022-08-02,1992-03-04,FALSE,p80201,9,51,1,0,0,3,0,98,8,556,816.2,0.0,0.0,81.5,46,318,4,0,38,0.00,0.02,0.02,52.73,NA,,NA,,NA,,,,31,9,802,94,799,92,199,9,0,2.58,0,0,1.39,1.34,243,8,87,9,168,22,130,18,1,0.24,0,0.00,0,0
315,Benda,GKP,Fulham,FUL,3,4,0,0,0,0.0,0.0,0.0,0,0,TRUE,FALSE,0,0,428971,0,0,0,0,0,0,1,Steven,FALSE,has joined Feyenoord on loan for the rest of the season.,2026-02-04T16:15:48.090995Z,40,428971.jpg,0.0,FALSE,Benda,0.0,FALSE,NA,u,10,54,577,0,945,0,0.0,0.0,,80,2023-08-30,1998-10-01,FALSE,p428971,0,0,0,0,0,0,0,0,0,0,0.0,0.0,0.0,0.0,0,0,0,0,0,0.00,0.00,0.00,0.00,NA,,NA,,NA,,,,591,71,582,60,551,45,594,71,0,0,0,0,0,0,692,49,460,63,602,71,770,90,0,0,0,0.00,0,0
316,Robinson,DEF,Fulham,FUL,3,4.9,65,1,0,3.8,6.3,6.3,6,1487,TRUE,FALSE,100,100,169528,0,0,-1,1,0,1,2,Antonee,FALSE,,2026-02-22T23:00:09.450858Z,49,169528.jpg,3.0,FALSE,Robinson,0.9,FALSE,NA,a,10,54,217076,0,219920,0,1.3,13.3,Antonee Robinson,229,2020-08-20,1997-08-08,FALSE,p169528,4,19,0,0,0,5,0,0,7,280,375.0,334.6,82.0,79.3,88,98,48,136,17,1.07,1.58,2.65,24.12,NA,,NA,,4,,,,196,82,121,32,308,95,205,72,0.06,0,0.1,0.16,1.46,1.15,291,44,11,6,195,78,203,79,1.03,0.24,8.23,1.07,0.06,2
317,Andersen,DEF,Fulham,FUL,3,4.4,123,0,1,0.0,0.0,-0.7,0,2882,TRUE,FALSE,0,0,174874,0,0,-1,1,0,2,2,Joachim,FALSE,Suspended until 29 Aug,2026-05-09T20:30:09.152036Z,44,174874.jpg,3.7,FALSE,Andersen,2.8,FALSE,NA,s,10,54,1615116,0,1605514,0,-0.2,28.0,,58,2024-08-23,1996-05-31,FALSE,p174874,8,45,0,0,0,7,1,0,8,424,790.6,131.0,148.0,107.0,284,114,45,329,33,1.43,1.83,3.26,44.88,NA,,NA,,NA,,,,33,12,270,75,235,61,129,38,0.04,0,0.06,0.1,1.4,1.41,536,104,840,270,88,31,115,43,1.03,0.25,10.27,1.43,0.04,2
318,Bassey,DEF,Fulham,FUL,3,4.4,103,1,1,2.8,3.3,3.3,6,2532,TRUE,FALSE,100,100,232892,0,0,-1,1,0,0,2,Calvin,FALSE,,2026-03-27T11:30:11.698772Z,44,232892.jpg,3.4,FALSE,Bassey,0.8,FALSE,NA,a,10,54,218504,0,178587,0,0.7,23.4,,157,2023-07-28,1999-12-31,FALSE,p232892,7,40,0,0,0,5,0,0,9,392,574.0,152.2,115.0,84.5,143,119,62,205,28,1.71,0.35,2.05,38.01,NA,,NA,,NA,,,,95,42,250,63,271,76,190,65,0.06,0,0.01,0.07,1.35,1.42,545,111,101,31,124,47,220,86,1,0.25,7.29,1.71,0.06,2
319,Castagne,DEF,Fulham,FUL,3,4.3,61,0,2,3.2,5.0,5.0,8,1838,TRUE,FALSE,NA,NA,166477,0,0,-2,2,0,0,2,Timothy,FALSE,,NA,43,166477.jpg,2.0,FALSE,Castagne,0.2,FALSE,NA,a,10,54,34783,0,30643,0,1.2,14.2,,21,2023-08-29,1995-12-05,FALSE,p166477,3,31,0,0,0,4,0,0,3,294,373.0,292.2,195.0,86.2,106,56,40,146,20,1.50,1.47,2.97,32.66,NA,,NA,,NA,,,,199,83,150,39,190,48,183,62,0.07,0,0.07,0.14,1.6,1.52,589,126,31,14,345,128,392,144,0.98,0.15,7.15,1.50,0.07,2
320,Diop,DEF,Fulham,FUL,3,4.3,31,1,0,0.8,6.0,6.0,15,812,TRUE,FALSE,NA,NA,219924,0,0,-2,2,0,1,2,Issa,FALSE,,NA,43,219924.jpg,2.4,FALSE,Diop,0.1,FALSE,NA,a,10,54,9196,0,12737,0,1.4,7.2,,145,2022-08-10,1997-01-09,FALSE,p219924,1,13,0,0,0,2,0,0,3,103,190.8,8.0,31.0,23.0,55,19,6,61,8,0.80,0.05,0.85,12.42,NA,,NA,,NA,,,,317,123,450,161,376,128,389,136,0.09,0,0.01,0.1,1.38,1.44,592,129,13,7,287,111,520,187,0.89,0.11,6.76,0.80,0.09,2
321,J.Cuenca,DEF,Fulham,FUL,3,4.3,39,0,0,0.0,0.0,0.0,0,935,TRUE,FALSE,NA,NA,246301,0,0,-2,2,0,0,2,Jorge,FALSE,,NA,43,246301.jpg,2.6,FALSE,Cuenca Barreno,0.1,FALSE,NA,a,10,54,7120,0,8596,0,0.0,9.1,,200,2024-08-03,1999-11-17,FALSE,p246301,2,11,0,0,0,6,0,0,1,155,249.6,47.2,14.0,31.2,101,40,16,117,11,0.05,0.53,0.58,14.70,NA,,NA,,NA,,,,277,108,375,134,417,154,365,125,0,0,0.05,0.05,1.41,1.06,595,131,547,231,257,98,578,206,1.06,0.19,11.26,0.05,0,2
322,Tete,DEF,Fulham,FUL,3,4.5,81,1,0,0.0,0.0,0.0,0,1791,TRUE,FALSE,100,100,167074,0,0,0,0,0,1,2,Kenny,FALSE,,2026-03-20T15:00:09.398770Z,45,167074.jpg,3.7,FALSE,Tete,0.2,FALSE,NA,a,10,54,182447,0,182321,0,0.0,18.0,,152,2020-09-10,1995-10-09,FALSE,p167074,6,25,0,0,0,2,0,0,5,318,416.0,214.1,108.0,73.9,100,82,65,165,21,0.92,1.46,2.38,25.79,NA,,NA,,NA,,,,174,71,190,49,274,77,223,78,0.05,0,0.07,0.12,1.3,1.26,416,77,613,242,89,32,369,134,1.06,0.3,8.29,0.92,0.05,2
323,Amissah,DEF,Fulham,FUL,3,3.8,0,0,0,0.0,0.0,0.0,0,0,TRUE,FALSE,NA,NA,591385,0,0,-2,2,0,0,2,Samuel,FALSE,,NA,38,591385.jpg,0.0,FALSE,Amissah,0.1,FALSE,NA,a,10,54,10552,0,18712,0,0.0,0.0,,241,2023-07-19,2007-03-07,FALSE,p591385,0,0,0,0,0,0,0,0,0,0,0.0,0.0,0.0,0.0,0,0,0,0,0,0.00,0.00,0.00,0.00,NA,,NA,,NA,,,,547,200,529,199,498,195,550,200,0,0,0,0,0,0,830,259,406,154,558,200,429,160,0,0,0,0.00,0,0
324,Iwobi,MID,Fulham,FUL,3,6.1,103,4,3,0.5,1.7,1.7,3,2420,TRUE,FALSE,100,100,153133,0,0,-4,4,0,3,3,Alex,FALSE,,2026-04-18T18:00:09.137454Z,61,153133.jpg,3.6,FALSE,Iwobi,1.1,FALSE,NA,a,10,54,594538,0,653863,0,0.3,16.9,,157,2023-09-01,1996-05-03,FALSE,p153133,5,40,0,0,0,3,0,0,13,508,511.2,739.4,343.0,159.4,35,126,27,188,29,1.91,4.70,6.61,35.70,2,,NA,,NA,,,,128,42,22,21,93,55,50,34,0.07,0,0.17,0.24,1.33,1.49,79,51,216,100,106,47,188,65,1.08,0.19,6.99,1.91,0.07,2
325,Smith Rowe,MID,Fulham,FUL,3,5.6,80,3,1,2.0,2.0,2.0,3,1909,TRUE,FALSE,100,100,209289,0,0,-4,4,0,0,3,Emile,FALSE,,2026-03-16T00:00:09.774637Z,56,209289.jpg,2.2,FALSE,Smith Rowe,0.5,FALSE,NA,a,10,54,172249,0,228192,0,0.4,14.3,,241,2024-08-02,2000-07-28,FALSE,p209289,6,27,0,0,0,1,0,0,1,351,291.6,330.0,404.0,102.6,42,71,35,148,22,4.71,1.12,5.83,31.27,NA,,NA,,NA,,,,249,107,128,88,75,44,141,77,0.22,0,0.05,0.27,1.47,1.27,127,79,182,85,329,141,267,92,1.04,0.28,6.98,4.71,0.22,2
327,Andreas,MID,Fulham,FUL,3,5.3,0,0,0,0.0,0.0,0.0,0,0,TRUE,FALSE,0,0,156689,0,0,-2,2,0,0,3,Andreas,FALSE,has joined Palmeiras permanently.,2025-09-02T13:24:11.133813Z,53,156689.jpg,0.0,FALSE,Hoelgebaum Pereira,0.1,FALSE,NA,u,10,54,2438,0,35658,0,0.0,0.0,,30,2022-07-11,1996-01-01,FALSE,p156689,0,0,0,0,0,0,0,0,0,0,0.0,0.0,0.0,0.0,0,0,0,0,0,0.00,0.00,0.00,0.00,NA,,NA,,NA,,,,820,364,820,364,818,364,820,364,0,0,0,0,0,0,180,113,787,342,820,364,570,213,0,0,0,0.00,0,0
328,Sessegnon,MID,Fulham,FUL,3,5.4,95,3,3,2.1,0.0,0.0,0,1816,TRUE,FALSE,100,75,184349,0,0,-1,1,0,2,3,Ryan,FALSE,,2026-04-28T00:00:07.995394Z,54,184349.jpg,3.5,FALSE,Sessegnon,0.1,FALSE,NA,a,10,54,148420,0,143996,0,0.0,17.6,,241,2024-07-26,2000-05-18,FALSE,p184349,6,29,0,0,0,0,0,0,8,332,413.8,225.0,229.0,86.7,96,74,48,218,20,1.60,1.80,3.40,26.33,NA,,NA,,NA,,,,175,65,182,119,158,87,181,88,0.08,0,0.09,0.17,1.3,1.44,157,97,795,349,120,51,430,147,0.99,0.3,10.8,1.60,0.08,2
329,Wilson_H,MID,Fulham,FUL,3,5.8,168,10,9,1.8,2.3,2.3,4,2674,TRUE,FALSE,100,100,153682,0,0,3,-3,0,3,3,Harry,FALSE,,2026-03-01T22:00:07.600147Z,58,153682.jpg,4.7,FALSE,Wilson,17.4,FALSE,NA,a,10,54,6013826,0,3902308,0,0.4,29.0,,244,2021-07-24,1997-03-22,FALSE,p153682,9,38,0,0,0,7,0,0,21,637,707.2,661.1,601.0,196.9,66,82,29,177,32,5.88,4.77,10.65,40.14,1,,1,,3,,,,51,13,32,29,35,19,27,22,0.2,0,0.16,0.36,1.35,1.28,104,68,162,72,23,11,17,5,1.08,0.3,5.96,5.88,0.2,2
330,Berge,MID,Fulham,FUL,3,4.9,91,0,3,1.0,1.3,1.3,3,2904,TRUE,FALSE,NA,NA,207189,0,0,-1,1,0,1,3,Sander,FALSE,,NA,49,207189.jpg,2.6,FALSE,Berge,0.1,FALSE,NA,a,10,54,14400,0,15756,0,0.3,18.6,,161,2024-08-22,1998-02-14,FALSE,p207189,8,45,1,0,0,5,0,0,3,503,437.8,365.1,105.0,91.0,91,132,57,280,34,1.54,1.50,3.04,43.09,NA,,NA,,NA,,,,159,57,107,75,279,149,173,86,0.05,0,0.05,0.1,1.34,1.39,300,186,234,105,262,106,527,191,1.05,0.25,8.68,1.54,0.05,2
331,Cairney,MID,Fulham,FUL,3,4.8,41,2,0,0.8,2.7,2.7,6,756,TRUE,FALSE,100,100,76357,0,0,-2,2,0,0,3,Tom,FALSE,,2026-02-09T18:00:10.428796Z,48,76357.jpg,1.7,FALSE,Cairney,0.0,FALSE,NA,a,10,54,3188,0,5184,0,0.6,8.5,,243,2015-07-07,1991-01-20,FALSE,p76357,2,10,0,0,0,3,0,0,1,181,153.4,195.6,64.0,41.4,12,42,7,61,6,1.21,0.81,2.02,11.67,NA,,NA,,NA,,,,345,156,212,140,332,172,336,161,0.14,0,0.1,0.24,1.39,1.19,344,215,136,57,401,172,640,247,0.71,0.24,7.26,1.21,0.14,2
332,Lukic,MID,Fulham,FUL,3,4.9,67,1,4,3.2,2.0,2.0,0,1730,TRUE,FALSE,100,100,212314,0,0,-1,1,0,0,3,Saša,FALSE,,2026-01-17T18:30:08.687153Z,49,212314.jpg,2.6,FALSE,Lukić,0.1,FALSE,NA,a,10,54,16870,0,20046,0,0.4,13.7,,190,2023-01-31,1996-08-13,FALSE,p212314,6,22,0,0,0,9,0,0,4,314,317.6,441.6,176.0,93.4,63,71,49,183,20,2.23,1.91,4.14,27.64,3,,NA,,NA,,,,235,98,75,55,212,113,168,85,0.12,0,0.1,0.22,1.44,1.14,304,189,169,78,263,107,547,203,1.04,0.31,9.52,2.23,0.12,2
333,Godo,MID,Fulham,FUL,3,4.5,0,0,0,0.0,0.0,0.0,0,0,TRUE,FALSE,0,0,573062,0,0,0,0,0,0,3,Martial,FALSE,has joined Strasbourg permanently.,2025-09-02T13:30:29.210428Z,45,573062.jpg,0.0,FALSE,Godo,0.0,FALSE,NA,u,10,54,898,0,6644,0,0.0,0.0,,54,2022-08-22,2003-03-14,FALSE,p573062,0,0,0,0,0,0,0,0,0,0,0.0,0.0,0.0,0.0,0,0,0,0,0,0.00,0.00,0.00,0.00,NA,,NA,,NA,,,,744,307,738,307,724,303,745,308,0,0,0,0,0,0,478,292,661,254,747,309,679,273,0,0,0,0.00,0,0
334,Harris,MID,Fulham,FUL,3,4.5,0,0,0,0.0,0.0,0.0,0,0,TRUE,FALSE,0,0,515024,0,0,0,0,0,0,3,Luke,FALSE,Has joined Oxford United on loan for the rest of the season.,2025-07-28T11:48:41.571901Z,45,515024.jpg,0.0,FALSE,Harris,0.0,FALSE,NA,u,10,54,0,0,316,0,0.0,0.0,,244,2022-08-05,2005-03-04,FALSE,p515024,0,0,0,0,0,0,0,0,0,0,0.0,0.0,0.0,0.0,0,0,0,0,0,0.00,0.00,0.00,0.00,NA,,NA,,NA,,,,725,290,720,291,703,285,726,291,0,0,0,0,0,0,455,273,640,236,730,294,824,364,0,0,0,0.00,0,0
335,King,MID,Fulham,FUL,3,4.4,63,1,3,0.8,0.7,0.7,1,1290,TRUE,FALSE,100,100,577725,0,0,-1,1,0,1,3,Josh,FALSE,,2026-01-01T21:30:11.885073Z,44,577725.jpg,2.0,FALSE,King,1.6,FALSE,NA,a,10,54,1013414,0,940159,0,0.2,14.3,,241,2024-02-02,2007-01-03,FALSE,p577725,5,18,0,0,0,4,0,0,3,225,207.4,198.7,336.0,73.3,22,59,26,107,15,2.47,0.66,3.13,18.97,NA,,NA,,NA,,,,304,129,208,136,96,56,226,109,0.17,0,0.05,0.22,1.32,1.26,574,346,300,130,347,147,161,55,1.05,0.35,7.47,2.47,0.17,2
336,Reed,MID,Fulham,FUL,3,4.3,15,1,0,0.5,0.0,0.0,0,89,TRUE,FALSE,100,100,153366,0,0,-2,2,0,0,3,Harrison,FALSE,,2026-04-09T16:30:10.820873Z,43,153366.jpg,2.1,FALSE,Reed,0.3,FALSE,NA,a,10,54,90313,0,86799,0,0.0,3.5,,241,2020-08-30,1995-01-27,FALSE,p153366,0,4,0,0,0,0,0,0,2,48,42.0,44.4,11.0,9.7,1,5,0,6,1,0.13,0.45,0.58,3.43,NA,,NA,,NA,,,,439,192,379,194,424,208,434,195,0.13,0,0.46,0.59,3.47,4.04,588,352,543,174,333,142,321,109,1.01,0,6.07,0.13,0.13,0
337,Raul,FWD,Fulham,FUL,3,5.9,112,9,5,1.2,0.7,0.7,1,2183,TRUE,FALSE,100,100,102057,0,0,-6,6,0,1,4,Raúl,FALSE,,2025-10-29T18:00:08.542122Z,59,102057.jpg,3.1,FALSE,Jiménez Rodríguez,1.8,FALSE,NA,a,10,54,895899,0,942139,0,0.1,19.0,,139,2023-07-25,1991-05-05,FALSE,p102057,9,28,0,0,0,5,0,0,7,410,479.4,331.5,729.0,153.1,42,55,35,132,27,11.58,0.90,12.48,34.95,NA,,2,,1,,,,141,14,124,6,24,14,56,12,0.48,0,0.04,0.52,1.44,1.15,87,26,319,40,184,19,145,22,1.11,0.37,5.44,11.58,0.48,2
338,Muniz,FWD,Fulham,FUL,3,5.3,36,1,1,1.2,1.7,1.7,2,987,TRUE,FALSE,100,100,244042,0,0,-2,2,0,0,4,Rodrigo,FALSE,,2025-11-08T19:00:09.014811Z,53,244042.jpg,1.7,FALSE,Muniz Carvalho,0.7,FALSE,NA,a,10,54,274886,0,446903,0,0.3,6.8,Rodrigo Muniz,30,2021-08-20,2001-05-04,FALSE,p244042,3,13,1,0,0,2,0,0,3,94,113.2,93.2,287.0,47.3,29,15,8,52,10,3.30,0.15,3.45,13.83,NA,,NA,,NA,,,,383,43,303,34,121,30,317,39,0.3,0,0.01,0.31,1.26,1.19,187,42,212,21,406,46,229,35,0.91,0.27,4.74,3.30,0.3,2
424,Bobb,MID,Fulham,FUL,3,5.1,42,0,2,1.2,2.0,2.0,3,1030,TRUE,FALSE,100,100,477555,0,0,-4,4,0,0,3,Oscar,FALSE,,2025-12-18T01:30:09.837246Z,51,477555.jpg,1.8,FALSE,Bobb,0.2,FALSE,NA,a,10,54,93356,0,103428,0,0.4,8.2,,161,2026-01-30,2003-07-12,FALSE,p477555,4,13,0,0,0,1,0,0,0,182,140.4,315.4,205.0,66.4,12,43,21,76,11,1.47,2.10,3.57,12.71,NA,,NA,,NA,,,,357,160,134,92,180,96,247,121,0.13,0,0.18,0.31,1.11,1.14,235,143,174,81,385,166,373,129,0.96,0.35,6.64,1.47,0.13,2
664,Lecomte,GKP,Fulham,FUL,3,3.9,0,0,0,0.0,0.0,0.0,0,0,TRUE,FALSE,NA,NA,86873,0,0,-1,1,0,0,1,Benjamin,FALSE,,NA,39,86873.jpg,0.0,FALSE,Lecomte,0.7,FALSE,NA,a,10,54,44786,0,60044,0,0.0,0.0,,73,2025-07-26,1991-04-26,FALSE,p86873,0,0,0,0,0,0,0,0,0,0,0.0,0.0,0.0,0.0,0,0,0,0,0,0.00,0.00,0.00,0.00,NA,,NA,,NA,,,,552,48,535,29,504,14,555,48,0,0,0,0,0,0,763,73,411,35,563,48,239,32,0,0,0,0.00,0,0
727,Chukwueze,MID,Fulham,FUL,3,5.3,62,3,4,2.0,1.0,1.0,0,1067,TRUE,FALSE,100,100,218328,0,0,-2,2,0,1,3,Samuel,FALSE,,2026-02-20T16:30:09.110337Z,53,218328.jpg,2.7,FALSE,Chukwueze,0.1,FALSE,NA,a,10,54,103284,0,97303,0,0.2,11.7,,157,2025-09-01,1999-05-22,FALSE,p218328,2,20,0,0,0,0,0,0,1,242,274.0,346.7,243.0,85.8,18,57,6,81,10,2.10,3.36,5.46,18.76,NA,,NA,,NA,,,,265,111,119,84,145,79,186,89,0.18,0,0.28,0.46,1.58,1.69,185,118,273,121,245,98,521,190,0.84,0.17,6.83,2.10,0.18,2
731,Kevin,MID,Fulham,FUL,3,5.7,49,1,3,0.5,2.0,2.0,4,1030,TRUE,FALSE,100,100,560552,0,0,-3,3,0,0,3,Kevin,FALSE,,2026-02-22T23:00:10.122821Z,57,560552.jpg,1.9,FALSE,Santos Lopes de Macedo,0.1,FALSE,NA,a,10,54,35332,0,32474,0,0.4,8.6,Kevin,30,2025-09-01,2003-01-04,FALSE,p560552,4,15,0,0,0,1,0,0,0,183,216.0,246.6,243.0,70.4,17,48,21,86,9,1.21,1.47,2.68,14.57,NA,,NA,,NA,,,,298,126,167,110,146,80,238,115,0.11,0,0.13,0.24,1.27,1.31,119,75,184,87,369,158,579,216,0.79,0.35,7.51,1.21,0.11,2
737,Kusi-Asare,FWD,Fulham,FUL,3,4.5,6,0,0,0.0,0.0,0.3,0,49,TRUE,FALSE,0,0,631786,0,0,0,0,0,0,4,Jonah,FALSE,Knee injury - Expected back 01 Jun,2026-05-22T19:00:08.300926Z,45,631786.jpg,0.9,FALSE,Kusi-Asare,0.1,FALSE,NA,i,10,54,23636,0,19066,0,0.1,1.3,,206,2025-09-01,2007-07-04,FALSE,p631786,0,2,0,0,0,1,0,0,0,19,3.2,12.0,8.0,2.3,0,4,1,5,0,0.00,0.07,0.07,1.10,NA,,NA,,NA,,,,503,57,431,56,432,59,487,59,0,0,0.13,0.13,2.02,3.67,516,75,348,45,525,66,481,68,0,0,9.18,0.00,0,0
770,Ridgeon,MID,Fulham,FUL,3,4.5,0,0,0,0.0,0.0,0.0,0,0,TRUE,FALSE,NA,NA,619536,0,0,0,0,0,0,3,Seth,FALSE,,NA,45,619536.jpg,0.0,FALSE,Ridgeon,0.0,FALSE,NA,a,10,54,957,0,630,0,0.0,0.0,,241,2025-10-27,2008-09-12,FALSE,p619536,0,0,0,0,0,0,0,0,0,0,0.0,0.0,0.0,0.0,0,0,0,0,0,0.00,0.00,0.00,0.00,NA,,NA,,NA,,,,771,329,764,328,751,325,771,329,0,0,0,0,0,0,510,318,690,278,771,329,777,333,0,0,0,0.00,0,0
786,McNally,GKP,Fulham,FUL,3,4,0,0,0,0.0,0.0,0.0,0,0,TRUE,FALSE,NA,NA,505079,0,0,0,0,0,0,1,Alfie,FALSE,,NA,40,505079.jpg,0.0,FALSE,McNally,0.0,FALSE,NA,a,10,54,1175,0,681,0,0.0,0.0,,241,2026-01-03,2004-12-22,FALSE,p505079,0,0,0,0,0,0,0,0,0,0,0.0,0.0,0.0,0.0,0,0,0,0,0,0.00,0.00,0.00,0.00,NA,,NA,,NA,,,,613,83,604,72,573,57,616,83,0,0,0,0,0,0,718,61,485,75,623,83,729,84,0,0,0,0.00,0,0
168,Buonanotte,MID,Leeds,LEE,3,4.6,3,0,0,0.0,0.3,0.3,1,81,TRUE,FALSE,100,100,536916,0,0,-4,4,0,0,3,Facundo,FALSE,,2026-05-09T21:00:09.692031Z,46,536916.jpg,0.8,FALSE,Buonanotte,0.1,FALSE,NA,a,11,2,18275,0,31776,0,0.1,0.7,,10,2026-01-15,2004-12-23,FALSE,p536916,0,4,0,0,0,1,0,0,0,9,13.2,40.0,21.0,7.4,2,3,1,6,1,0.06,0.28,0.34,2.51,NA,,NA,,NA,,,,471,209,384,196,402,201,452,202,0.07,0,0.31,0.38,2.79,4.44,405,249,350,155,532,246,500,180,1.11,0,6.67,0.06,0.07,0
339,Meslier,GKP,Leeds,LEE,3,4.1,0,0,0,0.0,0.0,0.0,0,0,TRUE,FALSE,NA,NA,437495,0,0,-4,4,0,0,1,Illan,FALSE,,NA,41,437495.jpg,0.0,FALSE,Meslier,0.3,FALSE,NA,a,11,2,15916,0,66623,0,0.0,0.0,,73,2020-07-27,2000-03-02,FALSE,p437495,0,0,0,0,0,0,0,0,0,0,0.0,0.0,0.0,0.0,0,0,0,0,0,0.00,0.00,0.00,0.00,NA,,NA,,NA,,,,646,90,638,80,609,65,649,90,0,0,0,0,0,0,665,36,524,83,656,90,310,40,0,0,0,0.00,0,0
340,Cairns,GKP,Leeds,LEE,3,3.9,0,0,0,0.0,0.0,0.0,0,0,TRUE,FALSE,NA,NA,97846,0,0,-1,1,0,0,1,Alex,FALSE,,NA,39,97846.jpg,0.0,FALSE,Cairns,0.1,FALSE,NA,a,11,2,9292,0,16620,0,0.0,0.0,,241,2024-07-08,1993-01-04,FALSE,p97846,0,0,0,0,0,0,0,0,0,0,0.0,0.0,0.0,0.0,0,0,0,0,0,0.00,0.00,0.00,0.00,NA,,NA,,NA,,,,553,49,536,30,505,15,556,49,0,0,0,0,0,0,764,74,412,36,564,49,432,62,0,0,0,0.00,0,0
341,Darlow,GKP,Leeds,LEE,3,4,71,0,0,5.0,5.0,5.0,2,1980,TRUE,FALSE,NA,NA,59735,0,0,0,0,0,1,1,Karl,FALSE,,NA,40,59735.jpg,3.2,FALSE,Darlow,6.9,FALSE,NA,a,11,2,941650,0,395339,0,1.2,17.8,,244,2023-07-29,1990-10-08,FALSE,p59735,5,27,0,0,0,1,0,63,3,334,531.4,0.0,0.0,53.4,30,202,1,0,22,0.00,0.05,0.05,28.36,NA,,NA,,NA,,,,118,18,567,51,536,36,290,18,0,2.86,0,0,1.29,1.23,673,40,29,2,156,19,64,10,1,0.23,0,0.00,0,0
342,Bogle,DEF,Leeds,LEE,3,4.4,96,1,5,1.3,0.5,0.7,2,2795,TRUE,FALSE,100,75,226182,0,0,-1,1,0,0,2,Jayden,FALSE,,2026-05-12T11:00:09.907503Z,44,226182.jpg,2.8,FALSE,Bogle,0.4,FALSE,NA,a,11,2,144807,0,114973,0,0.2,21.8,,241,2024-07-20,2000-07-27,FALSE,p226182,6,44,0,0,0,6,0,0,1,311,436.0,346.1,218.0,100.3,112,133,66,178,32,2.08,3.11,5.19,39.93,NA,,NA,,NA,,,,161,66,120,31,168,37,147,44,0.07,0,0.1,0.17,1.29,1.42,542,108,299,108,218,86,283,107,1.03,0.19,5.73,2.08,0.07,2
343,Struijk,DEF,Leeds,LEE,3,4.2,108,0,1,0.5,0.5,0.7,1,2935,TRUE,FALSE,100,75,222694,0,0,-3,3,0,0,2,Pascal,FALSE,,2026-05-08T15:30:09.162205Z,42,222694.jpg,3.2,FALSE,Struijk,1.9,FALSE,NA,a,11,2,573988,0,378934,0,0.2,25.7,,152,2018-04-12,1999-08-11,FALSE,p222694,7,48,0,0,0,5,0,0,4,412,697.4,161.5,272.0,113.1,258,117,39,297,33,3.06,0.76,3.82,42.92,NA,,NA,,NA,,,,52,22,234,59,130,24,116,32,0.09,0,0.02,0.11,1.32,1.47,641,143,295,105,160,58,141,56,1.01,0.21,9.11,3.06,0.09,2
344,Bijol,DEF,Leeds,LEE,3,3.9,99,1,3,6.0,4.7,4.7,1,1888,TRUE,FALSE,100,100,434752,0,0,-1,1,0,1,2,Jaka,FALSE,,2026-04-29T15:30:09.745549Z,39,434752.jpg,4.0,FALSE,Bijol,1.3,FALSE,NA,a,11,2,295633,0,157310,0,1.2,25.4,,195,2025-06-23,1999-02-05,FALSE,p434752,5,26,0,0,0,4,0,0,6,323,531.8,84.5,243.0,86.0,194,63,25,219,21,0.90,0.75,1.65,31.48,NA,,NA,,NA,,,,117,54,315,103,144,28,184,63,0.04,0,0.04,0.08,1.5,1.24,776,221,43,19,54,18,178,69,1,0.24,10.44,0.90,0.04,2
345,Bornauw,DEF,Leeds,LEE,3,3.8,25,0,0,2.3,2.7,2.7,1,429,TRUE,FALSE,100,100,437738,0,0,-2,2,0,0,2,Sebastiaan,FALSE,,2026-01-11T22:30:10.606564Z,38,437738.jpg,2.1,FALSE,Bornauw,0.1,FALSE,NA,a,11,2,24820,0,21277,0,0.7,6.6,,21,2025-07-01,1999-03-22,FALSE,p437738,2,5,0,0,0,1,0,0,0,73,98.6,6.3,19.0,12.2,41,13,8,49,5,0.20,0.01,0.21,8.71,NA,,NA,,NA,,,,394,148,459,166,407,147,425,154,0.04,0,0,0.04,1.83,1.05,811,243,127,42,331,124,440,165,1.05,0.42,10.28,0.20,0.04,2
346,Byram,DEF,Leeds,LEE,3,3.7,2,0,0,0.3,0.3,0.3,0,8,TRUE,FALSE,NA,NA,113564,0,0,-3,3,0,0,2,Sam,FALSE,,NA,37,113564.jpg,1.0,FALSE,Byram,0.4,FALSE,NA,a,11,2,64643,0,46209,0,0.1,0.5,,241,2023-08-05,1993-09-16,FALSE,p113564,0,1,0,0,0,0,0,0,0,1,5.4,0.0,0.0,0.5,2,1,1,3,0,0.00,0.00,0.00,1.01,NA,,NA,,NA,,,,493,178,505,180,472,174,512,179,0,0,0,0,11.36,11.25,832,261,333,116,462,164,289,109,0,0,33.75,0.00,0,0
347,Gudmundsson,DEF,Leeds,LEE,3,3.8,68,0,0,0.0,0.0,0.0,0,2637,TRUE,FALSE,0,0,243526,0,0,-2,2,0,0,2,Gabriel,FALSE,Hamstring injury - Expected back 01 Jun,2026-04-26T22:30:07.928706Z,38,243526.jpg,2.1,FALSE,Gudmundsson,2.5,FALSE,NA,i,11,2,1004619,0,1050434,0,0.0,17.9,,206,2025-07-08,1999-04-29,FALSE,p243526,5,45,1,0,0,4,1,0,8,286,442.6,363.7,158.0,96.4,119,112,65,184,31,1.10,2.89,3.98,41.06,NA,,NA,,NA,,,https://www.leedsunited.com/en/news/daniel-farke-provides-fitness-update-ahead-of-west-ham-united-clash?utm_source=premier_league&utm_medium=referral&utm_campaign=fantasy&utm_content=injuries-flag,156,65,108,28,228,59,160,54,0.04,0,0.1,0.14,1.4,1.54,807,239,388,139,330,123,121,46,1.06,0.17,6.28,1.10,0.04,2
348,Rodon,DEF,Leeds,LEE,3,3.9,109,2,0,2.7,2.7,2.7,1,2952,TRUE,FALSE,100,100,214225,0,0,-1,1,0,1,2,Joe,FALSE,,2026-04-05T21:30:09.244398Z,39,214225.jpg,3.1,FALSE,Rodon,3.0,FALSE,NA,a,11,2,1251264,0,1164785,0,0.7,27.9,,244,2024-07-02,1997-10-22,FALSE,p214225,6,53,0,0,0,3,0,0,5,373,707.2,137.3,242.0,109.1,237,85,37,274,33,1.40,0.56,1.96,48.54,NA,,NA,,NA,,,,50,21,262,69,147,29,124,35,0.04,0,0.02,0.06,1.48,1.62,772,219,128,43,175,66,108,38,1.01,0.18,8.35,1.40,0.04,2
349,Schmidt,DEF,Leeds,LEE,3,4,0,0,0,0.0,0.0,0.0,0,0,TRUE,FALSE,0,0,492368,0,0,0,0,0,0,2,Isaac,FALSE,has joined Werder Bremen on loan for the rest of the season.,2025-09-02T12:00:32.361624Z,40,492368.jpg,0.0,FALSE,Schmidt,0.1,FALSE,NA,u,11,2,788,0,16100,0,0.0,0.0,,207,2024-08-30,1999-12-07,FALSE,p492368,0,0,0,0,0,0,0,0,0,0,0.0,0.0,0.0,0.0,0,0,0,0,0,0.00,0.00,0.00,0.00,NA,,NA,,NA,,,,606,223,597,222,566,218,609,223,0,0,0,0,0,0,709,178,476,183,617,223,562,201,0,0,0,0.00,0,0
350,Aaronson,MID,Leeds,LEE,3,5.4,126,4,8,1.0,1.0,1.3,1,2449,TRUE,FALSE,100,75,427637,0,0,-1,1,0,2,3,Brenden,FALSE,,2026-05-17T22:00:09.557301Z,54,427637.jpg,3.4,FALSE,Aaronson,0.8,FALSE,NA,a,11,2,380284,0,301090,0,0.2,23.3,,229,2022-07-01,2000-10-22,FALSE,p427637,9,32,0,0,0,3,0,0,5,446,482.8,486.7,498.0,146.7,36,130,50,216,30,4.53,3.60,8.13,37.07,NA,,NA,,NA,,,,138,48,61,50,55,31,61,39,0.17,0,0.13,0.3,1.36,1.18,163,100,245,113,136,58,225,78,1.1,0.33,7.94,4.53,0.17,2
351,Gnonto,MID,Leeds,LEE,3,5.1,32,0,3,1.0,1.0,1.0,1,521,TRUE,FALSE,100,100,492859,0,0,-4,4,0,0,3,Wilfried,FALSE,,2025-09-18T14:30:08.147956Z,51,492859.jpg,1.4,FALSE,Gnonto,0.1,FALSE,NA,a,11,2,10774,0,41507,0,0.2,6.3,,106,2022-09-01,2003-11-05,FALSE,p492859,1,14,0,0,0,3,0,0,0,134,85.2,129.3,61.0,27.5,15,26,18,59,4,0.40,0.77,1.17,11.99,NA,,NA,,NA,,,,403,177,273,166,336,175,375,176,0.07,0,0.13,0.2,2.07,2.42,238,144,270,119,437,190,508,186,0.69,0.17,10.19,0.40,0.07,2
352,Harrison,MID,Leeds,LEE,3,5.1,12,0,0,0.0,0.0,0.0,0,262,TRUE,FALSE,0,0,221399,0,0,-4,4,0,0,3,Jack,FALSE,has joined ACF Fiorentina on loan for the rest of the season.,2026-01-19T15:40:40.404385Z,51,221399.jpg,1.1,FALSE,Harrison,0.0,FALSE,NA,u,11,2,6000,0,18812,0,0.0,2.4,,241,2021-07-02,1996-11-20,FALSE,p221399,0,5,0,0,0,0,0,0,0,51,30.0,49.4,35.0,11.5,6,13,5,24,1,0.28,0.23,0.51,3.82,NA,,NA,,NA,,,,451,199,370,191,372,189,428,192,0.1,0,0.08,0.18,1.31,1.72,229,140,777,337,461,205,604,229,0.34,0,8.24,0.28,0.1,2
353,James,MID,Leeds,LEE,3,5.2,23,0,0,1.3,1.3,1.3,1,547,TRUE,FALSE,100,100,200617,0,0,-3,3,0,0,3,Daniel,FALSE,,2026-04-08T15:30:07.856170Z,52,200617.jpg,1.2,FALSE,James,0.1,FALSE,NA,a,11,2,9414,0,53603,0,0.2,4.4,,244,2021-08-31,1997-11-10,FALSE,p200617,1,16,0,0,0,0,0,0,0,93,70.8,133.1,133.0,33.9,9,19,7,35,6,0.91,0.71,1.62,14.39,NA,,NA,,NA,,,,413,180,268,164,248,138,357,171,0.15,0,0.12,0.27,2.37,2.63,205,127,242,111,454,202,477,168,0.99,0.16,5.76,0.91,0.15,2
354,Ampadu,MID,Leeds,LEE,3,4.9,134,1,4,4.7,5.3,5.3,3,3119,TRUE,FALSE,100,100,199598,0,0,-1,1,0,1,3,Ethan,FALSE,,2026-05-15T14:30:09.952299Z,49,199598.jpg,3.8,FALSE,Ampadu,0.6,FALSE,NA,a,11,2,158478,0,94226,0,1.1,27.3,,244,2023-07-19,2000-09-14,FALSE,p199598,8,49,0,0,0,10,0,0,11,586,592.2,384.8,166.0,114.7,151,184,81,416,35,2.47,2.20,4.67,48.66,NA,,NA,,NA,,,,87,28,100,71,219,118,111,62,0.07,0,0.06,0.13,1.4,1.41,295,183,24,9,79,37,249,89,1.01,0.23,12,2.47,0.07,2
355,Greenwood,MID,Leeds,LEE,3,4.9,0,0,0,0.0,0.0,0.0,0,0,TRUE,FALSE,0,0,248937,0,0,-1,1,0,0,3,Sam,FALSE,has joined Pogon Szczecin permanently.,2025-09-02T12:00:32.393623Z,49,248937.jpg,0.0,FALSE,Greenwood,0.0,FALSE,NA,u,11,2,1234,0,10158,0,0.0,0.0,,241,2021-01-09,2002-01-26,FALSE,p248937,0,0,0,0,0,0,0,0,0,0,0.0,0.0,0.0,0.0,0,0,0,0,0,0.00,0.00,0.00,0.00,NA,,NA,,NA,,,,793,344,789,344,786,343,793,344,0,0,0,0,0,0,313,194,736,307,793,344,644,250,0,0,0,0.00,0,0
356,Gruev,MID,Leeds,LEE,3,4.7,56,0,4,0.0,0.0,0.0,0,1318,TRUE,FALSE,0,0,486520,0,0,-3,3,0,1,3,Ilia,FALSE,Knee injury - Expected back 01 Jun,2026-04-24T17:30:09.489939Z,47,486520.jpg,2.4,FALSE,Gruev,0.1,FALSE,NA,i,11,2,23047,0,21305,0,0.0,11.9,,34,2023-08-31,2000-05-06,FALSE,p486520,5,23,0,0,0,3,0,0,3,245,199.4,171.0,64.0,43.2,40,51,23,114,15,0.49,0.86,1.35,25.27,4,,NA,,NA,,,https://www.leedsunited.com/en/news/daniel-farke-provides-fitness-update-ahead-of-emirates-fa-cup-semi-final?utm_source=premier_league&utm_medium=referral&utm_campaign=fantasy&utm_content=injuries-flag,312,135,230,149,331,171,329,156,0.03,0,0.06,0.09,1.73,1.57,390,242,715,293,291,118,535,197,1.02,0.34,7.78,0.49,0.03,2
357,Ramazani,MID,Leeds,LEE,3,4.9,0,0,0,0.0,0.0,0.0,0,0,TRUE,FALSE,0,0,433952,0,0,-1,1,0,0,3,Largie,FALSE,has joined Valencia on loan for the rest of the season.,2025-09-02T12:00:32.377624Z,49,433952.jpg,0.0,FALSE,Ramazani,0.0,FALSE,NA,u,11,2,203,0,4347,0,0.0,0.0,,21,2024-08-22,2001-02-27,FALSE,p433952,0,0,0,0,0,0,0,0,0,0,0.0,0.0,0.0,0.0,0,0,0,0,0,0.00,0.00,0.00,0.00,NA,,NA,,NA,,,,795,346,791,346,788,345,795,346,0,0,0,0,0,0,317,196,739,309,795,346,726,302,0,0,0,0.00,0,0
358,Tanaka,MID,Leeds,LEE,3,4.8,67,2,1,4.0,3.3,3.3,4,1307,TRUE,FALSE,100,100,248056,0,0,-2,2,0,0,3,Tanaka,FALSE,,2025-08-24T01:30:06.493361Z,48,248056.jpg,2.4,FALSE,Ao,0.2,FALSE,NA,a,11,2,62165,0,68779,0,0.7,14.0,,108,2024-08-30,1998-09-10,FALSE,p248056,3,22,0,0,0,1,0,0,4,288,224.2,307.6,104.0,63.6,38,82,27,147,14,1.44,1.39,2.83,21.49,NA,,NA,,NA,,,,291,124,140,94,280,150,256,128,0.1,0,0.1,0.2,1.48,1.51,358,222,103,47,293,120,372,128,0.96,0.21,10.12,1.44,0.1,2
359,Crew,MID,Leeds,LEE,3,4.5,0,0,0,0.0,0.0,0.0,0,0,TRUE,FALSE,0,0,536119,0,0,0,0,0,0,3,Charlie,FALSE,Has joined Doncaster Rovers on loan for the rest of the season.,2025-08-11T01:12:36.647868Z,45,536119.jpg,0.0,FALSE,Crew,0.0,FALSE,NA,u,11,2,0,0,980,0,0.0,0.0,,244,2024-03-28,2006-06-15,FALSE,p536119,0,0,0,0,0,0,0,0,0,0,0.0,0.0,0.0,0.0,0,0,0,0,0,0.00,0.00,0.00,0.00,NA,,NA,,NA,,,,728,293,723,294,706,288,729,294,0,0,0,0,0,0,459,277,643,239,733,297,806,354,0,0,0,0.00,0,0
360,Gelhardt,MID,Leeds,LEE,3,4.5,0,0,0,0.0,0.0,0.0,0,0,TRUE,FALSE,0,0,462635,0,0,0,0,0,0,3,Joe,FALSE,Has joined Hull City on loan for the rest of the season.,2025-08-11T11:07:52.207439Z,45,462635.jpg,0.0,FALSE,Gelhardt,0.0,FALSE,NA,u,11,2,0,0,2913,0,0.0,0.0,,241,2021-02-07,2002-05-04,FALSE,p462635,0,0,0,0,0,0,0,0,0,0,0.0,0.0,0.0,0.0,0,0,0,0,0,0.00,0.00,0.00,0.00,NA,,NA,,NA,,,,716,281,712,283,695,277,718,283,0,0,0,0,0,0,441,263,630,227,722,286,764,324,0,0,0,0.00,0,0
361,Gyabi,MID,Leeds,LEE,3,4.5,0,0,0,0.0,0.0,0.0,0,0,TRUE,FALSE,0,0,470294,0,0,0,0,0,0,3,Darko,FALSE,has joined Hull City permanently.,2025-09-02T13:38:58.066167Z,45,470294.jpg,0.0,FALSE,Gyabi,0.0,FALSE,NA,u,11,2,1165,0,8468,0,0.0,0.0,,241,2022-07-04,2004-02-18,FALSE,p470294,0,0,0,0,0,0,0,0,0,0,0.0,0.0,0.0,0.0,0,0,0,0,0,0.00,0.00,0.00,0.00,NA,,NA,,NA,,,,717,282,713,284,696,278,719,284,0,0,0,0,0,0,442,264,631,228,723,287,677,272,0,0,0,0.00,0,0
362,Piroe,FWD,Leeds,LEE,3,4.9,17,0,0,0.3,0.7,0.7,1,244,TRUE,FALSE,100,100,235826,0,0,-6,6,0,0,4,Joël,FALSE,,2025-09-11T17:30:06.758854Z,49,235826.jpg,1.1,FALSE,Piroe,0.3,FALSE,NA,a,11,2,40417,0,222523,0,0.1,3.5,,203,2023-08-24,1999-08-02,FALSE,p235826,1,9,0,0,0,0,0,0,0,42,13.6,38.1,120.0,16.5,2,10,2,14,2,0.90,0.13,1.03,6.81,NA,,NA,,3,,,,470,54,386,51,263,49,410,52,0.33,0,0.05,0.38,2.51,3.32,312,58,307,39,459,55,305,49,0.74,0.37,5.16,0.90,0.33,2
363,Bamford,FWD,Leeds,LEE,3,4.9,0,0,0,0.0,0.0,0.0,0,0,TRUE,FALSE,0,0,106617,0,0,-1,1,0,0,4,Patrick,FALSE,has departed the club as a free agent.,2025-09-02T12:00:32.408955Z,49,106617.jpg,0.0,FALSE,Bamford,0.3,FALSE,NA,u,11,2,16144,0,203440,0,0.0,0.0,,241,2018-07-31,1993-09-05,FALSE,p106617,0,0,0,0,0,0,0,0,0,0,0.0,0.0,0.0,0.0,0,0,0,0,0,0.00,0.00,0.00,0.00,NA,,NA,,NA,,,,788,88,784,87,781,87,788,88,0,0,0,0,0,0,284,57,725,76,788,88,315,52,0,0,0,0.00,0,0
364,Mateo Joseph,FWD,Leeds,LEE,3,5,0,0,0,0.0,0.0,0.0,0,0,TRUE,FALSE,0,0,565297,0,0,0,0,0,0,4,Mateo,FALSE,Has joined RCD Mallorca on loan for the rest of the season.,2025-08-11T11:07:32.622877Z,50,565297.jpg,0.0,FALSE,Joseph Fernández-Regatillo,0.0,FALSE,NA,u,11,2,0,0,2431,0,0.0,0.0,,200,2022-11-04,2003-10-19,FALSE,p565297,0,0,0,0,0,0,0,0,0,0,0.0,0.0,0.0,0.0,0,0,0,0,0,0.00,0.00,0.00,0.00,NA,,NA,,NA,,,,814,91,813,91,810,91,814,91,0,0,0,0,0,0,276,56,769,81,814,91,752,91,0,0,0,0.00,0,0
365,Nmecha,FWD,Leeds,LEE,3,5,73,6,1,1.0,1.3,1.3,2,1065,TRUE,FALSE,100,100,174594,0,0,0,0,0,0,4,Lukas,FALSE,,2026-01-29T15:30:09.161752Z,50,174594.jpg,2.4,FALSE,Nmecha,0.5,FALSE,NA,a,11,2,220306,0,234636,0,0.3,14.6,,80,2025-07-01,1998-12-14,FALSE,p174594,3,23,0,0,1,0,0,0,8,268,290.4,153.5,434.0,87.8,15,30,12,57,10,7.25,1.58,8.83,21.84,NA,,NA,,2,,,,252,24,248,29,67,26,177,27,0.61,0,0.13,0.74,1.85,1.94,247,53,239,28,297,32,261,40,0.85,0.25,4.82,7.25,0.61,2
493,Longstaff,MID,Leeds,LEE,3,4.8,56,2,2,1.0,0.7,0.7,0,1003,TRUE,FALSE,100,100,180135,0,0,-2,2,0,1,3,Sean,FALSE,,2025-11-27T15:30:07.230475Z,48,180135.jpg,2.4,FALSE,Longstaff,0.2,FALSE,NA,a,11,2,179724,0,184050,0,0.1,11.7,,241,2025-07-18,1997-10-30,FALSE,p180135,1,20,0,0,0,2,0,0,5,273,291.8,403.7,116.0,81.2,29,43,38,110,10,1.23,1.87,3.10,15.88,2,,2,,NA,,,,248,106,87,63,269,146,200,95,0.11,0,0.17,0.28,1.42,1.79,347,218,303,132,292,119,367,125,0.9,0.09,9.87,1.23,0.11,2
660,Stach,MID,Leeds,LEE,3,4.8,137,5,6,0.0,0.0,1.7,0,2369,TRUE,FALSE,0,0,466525,0,0,-2,2,0,3,3,Anton,FALSE,Ankle injury - Expected back 01 Jun,2026-05-17T22:00:09.874245Z,48,466525.jpg,4.7,FALSE,Stach,1.7,FALSE,NA,i,11,2,1265159,0,1110797,0,0.4,28.5,,80,2025-07-22,1998-11-15,FALSE,p466525,7,36,0,0,0,3,0,0,14,550,650.0,921.4,315.0,188.8,81,120,65,266,28,2.88,4.47,7.35,34.05,1,,1,,NA,,,https://www.leedsunited.com/en/news/daniel-farke-provides-fitness-update-ahead-of-west-ham-united-clash?utm_source=premier_league&utm_medium=referral&utm_campaign=fantasy&utm_content=injuries-flag,67,19,8,8,104,62,29,23,0.11,0,0.17,0.28,1.29,1.37,362,225,209,96,19,9,153,48,1.06,0.27,10.11,2.88,0.11,2
665,Perri,GKP,Leeds,LEE,3,4.4,43,0,0,0.0,0.0,0.0,0,1440,TRUE,FALSE,100,100,201595,0,0,-1,1,0,0,1,Lucas Estella,FALSE,,2025-09-11T17:30:07.176029Z,44,201595.jpg,2.7,FALSE,Perri,0.3,FALSE,NA,a,11,2,55482,0,74186,0,0.0,9.8,Lucas Perri,30,2025-07-26,1997-12-10,FALSE,p201595,3,29,0,0,0,2,0,38,3,153,322.4,0.0,0.0,32.2,16,100,0,0,16,0.00,0.00,0.00,26.68,NA,,NA,,NA,,,,232,22,670,87,649,77,363,22,0,2.38,0,0,1.67,1.81,539,26,577,89,237,27,352,48,1,0.19,0,0.00,0,0
691,DCL,FWD,Leeds,LEE,3,5.8,142,14,2,6.7,5.3,5.3,2,2721,TRUE,FALSE,100,100,177815,0,0,3,-3,0,2,4,Dominic,FALSE,,2026-03-13T23:30:10.190086Z,58,177815.jpg,4.1,FALSE,Calvert-Lewin,13.7,FALSE,NA,a,11,2,4388816,0,2672427,0,0.9,24.5,,241,2025-08-15,1997-03-16,FALSE,p177815,8,34,0,0,1,3,0,0,20,472,619.6,311.1,1026.0,194.7,49,46,10,105,30,15.57,1.06,16.62,35.74,NA,,NA,,1,,,,75,6,137,10,5,4,28,6,0.51,0,0.04,0.55,1.18,1.12,105,29,26,3,52,7,27,7,0.99,0.26,3.47,15.57,0.51,2
698,Okafor,MID,Leeds,LEE,3,5.5,109,8,3,0.0,0.0,0.0,0,1553,TRUE,FALSE,0,0,435997,0,0,0,0,0,2,3,Noah,FALSE,Calf injury - Expected back 01 Jun,2026-05-08T15:30:09.371276Z,55,435997.jpg,3.9,FALSE,Okafor,0.9,FALSE,NA,i,11,2,573381,0,462800,0,0.0,19.8,,207,2025-08-21,2000-05-24,FALSE,p435997,6,26,0,0,0,3,0,0,11,354,438.8,275.0,435.0,115.0,29,61,23,113,19,5.25,1.32,6.57,24.54,NA,,NA,,NA,,,https://www.leedsunited.com/en/news/daniel-farke-provides-fitness-update-ahead-of-west-ham-united-clash?utm_source=premier_league&utm_medium=referral&utm_campaign=fantasy&utm_content=injuries-flag,157,55,157,103,65,38,109,61,0.3,0,0.08,0.38,1.42,1.51,142,89,809,360,74,34,213,74,1.1,0.35,6.55,5.25,0.3,2
706,Justin,DEF,Leeds,LEE,3,4,94,2,1,4.0,3.7,3.7,1,1893,TRUE,FALSE,100,100,220627,0,0,0,0,0,2,2,James,FALSE,,2026-03-02T16:30:09.035827Z,40,220627.jpg,3.2,FALSE,Justin,2.3,FALSE,NA,a,11,2,418683,0,145369,0,0.9,23.5,,241,2025-08-25,1998-02-23,FALSE,p220627,6,26,0,0,0,4,0,0,9,338,469.8,190.9,220.0,88.3,128,70,55,183,21,1.83,1.16,2.99,33.01,3,,NA,,NA,,,,144,59,217,53,164,36,176,58,0.09,0,0.06,0.15,1.57,1.24,685,167,81,26,157,55,133,52,1,0.29,8.7,1.83,0.09,2
741,Gray,FWD,Leeds,LEE,3,4.5,0,0,0,0.0,0.0,0.0,0,0,TRUE,FALSE,0,0,600882,0,0,0,0,0,0,4,Harry,FALSE,has joined Rotherham United on loan for the rest of the season.,2026-01-16T15:18:53.201761Z,45,600882.jpg,0.0,FALSE,Gray,0.1,FALSE,NA,u,11,2,27606,0,24948,0,0.0,0.0,,241,2025-04-20,2008-10-08,FALSE,p600882,0,0,0,0,0,0,0,0,0,0,0.0,0.0,0.0,0.0,0,0,0,0,0,0.00,0.00,0.00,0.00,NA,,NA,,NA,,,,761,82,754,81,741,81,761,82,0,0,0,0,0,0,499,71,680,70,762,82,531,73,0,0,0,0.00,0,0
787,Chambers,MID,Leeds,LEE,3,4.4,0,0,0,0.0,0.0,0.0,0,0,TRUE,FALSE,NA,NA,565863,0,0,-1,1,0,0,3,Sam,FALSE,,NA,44,565863.jpg,0.0,FALSE,Chambers,0.0,FALSE,NA,a,11,2,3015,0,1808,0,0.0,0.0,,243,2024-08-22,2007-08-18,FALSE,p565863,0,0,0,0,0,0,0,0,0,0,0.0,0.0,0.0,0.0,0,0,0,0,0,0.00,0.00,0.00,0.00,NA,,NA,,NA,,,,691,265,686,267,667,260,693,267,0,0,0,0,0,0,571,344,599,208,698,271,728,303,0,0,0,0.00,0,0
837,Lienou,DEF,Leeds,LEE,3,4,0,0,0,0.0,0.0,0.0,0,0,TRUE,FALSE,NA,NA,643970,0,0,0,0,0,0,2,Jayden,FALSE,,NA,40,643970.jpg,0.0,FALSE,Lienou,0.0,FALSE,NA,a,11,2,127,0,40,0,0.0,0.0,,244,2026-05-10,2008-04-08,FALSE,p643970,0,0,0,0,0,0,0,0,0,0,0.0,0.0,0.0,0.0,0,0,0,0,0,0.00,0.00,0.00,0.00,NA,,NA,,NA,,,,642,250,634,249,605,247,645,250,0,0,0,0,0,0,755,213,519,215,652,249,823,269,0,0,0,0.00,0,0
838,Chadwick,MID,Leeds,LEE,3,4.5,0,0,0,0.0,0.0,0.0,0,0,TRUE,FALSE,NA,NA,577978,0,0,0,0,0,0,3,Rhys,FALSE,,NA,45,577978.jpg,0.0,FALSE,Chadwick,0.0,FALSE,NA,a,11,2,165,0,49,0,0.0,0.0,,241,2025-07-18,2007-02-19,FALSE,p577978,0,0,0,0,0,0,0,0,0,0,0.0,0.0,0.0,0.0,0,0,0,0,0,0.00,0.00,0.00,0.00,NA,,NA,,NA,,,,751,312,744,311,731,308,751,312,0,0,0,0,0,0,488,299,669,260,753,313,829,369,0,0,0,0.00,0,0
839,Cresswell,MID,Leeds,LEE,3,4.5,0,0,0,1.3,0.0,0.0,0,0,TRUE,FALSE,NA,NA,592740,0,0,0,0,0,0,3,Alfie,FALSE,,NA,45,592740.jpg,0.0,FALSE,Cresswell,0.0,FALSE,NA,a,11,2,79,0,4,0,0.0,0.0,,241,2026-05-16,2007-07-15,FALSE,p592740,0,0,0,0,0,0,0,0,0,0,0.0,0.0,0.0,0.0,0,0,0,0,0,0.00,0.00,0.00,0.00,NA,,NA,,NA,,,,758,319,751,318,738,315,758,319,0,0,0,0,0,0,495,306,676,267,760,320,833,372,0,0,0,0.00,0,0
366,A.Becker,GKP,Liverpool,LIV,4,5.4,91,0,0,0.4,0.9,0.7,2,2340,TRUE,FALSE,100,75,116535,0,0,-1,1,0,1,1,Alisson,FALSE,,2026-03-20T18:00:09.865488Z,54,116535.jpg,3.5,FALSE,Becker,5.1,FALSE,NA,a,12,14,693536,0,1509765,0,0.1,16.9,Alisson Becker,30,2018-07-19,1992-10-02,FALSE,p116535,8,31,0,0,0,1,0,57,8,389,479.8,0.1,0.0,47.8,37,229,0,0,26,0.00,0.03,0.03,29.58,NA,,NA,,NA,,,,139,20,504,19,819,96,312,20,0,2.19,0,0,1.14,1.19,152,4,314,25,119,13,76,12,1,0.31,0,0.00,0,0
367,Mamardashvili,GKP,Liverpool,LIV,4,4.1,34,0,0,1.3,1.5,1.0,0,867,TRUE,FALSE,100,100,449027,0,0,-4,4,0,0,1,Giorgi,FALSE,,2026-04-19T22:30:08.194343Z,41,449027.jpg,3.4,FALSE,Mamardashvili,0.7,FALSE,NA,a,12,14,203916,0,200106,0,0.2,8.3,,79,2024-08-27,2000-09-29,FALSE,p449027,2,18,0,1,0,0,0,34,2,139,275.6,0.0,0.0,27.5,10,76,1,0,10,0.00,0.00,0.00,13.29,NA,,NA,,NA,,,,263,24,639,81,610,66,374,24,0,3.53,0,0,1.38,1.87,666,37,258,20,123,14,236,30,1.04,0.21,0,0.00,0,0
368,Pecsi,GKP,Liverpool,LIV,4,3.8,0,0,0,0.5,0.5,0.0,0,0,TRUE,FALSE,NA,NA,586268,0,0,-2,2,0,0,1,Ármin,FALSE,,NA,38,586268.jpg,0.0,FALSE,Pécsi,0.9,FALSE,NA,a,12,14,175882,0,87171,0,0.0,0.0,,98,2025-06-07,2005-02-24,FALSE,p586268,0,0,0,0,0,0,0,0,0,0,0.0,0.0,0.0,0.0,0,0,0,0,0,0.00,0.00,0.00,0.00,NA,,NA,,NA,,,,546,44,528,24,497,9,549,44,0,0,0,0,0,0,829,97,405,31,557,44,215,27,0,0,0,0.00,0,0
369,Woodman,GKP,Liverpool,LIV,4,3.9,6,0,0,1.7,0.5,0.0,0,212,TRUE,FALSE,NA,NA,155503,0,0,-1,1,0,0,1,Freddie,FALSE,,NA,39,155503.jpg,2.0,FALSE,Woodman,0.3,FALSE,NA,a,12,14,62212,0,37092,0,0.0,1.5,,241,2025-07-01,1997-03-04,FALSE,p155503,0,4,0,0,0,0,0,9,0,34,83.8,0.0,0.0,8.4,4,22,0,0,2,0.00,0.00,0.00,4.76,NA,,NA,,NA,,,,404,30,539,33,508,18,444,31,0,3.82,0,0,2.02,1.7,768,77,416,39,342,34,316,42,0.85,0,0,0.00,0,0
370,Frimpong,DEF,Liverpool,LIV,4,5.7,63,0,5,1.1,1.1,1.0,1,1032,TRUE,FALSE,100,75,216094,0,0,-3,3,0,0,2,Jeremie,FALSE,,2026-05-16T17:30:09.342740Z,57,216094.jpg,3.0,FALSE,Frimpong,4.9,FALSE,NA,a,12,14,716322,0,3446807,0,0.2,11.1,,152,2025-06-01,2000-12-10,FALSE,p216094,5,13,0,0,0,1,0,0,1,237,133.2,244.6,186.0,56.5,19,52,11,30,12,0.50,1.55,2.05,12.97,NA,,NA,,NA,,,,364,134,168,43,200,52,281,89,0.04,0,0.14,0.18,1.13,1.13,116,10,282,102,201,79,79,25,1.05,0.44,2.62,0.50,0.04,2
371,Kerkez,DEF,Liverpool,LIV,4,5.6,85,2,1,1.5,1.5,1.0,1,2251,TRUE,FALSE,100,100,544877,0,0,-4,4,0,0,2,Milos,FALSE,,2026-05-01T10:00:09.519335Z,56,544877.jpg,2.5,FALSE,Kerkez,2.9,FALSE,NA,a,12,14,386883,0,855051,0,0.2,15.2,,98,2025-06-26,2003-11-07,FALSE,p544877,6,37,0,0,0,4,0,0,4,357,434.6,415.8,141.0,99.4,93,88,41,134,27,1.50,0.69,2.19,30.10,NA,,NA,,NA,,,,163,67,81,20,239,62,151,48,0.06,0,0.03,0.09,1.2,1.48,133,14,281,101,277,108,111,40,1.08,0.24,5.36,1.50,0.06,2
372,Robertson,DEF,Liverpool,LIV,4,5.7,55,1,0,2.5,1.2,0.7,2,1165,TRUE,FALSE,NA,NA,122798,0,0,-3,3,0,1,2,Andrew,FALSE,,NA,57,122798.jpg,2.3,FALSE,Robertson,1.2,FALSE,NA,a,12,14,89505,0,145824,0,0.1,9.6,,243,2017-07-21,1994-03-11,FALSE,p122798,4,16,0,0,0,0,0,0,4,216,239.8,318.8,121.0,68.2,43,40,12,55,11,1.10,1.40,2.49,17.44,NA,,NA,,NA,,,,282,112,133,34,262,70,243,83,0.08,0,0.11,0.19,1.35,1.24,111,9,318,113,310,118,186,73,0.85,0.31,4.25,1.10,0.08,2
373,Virgil,DEF,Liverpool,LIV,4,6.1,175,6,1,5.7,6.5,6.0,2,3420,TRUE,FALSE,NA,NA,97032,0,0,1,-1,0,3,2,Virgil,TRUE,,NA,61,97032.jpg,4.6,FALSE,van Dijk,31.5,FALSE,NA,a,12,14,5365152,0,4641131,0,1.0,28.7,,152,2018-01-01,1991-07-08,FALSE,p97032,10,53,0,0,0,4,0,0,10,593,1169.4,215.9,490.0,187.6,329,87,23,352,38,3.77,1.44,5.21,47.63,NA,,NA,,NA,,,,3,1,189,48,56,2,30,1,0.1,0,0.04,0.14,1.25,1.39,78,3,16,9,26,9,8,3,1,0.26,9.26,3.77,0.1,2
374,Konate,DEF,Liverpool,LIV,4,5.4,129,1,0,2.3,1.5,1.0,1,3090,TRUE,FALSE,100,100,204716,0,0,-1,1,0,1,2,Ibrahima,FALSE,,2026-01-23T11:00:09.438636Z,54,204716.jpg,3.6,FALSE,Konaté,3.8,FALSE,NA,a,12,14,928187,0,902913,0,0.2,23.9,,73,2021-07-01,1999-05-25,FALSE,p204716,10,45,0,0,0,7,0,0,8,532,779.2,160.5,119.0,106.1,240,118,53,293,36,1.19,0.98,2.17,40.66,NA,,NA,,NA,,,,35,13,236,60,266,73,133,41,0.03,0,0.03,0.06,1.18,1.31,158,18,277,100,104,39,94,31,1.05,0.29,8.53,1.19,0.03,2
375,Bradley,DEF,Liverpool,LIV,4,4.9,42,0,2,0.0,0.0,0.0,0,928,TRUE,FALSE,0,0,492777,0,0,-1,1,0,0,2,Conor,FALSE,Knee injury - Expected back 01 Jun,2026-01-09T17:30:11.990256Z,49,492777.jpg,2.8,FALSE,Bradley,0.1,FALSE,NA,i,12,14,62835,0,72643,0,0.0,8.6,,242,2023-09-25,2003-07-09,FALSE,p492777,4,13,0,0,0,5,0,0,2,157,157.4,105.2,62.0,32.3,46,43,19,65,12,0.18,0.84,1.02,10.77,NA,,NA,,NA,,,https://www.liverpoolfc.com/news/injury-update-alisson-isak-mamardashvili-salah-and-more?utm_source=premier_league&utm_medium=referral&utm_campaign=fantasy&utm_content=injuries-flag,343,129,297,94,334,108,362,124,0.02,0,0.08,0.1,1.04,1.26,329,54,748,259,222,90,434,163,1.16,0.39,6.3,0.18,0.02,2
376,Gomez,DEF,Liverpool,LIV,4,4.9,33,0,2,0.7,0.8,0.3,1,594,TRUE,FALSE,100,100,171287,0,0,-1,1,0,1,2,Joe,FALSE,,2026-04-17T12:30:08.389302Z,49,171287.jpg,1.6,FALSE,Gomez,0.2,FALSE,NA,a,12,14,25675,0,31479,0,0.1,6.7,,241,2015-06-20,1997-05-23,FALSE,p171287,2,14,0,0,0,4,0,0,2,94,122.8,77.8,31.0,23.2,36,20,10,46,7,0.28,0.64,0.92,9.31,NA,,NA,,NA,,,,372,140,331,111,377,129,388,135,0.04,0,0.1,0.14,1.41,2.12,292,45,359,126,414,152,419,156,1.06,0.3,6.97,0.28,0.04,2
377,Tsimikas,DEF,Liverpool,LIV,4,4.8,0,0,0,0.0,0.0,0.0,0,0,TRUE,FALSE,0,0,214285,0,0,-2,2,0,0,2,Konstantinos,FALSE,has joined AS Roma on loan for the rest of the season.,2025-09-22T09:16:54.545563Z,48,214285.jpg,0.0,FALSE,Tsimikas,0.0,FALSE,NA,u,12,14,1669,0,12313,0,0.0,0.0,,83,2020-08-10,1996-05-12,FALSE,p214285,0,0,0,0,0,0,0,0,0,0,0.0,0.0,0.0,0.0,0,0,0,0,0,0.00,0.00,0.00,0.00,NA,,NA,,NA,,,,787,265,783,265,776,265,787,265,0,0,0,0,0,0,351,57,719,254,787,265,598,214,0,0,0,0.00,0,0
378,Nallo,DEF,Liverpool,LIV,4,3.7,0,0,0,0.5,0.5,0.0,0,0,TRUE,FALSE,100,100,611926,0,0,-3,3,0,0,2,Amara,FALSE,,2025-10-30T11:30:08.685763Z,37,611926.jpg,0.0,FALSE,Nallo,0.9,FALSE,NA,a,12,14,234622,0,155038,0,0.0,0.0,,241,2024-02-27,2006-11-18,FALSE,p611926,0,0,0,0,0,0,0,0,0,0,0.0,0.0,0.0,0.0,0,0,0,0,0,0.00,0.00,0.00,0.00,NA,,NA,,NA,,,,530,187,511,186,479,181,533,187,0,0,0,0,0,0,841,270,382,135,541,187,216,84,0,0,0,0.00,0,0
379,R.Williams,DEF,Liverpool,LIV,4,3.7,0,0,0,0.5,0.5,0.0,0,0,TRUE,FALSE,NA,NA,219937,0,0,-3,3,0,0,2,Rhys,FALSE,,NA,37,219937.jpg,0.0,FALSE,Williams,0.5,FALSE,NA,a,12,14,104331,0,71655,0,0.0,0.0,,241,2020-09-23,2001-02-03,FALSE,p219937,0,0,0,0,0,0,0,0,0,0,0.0,0.0,0.0,0.0,0,0,0,0,0,0.00,0.00,0.00,0.00,NA,,NA,,NA,,,,526,183,506,181,473,175,529,183,0,0,0,0,0,0,833,262,376,129,537,183,264,99,0,0,0,0.00,0,0
380,Ramsay,DEF,Liverpool,LIV,4,3.7,0,0,0,0.5,0.5,0.0,0,0,TRUE,FALSE,NA,NA,489580,0,0,-3,3,0,0,2,Calvin,FALSE,,NA,37,489580.jpg,0.0,FALSE,Ramsay,0.3,FALSE,NA,a,12,14,41615,0,36522,0,0.0,0.0,,243,2022-06-19,2003-07-31,FALSE,p489580,0,0,0,0,0,0,0,0,0,0,0.0,0.0,0.0,0.0,0,0,0,0,0,0.00,0.00,0.00,0.00,NA,,NA,,NA,,,,527,184,507,182,475,177,530,184,0,0,0,0,0,0,835,264,377,130,538,184,323,117,0,0,0,0.00,0,0
381,Salah,MID,Liverpool,LIV,4,14,123,7,7,1.0,2.8,2.3,6,2144,TRUE,FALSE,100,100,118748,0,0,-5,5,0,0,3,Mohamed,FALSE,,2026-04-25T22:30:09.424675Z,140,118748.jpg,4.6,FALSE,Salah,15.2,FALSE,NA,a,12,14,1789545,0,6177531,0,0.2,8.8,Mohamed Salah,63,2017-07-01,1992-06-15,FALSE,p118748,7,35,0,0,0,1,0,0,11,392,524.8,740.7,805.0,207.1,11,81,17,109,23,8.23,5.44,13.67,30.94,2,,4,,1,,,,124,39,21,20,16,8,21,16,0.35,0,0.23,0.58,1.3,1.47,2,1,166,76,28,13,22,7,0.97,0.29,4.58,8.23,0.35,2
382,Wirtz,MID,Liverpool,LIV,4,8.3,125,5,4,3.3,1.2,0.7,1,2374,TRUE,FALSE,100,100,494595,0,0,-2,2,0,3,3,Florian,FALSE,,2026-05-14T13:30:10.754598Z,83,494595.jpg,3.8,FALSE,Wirtz,8.5,FALSE,NA,a,12,14,2369824,0,5034345,0,0.1,15.1,,80,2025-06-20,2003-05-03,FALSE,p494595,10,32,0,0,0,1,0,0,17,521,526.4,908.2,665.0,210.0,26,116,34,176,27,6.83,5.14,11.96,33.99,4,,5,,NA,,,,121,38,10,10,28,13,17,12,0.26,0,0.19,0.45,1.29,1.21,13,8,325,145,86,42,51,19,1.02,0.38,6.67,6.83,0.26,2
383,Luis Diaz,MID,Liverpool,LIV,4,8,0,0,0,0.0,0.0,0.0,0,0,TRUE,FALSE,0,0,244731,0,0,0,0,0,0,3,Luis,FALSE,Has joined Bayern Munch permanently.,2025-07-30T14:05:01.491481Z,80,244731.jpg,0.0,FALSE,Díaz Marulanda,0.0,FALSE,NA,u,12,14,0,0,7389,0,0.0,0.0,,48,2022-01-30,1997-01-13,FALSE,p244731,0,0,0,0,0,0,0,0,0,0,0.0,0.0,0.0,0.0,0,0,0,0,0,0.00,0.00,0.00,0.00,NA,,NA,,NA,,,,840,378,840,378,840,378,840,378,0,0,0,0,0,0,16,11,837,377,840,378,613,233,0,0,0,0.00,0,0
384,Gakpo,MID,Liverpool,LIV,4,7.3,131,7,5,3.5,2.5,2.0,2,2736,TRUE,FALSE,100,100,243298,0,0,-2,2,0,1,3,Cody,FALSE,,2025-12-09T02:00:07.849895Z,73,243298.jpg,3.6,FALSE,Gakpo,5.6,FALSE,NA,a,12,14,3563681,0,3938706,0,0.3,17.9,,152,2023-01-01,1999-05-07,FALSE,p243298,10,39,0,0,0,3,0,0,5,449,540.4,714.7,831.0,208.4,37,87,28,152,32,8.35,4.67,13.02,34.94,3,,NA,,3,,,,109,32,25,24,10,5,19,14,0.27,0,0.15,0.42,1.15,1.28,27,16,188,90,108,49,70,25,1.05,0.33,5,8.35,0.27,2
385,Chiesa,MID,Liverpool,LIV,4,6.3,37,2,1,1.3,1.2,0.7,0,317,TRUE,FALSE,100,100,223541,0,0,-2,2,0,0,3,Federico,FALSE,,2026-03-24T10:30:10.649645Z,63,223541.jpg,1.4,FALSE,Chiesa,0.3,FALSE,NA,a,12,14,57386,0,70435,0,0.1,5.9,,106,2024-08-29,1997-10-25,FALSE,p223541,0,9,0,0,0,3,0,0,0,135,122.0,47.5,182.0,34.9,13,9,8,30,1,1.45,0.61,2.06,6.50,NA,,NA,,NA,,,,373,167,373,192,208,109,352,169,0.41,0,0.17,0.58,1.85,2.56,67,44,322,143,439,192,343,118,0.28,0,8.52,1.45,0.41,2
386,Mac Allister,MID,Liverpool,LIV,4,6.1,108,2,5,5.5,2.5,2.0,1,2654,TRUE,FALSE,100,100,243016,0,0,-4,4,0,2,3,Alexis,FALSE,,2025-08-28T17:30:07.822110Z,61,243016.jpg,2.9,FALSE,Mac Allister,1.8,FALSE,NA,a,12,14,392604,0,427095,0,0.3,17.7,,10,2023-06-14,1998-12-24,FALSE,p243016,7,41,0,0,0,7,0,0,9,490,475.4,562.2,365.0,139.9,64,112,53,229,31,3.89,1.69,5.58,36.97,NA,,NA,,4,,,,143,51,45,39,86,51,70,44,0.13,0,0.06,0.19,1.25,1.39,82,53,185,88,213,83,147,47,1.05,0.24,7.77,3.89,0.13,2
387,Szoboszlai,MID,Liverpool,LIV,4,7.1,160,6,7,6.7,4.8,4.3,2,3232,TRUE,FALSE,100,100,424876,0,0,6,-6,0,4,3,Dominik,FALSE,,2026-02-08T22:00:09.299317Z,71,424876.jpg,4.4,FALSE,Szoboszlai,15.1,FALSE,NA,a,12,14,3723042,0,2174292,0,0.6,22.5,,98,2023-07-02,2000-10-25,FALSE,p424876,9,52,0,0,1,8,1,0,21,780,867.8,1324.6,417.0,260.9,96,186,56,338,36,4.76,6.83,11.59,45.63,1,,2,,2,,,,20,6,2,2,71,41,4,3,0.13,0,0.19,0.32,1.27,1.45,35,20,59,24,39,17,24,8,1,0.25,9.41,4.76,0.13,2
388,C.Jones,MID,Liverpool,LIV,4,5.4,81,1,3,3.5,5.2,4.7,10,1923,TRUE,FALSE,100,100,206915,0,0,-1,1,0,1,3,Curtis,FALSE,,2026-04-12T02:30:09.264075Z,54,206915.jpg,2.4,FALSE,Jones,0.1,FALSE,NA,a,12,14,31960,0,36907,0,0.9,15.0,,241,2018-04-06,2001-01-30,FALSE,p206915,3,37,0,0,0,2,0,0,6,447,407.4,412.1,227.0,104.6,53,144,40,237,18,2.21,2.77,4.98,31.44,NA,,NA,,NA,,,,178,68,84,60,159,88,137,74,0.1,0,0.13,0.23,1.47,1.73,160,98,49,15,299,125,458,157,0.84,0.14,11.09,2.21,0.1,2
390,Gravenberch,MID,Liverpool,LIV,4,5.4,144,5,5,4.3,5.2,4.7,2,2991,TRUE,FALSE,100,100,441266,0,0,-1,1,0,3,3,Ryan,FALSE,,2025-10-20T00:30:09.747338Z,54,441266.jpg,4.0,FALSE,Gravenberch,3.7,FALSE,NA,a,12,14,2106193,0,1769549,0,0.9,26.7,,152,2023-09-01,2002-05-16,FALSE,p441266,9,42,0,0,0,5,0,0,17,671,687.0,497.2,220.0,140.1,112,127,59,298,34,1.89,2.26,4.15,38.41,NA,,NA,,NA,,,,55,14,58,49,166,91,68,43,0.06,0,0.07,0.13,1.16,1.26,166,102,50,16,61,28,96,32,1.02,0.27,8.97,1.89,0.06,2
392,Endo,MID,Liverpool,LIV,4,4.9,12,0,1,0.2,0.2,0.0,0,170,TRUE,FALSE,50,50,158983,0,0,-1,1,0,0,3,Endo,FALSE,Foot injury - 50% chance of playing,2026-02-12T13:30:08.951599Z,49,158983.jpg,1.5,FALSE,Wataru,0.1,FALSE,NA,d,12,14,7428,0,15517,0,0.0,2.4,,108,2023-08-18,1993-02-09,FALSE,p158983,1,5,0,0,0,1,0,0,0,49,56.0,18.1,6.0,8.0,13,3,7,23,1,0.04,0.05,0.09,4.11,NA,,NA,,NA,,,https://www.liverpoolfc.com/news/injury-news-updates-alisson-mamardashvili-gomez-and-endo?utm_source=premier_league&utm_medium=referral&utm_campaign=fantasy&utm_content=injuries-flag,428,183,418,205,441,213,447,201,0.02,0,0.03,0.05,2.18,2.65,289,179,727,301,424,183,519,189,0.53,0.53,12.18,0.04,0.02,2
393,Bajcetic,MID,Liverpool,LIV,4,4.2,0,0,0,0.0,0.0,0.0,0,0,TRUE,FALSE,0,0,535928,0,0,-3,3,0,0,3,Stefan,FALSE,Hamstring injury - Unknown return date,2025-09-12T10:00:06.938334Z,42,535928.jpg,0.0,FALSE,Bajčetić Maquieira,0.2,FALSE,NA,i,12,14,43880,0,23591,0,0.0,0.0,,200,2022-07-11,2004-10-22,FALSE,p535928,0,0,0,0,0,0,0,0,0,0,0.0,0.0,0.0,0.0,0,0,0,0,0,0.00,0.00,0.00,0.00,NA,,NA,,NA,,,https://www.liverpoolfc.com/news/liverpools-injury-list-suspensions-and-availability?utm_source=premier_league&utm_medium=referral&utm_campaign=fantasy&utm_content=injuries-flag,653,240,647,244,623,232,656,242,0,0,0,0,0,0,654,378,536,173,663,249,371,127,0,0,0,0.00,0,0
394,McConnell,MID,Liverpool,LIV,4,4.4,0,0,0,0.0,0.0,0.0,0,0,TRUE,FALSE,0,0,491501,0,0,-1,1,0,0,3,James,FALSE,has joined Ajax on loan for the rest of the season.,2025-09-22T21:23:24.738341Z,44,491501.jpg,0.0,FALSE,McConnell,0.0,FALSE,NA,u,12,14,1737,0,4136,0,0.0,0.0,,241,2023-07-18,2004-09-13,FALSE,p491501,0,0,0,0,0,0,0,0,0,0,0.0,0.0,0.0,0.0,0,0,0,0,0,0.00,0.00,0.00,0.00,NA,,NA,,NA,,,,681,258,677,261,656,252,683,260,0,0,0,0,0,0,557,334,587,200,689,265,691,277,0,0,0,0.00,0,0
395,Morton,MID,Liverpool,LIV,4,4.5,0,0,0,0.0,0.0,0.0,0,0,TRUE,FALSE,0,0,440148,0,0,0,0,0,0,3,Tyler,FALSE,Has joined Lyon permanently.,2025-08-11T01:13:11.403187Z,45,440148.jpg,0.0,FALSE,Morton,0.0,FALSE,NA,u,12,14,0,0,362,0,0.0,0.0,,241,2021-07-22,2002-10-31,FALSE,p440148,0,0,0,0,0,0,0,0,0,0,0.0,0.0,0.0,0.0,0,0,0,0,0,0.00,0.00,0.00,0.00,NA,,NA,,NA,,,,709,275,705,277,688,271,711,277,0,0,0,0,0,0,434,257,623,221,715,280,817,361,0,0,0,0.00,0,0
396,Nyoni,MID,Liverpool,LIV,4,4.3,6,0,0,0.5,0.8,0.3,1,21,TRUE,FALSE,NA,NA,591386,0,0,-2,2,0,0,3,Trey,FALSE,,NA,43,591386.jpg,1.0,FALSE,Nyoni,0.3,FALSE,NA,a,12,14,99712,0,87668,0,0.1,1.4,,241,2023-11-11,2007-06-30,FALSE,p591386,0,1,0,0,0,0,0,0,0,11,4.2,13.4,4.0,2.1,0,4,1,5,0,0.37,0.02,0.39,0.85,NA,,NA,,NA,,,,496,223,428,210,445,216,488,219,1.59,0,0.09,1.68,3.64,4.29,622,369,339,149,481,210,328,111,0,0,21.43,0.37,1.59,0
397,Darwin,FWD,Liverpool,LIV,4,6.5,0,0,0,0.0,0.0,0.0,0,0,TRUE,FALSE,0,0,447203,0,0,0,0,0,0,4,Darwin,FALSE,Has joined Al-Hilal permanently.,2025-08-11T11:06:59.061616Z,65,447203.jpg,0.0,FALSE,Núñez Ribeiro,0.1,FALSE,NA,u,12,14,0,0,15993,0,0.0,0.0,,230,2022-06-14,1999-06-24,FALSE,p447203,0,0,0,0,0,0,0,0,0,0,0.0,0.0,0.0,0.0,0,0,0,0,0,0.00,0.00,0.00,0.00,NA,,NA,,NA,,,,837,94,837,94,837,94,837,94,0,0,0,0,0,0,52,19,831,91,837,94,560,77,0,0,0,0.00,0,0
398,Danns,FWD,Liverpool,LIV,4,4.3,0,0,0,0.0,0.0,0.0,0,0,TRUE,FALSE,0,0,500058,0,0,-2,2,0,0,4,Jayden,FALSE,Hamstring injury - Unknown return date,2025-10-17T01:00:10.583515Z,43,500058.jpg,0.0,FALSE,Danns,0.1,FALSE,NA,i,12,14,9853,0,20477,0,0.0,0.0,,241,2024-02-20,2006-01-16,FALSE,p500058,0,0,0,0,0,0,0,0,0,0,0.0,0.0,0.0,0.0,0,0,0,0,0,0.00,0.00,0.00,0.00,NA,,NA,,NA,,,https://www.liverpoolfc.com/news/joe-gomez-and-jayden-danns-fitness-update?utm_source=premier_league&utm_medium=referral&utm_campaign=fantasy&utm_content=injuries-flag,660,68,655,67,633,67,663,69,0,0,0,0,0,0,611,87,557,56,671,70,482,69,0,0,0,0.00,0,0
499,Isak,FWD,Liverpool,LIV,4,10.3,41,3,1,2.0,0.6,0.3,0,694,TRUE,FALSE,100,75,219168,0,0,-2,2,0,0,4,Alexander,FALSE,,2026-05-16T17:00:09.636721Z,103,219168.jpg,2.9,FALSE,Isak,3.8,FALSE,NA,a,12,14,1943087,0,2527246,0,0.0,4.0,,206,2025-09-01,1999-09-21,FALSE,p219168,1,9,0,0,0,0,0,0,4,140,146.4,39.2,191.0,36.9,10,13,7,30,8,2.59,0.08,2.67,8.38,NA,,NA,,NA,,,,350,36,385,50,195,43,345,45,0.34,0,0.01,0.35,1.09,1.17,4,2,374,49,215,23,95,17,1.04,0.13,3.89,2.59,0.34,2
661,Ekitike,FWD,Liverpool,LIV,4,9,125,11,4,0.0,0.0,0.0,0,1797,TRUE,FALSE,0,0,510663,0,0,5,-5,0,4,4,Hugo,FALSE,Achilles injury - Expected back 01 Jul,2026-04-15T00:30:07.637512Z,90,510663.jpg,4.5,FALSE,Ekitiké,15.7,FALSE,NA,i,12,14,9187479,0,9633120,0,0.0,13.9,,73,2025-07-23,2002-06-20,FALSE,p510663,7,25,0,0,0,0,0,0,22,433,525.8,307.2,739.0,156.2,32,42,11,85,21,10.10,2.45,12.55,26.11,NA,,NA,,NA,,,https://www.liverpoolfc.com/news/hugo-ekitike-injury-update-1?utm_source=premier_league&utm_medium=referral&utm_campaign=fantasy&utm_content=injuries-flag,123,12,141,12,23,13,53,10,0.51,0,0.12,0.63,1.31,1.25,8,4,839,95,33,6,21,6,1.05,0.35,4.26,10.10,0.51,2
686,Ngumoha,MID,Liverpool,LIV,4,4.3,43,2,1,2.7,3.8,3.3,2,547,TRUE,FALSE,NA,NA,611922,0,0,-2,2,0,0,3,Rio,FALSE,,NA,43,611922.jpg,2.3,FALSE,Ngumoha,1.4,FALSE,NA,a,12,14,389465,0,234010,0,0.8,10.0,,241,2024-12-17,2008-08-29,FALSE,p611922,2,12,0,0,0,0,0,0,4,188,176.0,222.8,203.0,60.1,7,19,4,30,5,1.34,2.01,3.35,8.92,NA,,NA,,NA,,,,327,145,183,120,182,98,268,133,0.22,0,0.33,0.55,1.47,1.97,627,373,100,46,306,127,167,58,0.82,0.33,4.94,1.34,0.22,2
692,Leoni,DEF,Liverpool,LIV,4,4.9,0,0,0,0.0,0.0,0.0,0,0,TRUE,FALSE,0,0,647681,0,0,-1,1,0,0,2,Giovanni,FALSE,Knee injury - Expected back 01 Sep,2025-09-24T06:00:06.281394Z,49,647681.jpg,0.0,FALSE,Leoni,0.0,FALSE,NA,i,12,14,2052,0,2636,0,0.0,0.0,,106,2025-08-15,2006-12-21,FALSE,p647681,0,0,0,0,0,0,0,0,0,0,0.0,0.0,0.0,0.0,0,0,0,0,0,0.00,0.00,0.00,0.00,NA,,NA,,NA,,,https://www.liverpoolfc.com/news/liverpools-injury-list-suspensions-and-availability?utm_source=premier_league&utm_medium=referral&utm_campaign=fantasy&utm_content=injuries-flag,805,266,801,266,798,266,805,266,0,0,0,0,0,0,342,56,755,260,805,266,725,251,0,0,0,0.00,0,0
746,Morrison,MID,Liverpool,LIV,4,4.5,0,0,0,0.5,0.5,0.0,0,0,TRUE,FALSE,NA,NA,596042,0,0,0,0,0,0,3,Kieran,FALSE,,NA,45,596042.jpg,0.0,FALSE,Morrison,0.0,FALSE,NA,a,12,14,1220,0,1010,0,0.0,0.0,,242,2025-01-29,2006-11-09,FALSE,p596042,0,0,0,0,0,0,0,0,0,0,0.0,0.0,0.0,0.0,0,0,0,0,0,0.00,0.00,0.00,0.00,NA,,NA,,NA,,,,760,320,753,319,740,316,760,320,0,0,0,0,0,0,497,307,678,268,761,321,745,314,0,0,0,0.00,0,0
760,Lucky,DEF,Liverpool,LIV,4,4,0,0,0,0.5,0.5,0.0,0,0,TRUE,FALSE,NA,NA,519440,0,0,0,0,0,0,2,Wellity,FALSE,,NA,40,519440.jpg,0.0,FALSE,Lucky,0.0,FALSE,NA,a,12,14,1450,0,1285,0,0.0,0.0,,200,2025-08-01,2006-01-12,FALSE,p519440,0,0,0,0,0,0,0,0,0,0,0.0,0.0,0.0,0.0,0,0,0,0,0,0.00,0.00,0.00,0.00,NA,,NA,,NA,,,,617,229,609,228,578,224,620,229,0,0,0,0,0,0,725,187,490,190,627,228,678,239,0,0,0,0.00,0,0
830,Wright,FWD,Liverpool,LIV,4,4.5,0,0,0,0.5,0.5,0.0,0,0,TRUE,FALSE,NA,NA,677945,0,0,0,0,0,0,4,Will,FALSE,,NA,45,677945.jpg,0.0,FALSE,Wright,0.0,FALSE,NA,a,12,14,604,0,179,0,0.0,0.0,,241,2025-08-04,2008-01-01,FALSE,p677945,0,0,0,0,0,0,0,0,0,0,0.0,0.0,0.0,0.0,0,0,0,0,0,0.00,0.00,0.00,0.00,NA,,NA,,NA,,,,780,86,773,85,761,85,780,86,0,0,0,0,0,0,524,76,701,74,780,86,773,93,0,0,0,0.00,0,0
832,Ndiaye,DEF,Liverpool,LIV,4,4,0,0,0,0.5,0.5,0.0,0,0,TRUE,FALSE,NA,NA,718875,0,0,0,0,0,0,2,Talla,FALSE,,NA,40,718875.jpg,0.0,FALSE,Ndiaye,0.0,FALSE,NA,a,12,14,273,0,57,0,0.0,0.0,Talla Ndiaye,189,2026-04-02,2008-01-06,FALSE,p718875,0,0,0,0,0,0,0,0,0,0,0.0,0.0,0.0,0.0,0,0,0,0,0,0.00,0.00,0.00,0.00,NA,,NA,,NA,,,,645,253,637,252,608,250,648,253,0,0,0,0,0,0,758,216,522,218,655,252,807,267,0,0,0,0.00,0,0
82,Semenyo,MID,Man City,MCI,4,8,202,17,6,4.3,5.3,4.8,6,3200,TRUE,FALSE,100,100,437730,0,0,10,-10,0,5,3,Antoine,TRUE,,2025-11-17T13:00:08.045504Z,80,437730.jpg,5.5,FALSE,Semenyo,46.2,FALSE,NA,a,13,43,12955429,0,8639305,0,0.6,25.2,,81,2026-01-09,2000-01-07,FALSE,p437730,12,52,0,0,1,7,0,0,18,678,923.2,607.4,1047.0,257.7,49,142,45,236,37,11.10,3.12,14.21,47.67,NA,,4,,NA,,,,10,2,36,33,4,1,5,4,0.31,0,0.09,0.4,1.34,1.46,17,12,42,13,5,2,3,2,1.04,0.34,6.64,11.10,0.31,2
182,Trafford,GKP,Man City,MCI,4,4.5,13,0,0,0.5,1.0,0.5,2,360,TRUE,FALSE,NA,NA,432720,0,0,-5,5,0,0,1,James,FALSE,,NA,45,432720.jpg,3.2,FALSE,Trafford,0.9,FALSE,NA,a,13,43,102469,0,276190,0,0.1,2.9,,241,2025-07-29,2002-10-10,FALSE,p432720,1,6,0,0,0,0,0,14,0,67,118.0,0.0,0.0,11.9,6,35,2,0,4,0.00,0.00,0.00,5.74,NA,,NA,,NA,,,,377,28,703,90,686,80,427,28,0,3.5,0,0,1.44,1.5,432,24,329,26,163,20,207,26,1,0.25,0,0.00,0,0
260,Guehi,DEF,Man City,MCI,4,5.1,179,3,5,5.7,4.7,4.2,0,3150,TRUE,FALSE,100,100,209036,0,0,6,-6,0,5,2,Marc,TRUE,,2026-01-17T10:30:09.463372Z,51,209036.jpg,5.1,FALSE,Guéhi,32.6,FALSE,NA,a,13,43,6708601,0,4328970,0,0.8,35.1,,241,2026-01-19,2000-07-13,FALSE,p209036,14,35,0,0,0,6,0,0,14,688,901.6,304.6,402.0,160.9,232,139,46,278,35,4.05,2.37,6.42,44.58,NA,,NA,,NA,,,,14,5,146,37,78,6,49,8,0.12,0,0.07,0.19,1.27,1,228,34,62,23,8,2,7,2,1,0.4,7.94,4.05,0.12,2
399,Ederson,GKP,Man City,MCI,4,5.3,0,0,0,0.0,0.0,0.0,0,0,TRUE,FALSE,0,0,121160,0,0,-2,2,0,0,1,Ederson,FALSE,has joined Fenerbache permanently.,2025-09-02T13:32:35.715838Z,53,121160.jpg,0.0,FALSE,Santana de Moraes,0.8,FALSE,NA,u,13,43,15200,0,274123,0,0.0,0.0,,30,2017-07-01,1993-08-17,FALSE,p121160,0,0,0,0,0,0,0,0,0,0,0.0,0.0,0.0,0.0,0,0,0,0,0,0.00,0.00,0.00,0.00,NA,,NA,,NA,,,,819,97,819,97,817,95,819,97,0,0,0,0,0,0,178,5,786,97,819,97,221,28,0,0,0,0.00,0,0
401,Bettinelli,GKP,Man City,MCI,4,3.8,0,0,0,0.5,0.5,0.0,0,0,TRUE,FALSE,100,100,122074,0,0,-2,2,0,0,1,Marcus,FALSE,,2025-08-22T12:00:07.134628Z,38,122074.jpg,0.0,FALSE,Bettinelli,0.4,FALSE,NA,a,13,43,72915,0,57129,0,0.0,0.0,,241,2025-06-10,1992-05-24,FALSE,p122074,0,0,0,0,0,0,0,0,0,0,0.0,0.0,0.0,0.0,0,0,0,0,0,0.00,0.00,0.00,0.00,NA,,NA,,NA,,,,533,42,514,21,482,6,536,42,0,0,0,0,0,0,804,94,385,28,544,42,303,39,0,0,0,0.00,0,0
402,Ait-Nouri,DEF,Man City,MCI,4,5.7,60,0,2,2.0,2.3,1.8,1,971,TRUE,FALSE,100,100,448514,0,0,-3,3,0,1,2,Rayan,FALSE,,2025-12-13T14:30:11.538845Z,57,448514.jpg,3.5,FALSE,Aït-Nouri,4.1,FALSE,NA,a,13,43,664479,0,2494969,0,0.3,10.5,,3,2025-06-09,2001-06-06,FALSE,p448514,5,8,0,0,0,2,0,0,9,237,195.6,216.4,90.0,50.2,32,49,35,67,12,0.53,2.01,2.54,12.25,NA,,NA,,NA,,,,314,122,188,47,301,90,303,99,0.05,0,0.19,0.24,1.14,0.74,117,11,193,65,122,46,90,29,1.11,0.46,6.21,0.53,0.05,2
403,Gvardiol,DEF,Man City,MCI,4,5.8,79,2,2,0.7,1.0,0.5,1,1370,TRUE,FALSE,100,100,477424,0,0,-2,2,0,2,2,Joško,FALSE,,2026-01-04T21:30:12.663651Z,58,477424.jpg,4.4,FALSE,Gvardiol,3.2,FALSE,NA,a,13,43,1380358,0,2201303,0,0.1,13.6,,97,2023-08-05,2002-01-23,FALSE,p477424,6,13,0,0,0,2,0,0,5,303,369.0,109.5,218.0,69.8,86,49,17,103,16,2.25,0.70,2.95,16.05,NA,,NA,,NA,,,,202,86,290,90,170,39,239,82,0.15,0,0.05,0.2,1.05,0.85,109,8,331,115,35,12,104,35,1.05,0.39,6.77,2.25,0.15,2
404,Akanji,DEF,Man City,MCI,4,5.4,0,0,0,0.0,0.0,0.0,0,0,TRUE,FALSE,0,0,211975,0,0,-1,1,0,0,2,Manuel,FALSE,has joined Inter Milan on loan for the rest of the season.,2025-09-02T13:32:35.738667Z,54,211975.jpg,0.0,FALSE,Akanji,0.3,FALSE,NA,u,13,43,9281,0,85774,0,0.0,0.0,,207,2022-09-01,1995-07-19,FALSE,p211975,0,0,0,0,0,0,0,0,0,0,0.0,0.0,0.0,0.0,0,0,0,0,0,0.00,0.00,0.00,0.00,NA,,NA,,NA,,,,822,269,822,269,821,269,822,269,0,0,0,0,0,0,161,19,797,267,822,269,356,129,0,0,0,0.00,0,0
405,Ake,DEF,Man City,MCI,4,5.2,36,0,0,2.3,2.5,2.0,1,686,TRUE,FALSE,NA,NA,126184,0,0,-3,3,0,0,2,Nathan,FALSE,,NA,52,126184.jpg,2.0,FALSE,Aké,0.6,FALSE,NA,a,13,43,47785,0,89893,0,0.4,6.9,,152,2020-08-05,1995-02-18,FALSE,p126184,3,9,0,0,0,1,0,0,1,151,132.4,111.7,78.0,32.4,37,17,9,46,6,0.72,0.53,1.25,9.85,NA,,NA,,NA,,,,368,138,288,88,313,98,361,123,0.09,0,0.07,0.16,1.29,1.18,203,28,175,60,356,131,250,93,0.79,0.39,6.03,0.72,0.09,2
406,Khusanov,DEF,Man City,MCI,4,5.4,67,0,0,3.3,2.5,2.0,0,1427,TRUE,FALSE,100,100,578153,0,0,-1,1,0,1,2,Abdukodir,FALSE,,2026-02-08T22:00:09.344782Z,54,578153.jpg,3.2,FALSE,Khusanov,0.7,FALSE,NA,a,13,43,121067,0,96765,0,0.4,12.4,,231,2025-01-20,2004-02-29,FALSE,p578153,6,13,0,0,0,2,0,0,3,293,299.0,112.2,26.0,43.9,96,75,27,123,15,0.65,1.21,1.86,20.89,NA,,NA,,NA,,,,246,96,287,87,390,139,327,111,0.04,0,0.08,0.12,1.32,0.82,177,21,179,62,172,65,230,87,0.95,0.38,7.76,0.65,0.04,2
407,Matheus,DEF,Man City,MCI,4,5.3,154,1,8,2.7,2.5,2.0,0,2861,TRUE,FALSE,100,100,465351,0,0,-2,2,0,5,2,Matheus,FALSE,,2026-01-20T00:30:08.597207Z,53,465351.jpg,4.5,FALSE,Nunes,2.9,FALSE,NA,a,13,43,1062481,0,789254,0,0.4,29.1,Matheus Nunes,173,2023-09-01,1998-08-27,FALSE,p465351,12,28,0,0,0,5,0,0,16,676,696.0,545.0,131.0,137.6,138,166,57,195,32,0.34,2.23,2.57,34.89,NA,,NA,,4,,,,53,23,49,6,250,64,76,14,0.01,0,0.07,0.08,1.1,0.88,193,22,178,61,29,10,114,42,1.01,0.38,6.13,0.34,0.01,2
408,Ruben,DEF,Man City,MCI,4,5.5,113,2,0,0.5,0.7,0.2,1,2139,TRUE,FALSE,100,100,171314,0,0,0,0,0,1,2,Rúben,FALSE,,2026-03-27T11:30:11.791091Z,55,171314.jpg,4.3,FALSE,dos Santos Gato Alves Dias,3.1,FALSE,NA,a,13,43,956468,0,1105716,0,0.0,20.5,Rúben Dias,173,2020-09-29,1997-05-14,FALSE,p171314,12,22,0,0,0,3,0,0,4,453,560.8,152.2,96.0,81.0,154,74,13,167,24,0.57,0.65,1.22,26.07,NA,,NA,,NA,,,,100,44,251,64,293,88,201,70,0.02,0,0.03,0.05,1.1,0.93,136,15,375,128,42,15,107,37,1.01,0.5,7.03,0.57,0.02,2
409,Stones,DEF,Man City,MCI,4,5.4,16,0,0,0.7,1.5,1.0,3,436,TRUE,FALSE,100,100,97299,0,0,-1,1,0,0,2,John,FALSE,,2026-03-30T10:00:11.073963Z,54,97299.jpg,1.8,FALSE,Stones,0.6,FALSE,NA,a,13,43,57411,0,111982,0,0.2,3.0,,241,2016-08-09,1994-05-28,FALSE,p97299,1,10,0,0,0,0,0,0,0,55,101.8,24.4,4.0,13.0,29,19,1,30,5,0.00,0.09,0.09,6.62,NA,,NA,,NA,,,,391,145,405,146,451,168,419,151,0,0,0.02,0.02,1.37,2.06,151,16,275,99,388,141,251,94,1.03,0.21,6.19,0.00,0,2
410,Lewis,DEF,Man City,MCI,4,4.6,19,0,1,0.5,0.5,0.0,0,401,TRUE,FALSE,100,100,477064,0,0,-4,4,0,1,2,Rico,FALSE,,2026-03-11T00:00:09.340790Z,46,477064.jpg,1.7,FALSE,Lewis,1.2,FALSE,NA,a,13,43,372593,0,468786,0,0.0,4.1,,241,2022-07-16,2004-11-21,FALSE,p477064,1,7,0,0,0,2,0,0,2,72,70.8,112.5,55.0,23.8,14,15,5,19,4,0.19,1.39,1.58,6.81,NA,,NA,,NA,,,,412,154,286,86,342,112,386,134,0.04,0,0.31,0.35,1.53,1.57,403,70,707,252,399,147,185,72,0.9,0.22,4.26,0.19,0.04,2
411,O'Reilly,DEF,Man City,MCI,4,5.3,160,5,4,2.5,2.3,1.8,0,2643,TRUE,FALSE,100,100,472769,0,0,3,-3,0,4,2,Nico,FALSE,,2026-04-12T21:30:08.337535Z,53,472769.jpg,4.7,FALSE,O'Reilly,19.2,FALSE,NA,a,13,43,4540622,0,2118601,0,0.3,30.2,,241,2022-12-16,2005-03-21,FALSE,p472769,14,25,0,0,0,5,0,0,10,567,653.8,413.9,573.0,164.1,105,108,67,172,29,6.12,2.67,8.79,34.97,NA,,NA,,NA,,,,66,29,82,21,42,1,45,6,0.21,0,0.09,0.3,1.19,0.85,195,23,192,64,21,6,14,5,0.99,0.48,5.86,6.12,0.21,2
412,Vitor Reis,DEF,Man City,MCI,4,5,0,0,0,0.0,0.0,0.0,0,0,TRUE,FALSE,0,0,616222,0,0,0,0,0,0,2,Vitor,FALSE,Has joined Girona on loan for the rest of the season.,2025-08-11T01:23:23.836966Z,50,616222.jpg,0.0,FALSE,de Oliveira Nunes dos Reis,0.0,FALSE,NA,u,13,43,0,0,856,0,0.0,0.0,,30,2025-01-21,2006-01-12,FALSE,p616222,0,0,0,0,0,0,0,0,0,0,0.0,0.0,0.0,0.0,0,0,0,0,0,0.00,0.00,0.00,0.00,NA,,NA,,NA,,,,818,268,817,268,814,268,818,268,0,0,0,0,0,0,280,42,773,263,818,268,796,265,0,0,0,0.00,0,0
413,Marmoush,MID,Man City,MCI,4,8.3,56,3,3,4.5,4.3,3.8,0,691,TRUE,FALSE,100,100,438234,0,0,-2,2,0,1,3,Omar,FALSE,,2025-12-13T14:30:11.571466Z,83,438234.jpg,2.7,FALSE,Marmoush,2.9,FALSE,NA,a,13,43,350835,0,1310361,0,0.5,6.7,Omar Marmoush,63,2025-01-23,1999-02-07,FALSE,p438234,4,5,0,0,0,3,0,0,5,182,203.2,159.8,284.0,64.4,6,20,13,39,8,2.78,0.77,3.55,7.92,4,,1,,2,,,,309,132,240,153,125,72,253,126,0.36,0,0.1,0.46,1.03,0.65,11,6,80,37,253,104,112,37,1.04,0.52,5.08,2.78,0.36,2
414,Foden,MID,Man City,MCI,4,8,131,7,5,4.3,4.5,4.0,2,2078,TRUE,FALSE,100,100,209244,0,0,0,0,0,4,3,Phil,FALSE,,2025-08-10T23:00:06.538510Z,80,209244.jpg,4.0,FALSE,Foden,7.8,FALSE,NA,a,13,43,6220998,0,5631206,0,0.5,16.4,,241,2016-12-05,2000-05-28,FALSE,p209244,11,19,0,0,0,4,0,0,13,563,583.2,918.8,520.0,201.9,24,102,34,160,23,6.03,4.76,10.79,27.38,5,,NA,,NA,,,,90,30,9,9,50,28,26,21,0.26,0,0.21,0.47,1.19,0.82,15,10,75,33,67,32,56,21,1,0.48,6.93,6.03,0.26,2
415,Savinho,MID,Man City,MCI,4,6.9,43,1,2,3.3,3.7,3.2,2,817,TRUE,FALSE,100,100,510281,0,0,-1,1,0,0,3,Sávio,FALSE,,2026-01-02T00:30:11.916072Z,69,510281.jpg,1.8,FALSE,Moreira de Oliveira,0.4,FALSE,NA,a,13,43,37364,0,116057,0,0.5,6.2,Savinho,30,2024-07-18,2004-04-10,FALSE,p510281,3,7,0,0,0,2,0,0,1,140,138.6,198.4,321.0,65.8,11,39,9,59,7,2.50,1.59,4.09,11.24,NA,,NA,,NA,,,,362,163,209,137,102,61,250,124,0.28,0,0.18,0.46,1.24,0.77,41,25,109,51,390,167,291,99,0.77,0.33,6.5,2.50,0.28,2
416,Bernardo,MID,Man City,MCI,4,6.2,102,2,4,3.0,2.7,2.2,1,2869,TRUE,FALSE,100,100,165809,0,0,-3,3,0,0,3,Bernardo,FALSE,,2026-02-05T02:00:09.786263Z,62,165809.jpg,2.7,FALSE,Mota Veiga de Carvalho e Silva,0.7,FALSE,NA,a,13,43,134935,0,159793,0,0.4,16.5,Bernardo Silva,173,2017-07-01,1994-08-10,FALSE,p165809,13,30,0,0,0,10,0,0,4,534,514.0,809.0,353.0,167.8,62,146,54,262,34,2.71,4.11,6.81,35.59,1,,NA,,NA,,,,127,41,17,16,89,53,40,29,0.09,0,0.13,0.22,1.12,0.94,73,47,167,77,250,103,235,82,1.07,0.41,8.22,2.71,0.09,2
417,Cherki,MID,Man City,MCI,4,6.5,135,4,13,3.3,2.3,1.8,1,1772,TRUE,FALSE,100,100,466052,0,0,0,0,0,3,3,Rayan,FALSE,,2026-02-02T00:30:10.807603Z,65,466052.jpg,4.1,FALSE,Cherki,17.4,FALSE,NA,a,13,43,4695485,0,3470637,0,0.3,20.8,,73,2025-06-10,2003-08-17,FALSE,p466052,8,18,0,0,0,1,0,0,16,580,604.2,996.6,579.0,218.1,16,93,26,135,19,4.28,8.87,13.14,25.23,3,,2,,NA,,,,80,25,5,5,40,23,14,10,0.22,0,0.45,0.67,1.28,0.91,55,35,196,94,53,25,18,6,0.97,0.41,6.86,4.28,0.22,2
418,Doku,MID,Man City,MCI,4,6.5,120,5,8,7.7,4.3,3.8,1,1773,TRUE,FALSE,100,100,248875,0,0,0,0,0,3,3,Jérémy,FALSE,,2026-01-29T00:00:09.498877Z,65,248875.jpg,4.0,FALSE,Doku,6.6,FALSE,NA,a,13,43,2759776,0,2167017,0,0.6,18.5,,21,2023-08-24,2002-05-27,FALSE,p248875,8,18,0,0,0,0,0,0,15,526,540.2,841.6,645.0,202.5,15,88,23,126,19,2.87,5.86,8.73,23.20,NA,,NA,,3,,,,110,33,13,12,30,14,24,19,0.15,0,0.3,0.45,1.18,0.91,51,32,79,36,66,31,65,23,0.96,0.41,6.4,2.87,0.15,2
420,Gundogan,MID,Man City,MCI,4,6.3,0,0,0,0.0,0.0,0.0,0,0,TRUE,FALSE,0,0,59859,0,0,-2,2,0,0,3,İlkay,FALSE,has joined Galatasaray permanently.,2025-09-05T08:55:41.702765Z,63,59859.jpg,0.0,FALSE,Gündoğan,0.1,FALSE,NA,u,13,43,1928,0,19921,0,0.0,0.0,,80,2024-08-23,1990-10-24,FALSE,p59859,0,0,0,0,0,0,0,0,0,0,0.0,0.0,0.0,0.0,0,0,0,0,0,0.00,0.00,0.00,0.00,NA,,NA,,NA,,,,834,375,834,375,834,375,834,375,0,0,0,0,0,0,64,41,824,369,834,375,564,209,0,0,0,0.00,0,0
421,Rodrigo,MID,Man City,MCI,4,6.3,69,1,1,2.3,2.3,1.8,0,1510,TRUE,FALSE,100,100,220566,0,0,-2,2,0,0,3,Rodrigo 'Rodri',FALSE,,2026-04-24T17:30:09.574040Z,63,220566.jpg,3.3,FALSE,Hernandez Cascante,0.5,FALSE,NA,a,13,43,72824,0,115049,0,0.3,11.0,Rodri,200,2019-07-04,1996-06-22,FALSE,p220566,5,15,0,0,0,3,0,0,6,350,358.0,421.5,122.0,90.3,57,107,42,206,17,1.15,2.45,3.60,20.74,NA,,NA,,NA,,,,207,81,79,58,261,144,175,87,0.07,0,0.15,0.22,1.24,0.89,66,43,195,93,154,67,281,97,1.01,0.3,12.28,1.15,0.07,2
422,Kovacic,MID,Man City,MCI,4,5.8,9,0,1,2.0,1.3,0.8,1,125,TRUE,FALSE,100,100,91651,0,0,-2,2,0,0,3,Mateo,FALSE,,2025-11-03T09:30:08.601064Z,58,91651.jpg,1.5,FALSE,Kovačić,0.0,FALSE,NA,a,13,43,3111,0,3697,0,0.1,1.6,,97,2023-06-27,1994-05-06,FALSE,p91651,0,3,0,0,0,0,0,0,0,41,46.0,65.5,3.0,11.5,6,10,2,18,1,0.13,0.42,0.55,4.00,NA,,NA,,NA,,,,432,187,347,184,453,223,429,193,0.09,0,0.3,0.39,2.88,2.16,102,66,290,129,428,186,672,269,0.72,0,12.96,0.13,0.09,2
423,N.Gonzalez,MID,Man City,MCI,4,5.9,63,1,0,1.0,1.5,1.0,4,1561,TRUE,FALSE,100,100,465694,0,0,-1,1,0,0,3,Nico,FALSE,,2026-01-16T16:30:09.636510Z,59,465694.jpg,2.5,FALSE,González Iglesias,0.1,FALSE,NA,a,13,43,28919,0,32144,0,0.2,10.7,,200,2025-02-03,2002-01-03,FALSE,p465694,7,18,0,0,0,6,0,0,1,337,309.8,234.1,72.0,61.5,74,90,42,206,17,0.68,1.12,1.80,20.35,NA,,NA,,NA,,,,239,101,178,115,322,166,264,131,0.04,0,0.06,0.1,1.17,1.04,95,62,285,126,282,115,473,165,0.98,0.4,11.88,0.68,0.04,2
425,Echeverri,MID,Man City,MCI,4,5.4,0,0,0,0.0,0.0,0.0,0,0,TRUE,FALSE,0,0,575204,0,0,-1,1,0,0,3,Claudio,FALSE,has joined Girona on loan for the rest of the season.,2025-08-21T14:03:07.217793Z,54,575204.jpg,0.0,FALSE,Echeverri,0.0,FALSE,NA,u,13,43,194,0,3241,0,0.0,0.0,,10,2024-01-25,2006-01-02,FALSE,p575204,0,0,0,0,0,0,0,0,0,0,0.0,0.0,0.0,0.0,0,0,0,0,0,0.00,0.00,0.00,0.00,NA,,NA,,NA,,,,828,370,828,370,827,370,828,370,0,0,0,0,0,0,176,111,805,356,828,370,753,319,0,0,0,0.00,0,0
427,Reijnders,MID,Man City,MCI,4,5,92,5,3,0.7,2.0,1.5,5,1623,TRUE,FALSE,NA,NA,433036,0,0,-5,5,0,1,3,Tijjani,FALSE,,NA,50,433036.jpg,3.3,FALSE,Reijnders,8.9,FALSE,NA,a,13,43,3562667,0,5038594,0,0.3,18.4,,152,2025-06-10,1998-07-29,FALSE,p433036,7,18,0,0,0,2,0,0,6,337,340.0,347.8,435.0,111.2,32,58,10,100,19,4.61,2.35,6.96,18.82,4,,3,,NA,,,,217,88,118,83,64,37,120,68,0.26,0,0.13,0.39,1.04,1,259,156,222,101,148,62,45,16,1.05,0.39,5.55,4.61,0.26,2
428,Nypan,MID,Man City,MCI,4,5,0,0,0,0.5,0.5,0.0,0,0,TRUE,FALSE,100,100,566164,0,0,0,0,0,0,3,Sverre,FALSE,,2025-08-19T13:38:08.307876Z,50,566164.jpg,0.0,FALSE,Nypan,0.0,FALSE,NA,a,13,43,328,0,2697,0,0.0,0.0,,161,2025-07-17,2006-12-19,FALSE,p566164,0,0,0,0,0,0,0,0,0,0,0.0,0.0,0.0,0.0,0,0,0,0,0,0.00,0.00,0.00,0.00,NA,,NA,,NA,,,,815,361,814,361,811,360,815,361,0,0,0,0,0,0,277,170,770,331,815,361,711,291,0,0,0,0.00,0,0
429,Phillips,MID,Man City,MCI,4,4.7,0,0,0,0.0,0.0,0.0,0,0,TRUE,FALSE,0,0,155405,0,0,-3,3,0,0,3,Kalvin,FALSE,has joined Sheffield United on loan for the rest of the season.,2026-02-02T23:15:40.975573Z,47,155405.jpg,0.0,FALSE,Phillips,0.1,FALSE,NA,u,13,43,4052,0,8585,0,0.0,0.0,,241,2022-07-04,1995-12-02,FALSE,p155405,0,0,0,0,0,0,0,0,0,0,0.0,0.0,0.0,0.0,0,0,0,0,0,0.00,0.00,0.00,0.00,NA,,NA,,NA,,,,784,338,780,338,770,336,784,338,0,0,0,0,0,0,379,236,709,290,784,338,568,212,0,0,0,0.00,0,0
430,Haaland,FWD,Man City,MCI,4,14.7,239,27,8,7.3,5.5,5.0,0,2953,TRUE,FALSE,100,100,223094,0,0,7,-7,0,11,4,Erling,TRUE,,2026-02-28T22:00:08.277592Z,147,223094.jpg,6.8,FALSE,Haaland,62.5,FALSE,NA,a,13,43,8764362,0,4565074,0,0.3,16.3,,161,2022-07-01,2000-07-21,FALSE,p223094,13,32,0,0,1,2,0,0,43,952,1180.4,320.1,1520.0,302.3,48,41,15,104,34,25.50,2.67,28.17,38.60,NA,,NA,,1,,,,2,1,131,8,1,1,2,1,0.78,0,0.08,0.86,1.18,0.98,1,1,41,8,2,1,1,1,1.04,0.4,3.17,25.50,0.78,2
736,Donnarumma,GKP,Man City,MCI,4,5.6,135,0,0,4.5,4.3,3.8,0,3060,TRUE,FALSE,NA,NA,204936,0,0,1,-1,0,1,1,Gianluigi,FALSE,,NA,56,204936.jpg,4.0,FALSE,Donnarumma,9.3,FALSE,NA,a,13,43,2342969,0,1560137,0,0.7,24.1,,106,2025-09-01,1999-02-25,FALSE,p204936,15,29,0,1,0,8,0,78,5,567,666.6,10.3,2.0,68.0,42,236,0,0,34,0.00,0.13,0.13,38.50,NA,,NA,,NA,,,,61,14,437,8,471,4,244,14,0,2.29,0,0,1.13,0.85,126,3,78,6,62,5,40,7,1,0.44,0,0.00,0,0
739,Mukasa,MID,Man City,MCI,4,4.4,2,0,0,0.0,0.0,0.0,0,25,TRUE,FALSE,0,0,590039,0,0,-1,1,0,0,3,Divine,FALSE,has joined Leicester City on loan for the rest of the season.,2026-02-06T22:50:57.523825Z,44,590039.jpg,1.0,FALSE,Mukasa,0.0,FALSE,NA,u,13,43,3500,0,3355,0,0.0,0.5,,241,2025-08-07,2007-08-22,FALSE,p590039,0,0,0,0,0,0,0,0,0,5,4.2,28.3,4.0,3.7,0,1,0,1,0,0.00,0.21,0.21,0.34,NA,,NA,,NA,,,,497,224,400,201,447,218,473,212,0,0,0.76,0.76,1.22,0,578,349,604,211,488,216,705,285,0,0,3.6,0.00,0,0
740,Mfuni,DEF,Man City,MCI,4,3.9,0,0,0,0.0,0.0,0.0,0,0,TRUE,FALSE,0,0,566213,0,0,-1,1,0,0,2,Stephen,FALSE,has joined Watford on loan for the rest of the season.,2026-02-06T22:50:57.507882Z,39,566213.jpg,0.0,FALSE,Mfuni,0.0,FALSE,NA,u,13,43,3208,0,4023,0,0.0,0.0,,241,2024-07-23,2008-02-12,FALSE,p566213,0,0,0,0,0,0,0,0,0,0,0.0,0.0,0.0,0.0,0,0,0,0,0,0.00,0.00,0.00,0.00,NA,,NA,,NA,,,,574,208,560,207,529,203,577,208,0,0,0,0,0,0,794,229,437,164,585,208,630,225,0,0,0,0.00,0,0
742,McAidoo,MID,Man City,MCI,4,4.5,0,0,0,0.5,0.5,0.0,0,0,TRUE,FALSE,NA,NA,616288,0,0,0,0,0,0,3,Ryan,FALSE,,NA,45,616288.jpg,0.0,FALSE,McAidoo,0.0,FALSE,NA,a,13,43,1704,0,1467,0,0.0,0.0,,241,2025-09-26,2008-06-24,FALSE,p616288,0,0,0,0,0,0,0,0,0,0,0.0,0.0,0.0,0.0,0,0,0,0,0,0.00,0.00,0.00,0.00,NA,,NA,,NA,,,,770,328,763,327,750,324,770,328,0,0,0,0,0,0,509,317,689,277,770,328,734,307,0,0,0,0.00,0,0
763,Gray,MID,Man City,MCI,4,4.5,0,0,0,0.5,0.5,0.0,0,0,TRUE,FALSE,NA,NA,516234,0,0,0,0,0,0,3,Charlie,FALSE,,NA,45,516234.jpg,0.0,FALSE,Gray,0.0,FALSE,NA,a,13,43,577,0,457,0,0.0,0.0,,241,2025-12-16,2006-02-22,FALSE,p516234,0,0,0,0,0,0,0,0,0,0,0.0,0.0,0.0,0.0,0,0,0,0,0,0.00,0.00,0.00,0.00,NA,,NA,,NA,,,,726,291,721,292,704,286,727,292,0,0,0,0,0,0,456,274,641,237,731,295,783,337,0,0,0,0.00,0,0
764,Heskey,MID,Man City,MCI,4,4.5,0,0,0,0.5,0.5,0.0,0,0,TRUE,FALSE,NA,NA,580921,0,0,0,0,0,0,3,Reigan,FALSE,,NA,45,580921.jpg,0.0,FALSE,Heskey,0.0,FALSE,NA,a,13,43,349,0,279,0,0.0,0.0,Reigan Heskey,241,2024-07-26,2008-01-18,FALSE,p580921,0,0,0,0,0,0,0,0,0,0,0.0,0.0,0.0,0.0,0,0,0,0,0,0.00,0.00,0.00,0.00,NA,,NA,,NA,,,,752,313,745,312,732,309,752,313,0,0,0,0,0,0,489,300,670,261,754,314,799,348,0,0,0,0.00,0,0
794,Alleyne,DEF,Man City,MCI,4,3.9,5,0,0,0.5,0.5,0.0,0,135,TRUE,FALSE,100,100,494307,0,0,-6,6,0,0,2,Max,FALSE,,2026-02-15T00:30:07.266104Z,39,494307.jpg,2.5,FALSE,Alleyne,0.0,FALSE,NA,a,13,43,5494,0,5081,0,0.0,1.3,,241,2022-12-16,2005-07-21,FALSE,p494307,0,1,0,0,0,0,0,0,0,27,34.0,14.8,26.0,7.5,8,4,3,11,2,0.26,0.06,0.32,1.54,NA,,NA,,NA,,,,446,164,424,156,388,137,449,161,0.17,0,0.04,0.21,1.03,0.67,787,226,430,161,271,106,741,255,1.33,0,7.33,0.26,0.17,2
119,Mbeumo,MID,Man Utd,MUN,4,8.3,148,11,3,3.2,5.7,5.7,9,2611,TRUE,FALSE,100,100,446008,0,0,3,-3,0,1,3,Bryan,FALSE,,2026-04-20T12:00:07.778297Z,83,446008.jpg,4.5,FALSE,Mbeumo,15.0,FALSE,NA,a,14,1,7366637,0,7325105,0,0.7,17.8,,38,2025-07-21,1999-08-07,FALSE,p446008,8,37,0,0,0,4,0,0,16,528,628.8,803.1,882.0,231.4,23,91,25,139,31,11.98,4.99,16.97,35.87,2,,2,,NA,,,,73,21,18,17,7,2,10,7,0.41,0,0.17,0.58,1.24,1.28,12,7,23,8,31,15,25,9,1.07,0.28,4.79,11.98,0.41,2
431,Bayindir,GKP,Man Utd,MUN,4,4.7,11,0,0,0.0,0.0,0.0,0,540,TRUE,FALSE,NA,NA,451302,0,0,-3,3,0,0,1,Altay,FALSE,,NA,47,451302.jpg,1.8,FALSE,Bayındır,0.3,FALSE,NA,a,14,1,39170,0,64699,0,0.0,2.3,,219,2023-09-01,1998-04-14,FALSE,p451302,0,11,0,0,0,0,0,13,0,49,118.4,10.0,0.0,12.8,7,39,0,0,6,0.00,0.05,0.05,9.24,NA,,NA,,NA,,,,376,27,445,15,773,86,420,27,0,2.17,0.01,0.01,1.54,1.83,386,18,714,94,381,38,319,44,1,0,0,0.00,0,0
432,Onana,GKP,Man Utd,MUN,4,4.9,0,0,0,0.0,0.0,0.0,0,0,TRUE,FALSE,0,0,202641,0,0,-1,1,0,0,1,André,FALSE,has joined Trabzonspor on loan for the rest of the season.,2025-09-12T15:53:11.993916Z,49,202641.jpg,0.0,FALSE,Onana,0.1,FALSE,NA,u,14,1,5156,0,26687,0,0.0,0.0,,38,2023-07-20,1996-04-02,FALSE,p202641,0,0,0,0,0,0,0,0,0,0,0.0,0.0,0.0,0.0,0,0,0,0,0,0.00,0.00,0.00,0.00,NA,,NA,,NA,,,,791,96,787,93,784,91,791,96,0,0,0,0,0,0,297,11,730,96,791,96,436,63,0,0,0,0.00,0,0
433,Harrison,GKP,Man Utd,MUN,4,4,0,0,0,0.0,0.0,0.0,0,0,TRUE,FALSE,0,0,588555,0,0,0,0,0,0,1,Elyh,FALSE,On loan to Shrewsbury Town,2025-07-23T18:48:43.383466Z,40,588555.jpg,0.0,FALSE,Harrison,0.0,FALSE,NA,u,14,1,0,0,256,0,0.0,0.0,,NA,NA,NA,FALSE,p588555,0,0,0,0,0,0,0,0,0,0,0.0,0.0,0.0,0.0,0,0,0,0,0,0.00,0.00,0.00,0.00,NA,,NA,,NA,,,,629,88,621,78,591,63,632,88,0,0,0,0,0,0,738,67,503,81,639,88,822,97,0,0,0,0.00,0,0
434,Heaton,GKP,Man Utd,MUN,4,3.8,0,0,0,0.0,0.0,0.0,0,0,TRUE,FALSE,NA,NA,21205,0,0,-2,2,0,0,1,Tom,FALSE,,NA,38,21205.jpg,0.0,FALSE,Heaton,0.6,FALSE,NA,a,14,1,73222,0,38541,0,0.0,0.0,,241,2021-07-02,1986-04-15,FALSE,p21205,0,0,0,0,0,0,0,0,0,0,0.0,0.0,0.0,0.0,0,0,0,0,0,0.00,0.00,0.00,0.00,NA,,NA,,NA,,,,531,41,512,20,480,5,534,41,0,0,0,0,0,0,801,93,383,27,542,41,253,33,0,0,0,0.00,0,0
435,Mee,GKP,Man Utd,MUN,4,3.9,0,0,0,0.0,0.0,0.0,0,0,TRUE,FALSE,NA,NA,461537,0,0,-1,1,0,0,1,Dermot,FALSE,,NA,39,461537.jpg,0.0,FALSE,Mee,0.1,FALSE,NA,a,14,1,5954,0,9566,0,0.0,0.0,,242,2023-07-24,2002-11-20,FALSE,p461537,0,0,0,0,0,0,0,0,0,0,0.0,0.0,0.0,0.0,0,0,0,0,0,0.00,0.00,0.00,0.00,NA,,NA,,NA,,,,562,56,547,39,516,24,565,56,0,0,0,0,0,0,780,83,424,45,573,56,495,72,0,0,0,0.00,0,0
436,De Ligt,DEF,Man Utd,MUN,4,4.9,43,1,0,0.0,0.0,0.0,0,1170,TRUE,FALSE,0,0,209365,0,0,-1,1,0,0,2,Matthijs,FALSE,Back injury - Expected back 01 Jun,2025-12-05T00:30:07.892711Z,49,209365.jpg,3.3,FALSE,de Ligt,1.8,FALSE,NA,i,14,1,419902,0,553255,0,0.0,8.8,,152,2024-08-13,1999-08-12,FALSE,p209365,1,20,0,0,0,0,0,0,5,169,276.6,60.2,122.0,45.7,88,40,19,107,13,1.38,0.83,2.21,18.73,NA,,NA,,NA,,,https://www.manutd.com/en/news/carrick-reveals-team-news-for-final-day-v-brighton-24-may-2026?utm_source=premier_league&utm_medium=referral&utm_campaign=fantasy&utm_content=injuries-flag,261,103,354,123,260,69,324,109,0.11,0,0.06,0.17,1.44,1.54,302,47,732,257,147,53,148,59,1,0.08,8.23,1.38,0.11,2
437,Martinez_L,DEF,Man Utd,MUN,4,4.8,51,0,0,2.2,5.0,5.0,6,1229,TRUE,FALSE,100,100,221820,0,0,-2,2,0,0,2,Lisandro,FALSE,,2026-02-24T10:30:07.882997Z,48,221820.jpg,2.8,FALSE,Martínez,0.4,FALSE,NA,a,14,1,177499,0,157689,0,1.0,10.6,Lisandro Martínez,10,2022-07-17,1998-01-18,FALSE,p221820,5,15,1,0,0,0,1,0,3,241,302.8,94.9,19.0,42.0,86,68,19,105,13,0.15,0.60,0.75,15.22,NA,,NA,,NA,,,,245,95,302,97,409,149,331,113,0.01,0,0.04,0.05,1.11,1.1,355,60,36,18,220,88,284,108,0.95,0.37,7.69,0.15,0.01,2
438,Mazraoui,DEF,Man Utd,MUN,4,4.9,53,0,0,3.0,5.7,5.7,6,977,TRUE,FALSE,100,100,230001,0,0,-1,1,0,0,2,Noussair,FALSE,,2026-03-18T16:00:08.380823Z,49,230001.jpg,2.6,FALSE,Mazraoui,0.3,FALSE,NA,a,14,1,47395,0,61652,0,1.2,10.8,,145,2024-08-13,1997-11-14,FALSE,p230001,5,10,0,0,0,3,0,0,6,233,209.0,122.4,37.0,36.8,66,46,28,94,11,0.19,0.35,0.53,12.99,NA,,NA,,NA,,,,303,120,281,82,366,123,347,116,0.02,0,0.03,0.05,1.2,0.92,309,50,20,13,264,102,350,127,1.01,0.46,8.66,0.19,0.02,2
439,D.Leon,DEF,Man Utd,MUN,4,4.1,0,0,0,0.0,0.0,0.0,0,0,TRUE,FALSE,NA,NA,661712,0,0,-4,4,0,0,2,Diego,FALSE,,NA,41,661712.jpg,0.0,FALSE,León Blanco,0.1,FALSE,NA,a,14,1,3714,0,8932,0,0.0,0.0,,168,2025-07-05,2007-04-03,FALSE,p661712,0,0,0,0,0,0,0,0,0,0,0.0,0.0,0.0,0.0,0,0,0,0,0,0.00,0.00,0.00,0.00,NA,,NA,,NA,,,,647,254,640,253,611,251,650,254,0,0,0,0,0,0,670,160,525,220,657,253,567,202,0,0,0,0.00,0,0
440,Dalot,DEF,Man Utd,MUN,4,4.5,111,1,6,1.5,0.3,0.3,0,2609,TRUE,FALSE,100,100,216051,0,0,0,0,0,3,2,Diogo,FALSE,,2025-12-05T17:00:09.775964Z,45,216051.jpg,3.3,FALSE,Dalot Teixeira,3.8,FALSE,NA,a,14,1,1183625,0,955610,0,0.1,24.7,Diogo Dalot,173,2018-06-08,1999-03-18,FALSE,p216051,7,40,0,0,0,5,0,0,9,414,535.8,458.5,202.0,119.6,127,135,53,180,29,1.93,2.57,4.50,36.57,NA,,NA,,NA,,,,115,53,69,14,183,44,103,28,0.07,0,0.09,0.16,1.26,1.38,421,81,342,122,144,51,92,30,1,0.24,6.21,1.93,0.07,2
441,Dorgu,DEF,Man Utd,MUN,4,4.1,95,4,4,0.8,6.7,6.7,18,1440,TRUE,FALSE,100,100,596777,0,0,-4,4,0,3,2,Patrick,FALSE,,2026-01-26T04:00:08.082150Z,41,596777.jpg,3.7,FALSE,Dorgu,2.4,FALSE,NA,a,14,1,1795401,0,2249436,0,1.6,23.2,,58,2025-02-02,2004-10-26,FALSE,p596777,4,20,0,0,0,5,0,0,11,321,469.0,394.2,341.0,120.3,50,77,48,98,15,2.39,1.84,4.23,19.61,NA,,NA,,NA,,,,145,60,94,24,94,11,101,26,0.15,0,0.12,0.27,1.23,1.25,668,158,7,2,87,30,126,50,0.94,0.25,6.12,2.39,0.15,2
442,Maguire,DEF,Man Utd,MUN,4,4.4,90,1,2,5.2,6.3,6.3,6,1649,TRUE,FALSE,100,100,95658,0,0,-1,1,0,1,2,Harry,FALSE,,2026-04-16T13:00:09.761350Z,44,95658.jpg,3.9,FALSE,Maguire,1.7,FALSE,NA,a,14,1,392863,0,292617,0,1.4,20.5,,241,2019-08-05,1993-03-05,FALSE,p95658,7,20,0,0,0,3,1,0,5,315,381.6,62.5,184.0,63.0,129,62,22,151,19,1.12,0.50,1.62,22.95,NA,,NA,,NA,,,,192,78,350,122,204,54,257,85,0.06,0,0.03,0.09,1.25,1.09,532,101,9,4,68,24,154,63,1.04,0.38,8.24,1.12,0.06,2
443,Shaw,DEF,Man Utd,MUN,4,4.5,113,1,1,4.8,6.0,6.0,6,3220,TRUE,FALSE,100,100,106760,0,0,0,0,0,0,2,Luke,FALSE,,2026-04-28T00:00:08.111534Z,45,106760.jpg,3.0,FALSE,Shaw,1.1,FALSE,NA,a,14,1,262666,0,170962,0,1.3,25.1,,241,2014-07-01,1995-07-12,FALSE,p106760,10,45,0,0,0,9,0,0,3,449,560.2,314.8,97.0,97.4,149,105,75,224,38,0.72,1.98,2.69,44.90,NA,,NA,,NA,,,,101,45,135,35,289,85,158,52,0.02,0,0.06,0.08,1.25,1.26,413,76,14,8,193,77,191,75,1.06,0.28,6.26,0.72,0.02,2
444,Yoro,DEF,Man Utd,MUN,4,4.1,56,0,1,0.5,0.3,0.3,1,1730,TRUE,FALSE,100,100,550864,0,0,-4,4,0,0,2,Leny,FALSE,,2026-04-18T22:30:08.596769Z,41,550864.jpg,1.8,FALSE,Yoro,1.2,FALSE,NA,a,14,1,228890,0,326156,0,0.1,13.7,,73,2024-07-19,2005-11-13,FALSE,p550864,2,33,0,0,0,1,0,0,1,191,327.0,83.1,124.0,53.2,126,73,30,156,18,1.34,0.59,1.93,26.83,NA,,NA,,NA,,,,228,91,320,105,257,67,292,92,0.07,0,0.03,0.1,1.4,1.72,667,157,337,120,376,139,181,70,0.94,0.1,8.12,1.34,0.07,2
445,Amass,DEF,Man Utd,MUN,4,4,0,0,0,0.0,0.0,0.0,0,0,TRUE,FALSE,0,0,577974,0,0,0,0,0,0,2,Harry,FALSE,has joined Norwich City on loan for the rest of the season.,2025-09-02T13:39:58.762783Z,40,577974.jpg,0.0,FALSE,Amass,0.1,FALSE,NA,u,14,1,1160,0,14637,0,0.0,0.0,,241,2024-04-06,2007-03-16,FALSE,p577974,0,0,0,0,0,0,0,0,0,0,0.0,0.0,0.0,0.0,0,0,0,0,0,0.00,0.00,0.00,0.00,NA,,NA,,NA,,,,626,236,618,235,588,232,629,236,0,0,0,0,0,0,735,195,500,198,636,235,548,194,0,0,0,0.00,0,0
446,Fredricson,DEF,Man Utd,MUN,4,3.7,1,0,0,0.0,0.0,0.0,0,2,TRUE,FALSE,NA,NA,547676,0,0,-3,3,0,0,2,Tyler,FALSE,,NA,37,547676.jpg,1.0,FALSE,Fredricson,0.2,FALSE,NA,a,14,1,15468,0,17282,0,0.0,0.3,,241,2022-09-07,2005-02-23,FALSE,p547676,0,0,0,0,0,0,0,0,0,4,4.0,0.0,0.0,0.4,2,0,0,2,0,0.00,0.00,0.00,0.30,NA,,NA,,NA,,,,498,179,509,184,477,179,514,180,0,0,0,0,13.5,0,837,266,379,132,464,166,412,153,0,0,90,0.00,0,0
447,Heaven,DEF,Man Utd,MUN,4,3.7,42,0,1,0.8,0.0,0.0,0,920,TRUE,FALSE,100,100,606745,0,0,-3,3,0,0,2,Ayden,FALSE,,2025-10-14T13:00:06.698643Z,37,606745.jpg,2.5,FALSE,Heaven,2.6,FALSE,NA,a,14,1,619537,0,481085,0,0.0,11.4,,241,2025-02-01,2006-09-22,FALSE,p606745,2,15,1,0,0,2,0,0,3,164,233.6,32.0,26.0,29.1,71,39,22,93,11,0.34,0.18,0.52,11.95,NA,,NA,,NA,,,,286,113,394,142,387,136,373,129,0.03,0,0.02,0.05,1.17,1.47,840,269,381,134,269,104,119,45,1.08,0.2,9.1,0.34,0.03,2
448,Malacia,DEF,Man Utd,MUN,4,3.7,3,0,0,0.0,0.3,0.3,1,15,TRUE,FALSE,NA,NA,222690,0,0,-3,3,0,0,2,Tyrell,FALSE,,NA,37,222690.jpg,1.0,FALSE,Malacia,0.6,FALSE,NA,a,14,1,92496,0,70346,0,0.1,0.8,,152,2022-07-05,1999-08-17,FALSE,p222690,0,1,0,0,0,0,0,0,0,6,7.6,1.5,0.0,0.9,1,3,3,4,0,0.00,0.00,0.00,0.58,NA,,NA,,NA,,,,485,175,484,173,474,176,506,177,0,0,0,0,3.48,6,834,263,334,117,463,165,255,95,0,0,24,0.00,0,0
449,Fernandes,MID,Man Utd,MUN,4,10.4,235,9,24,5.5,8.7,8.7,14,3065,TRUE,FALSE,100,100,141746,0,0,14,-14,0,8,3,Bruno,TRUE,,2025-12-21T21:30:09.265444Z,104,141746.jpg,6.7,FALSE,Borges Fernandes,48.0,FALSE,NA,a,14,1,9239341,0,5871807,0,0.8,22.6,Bruno Fernandes,173,2020-01-30,1994-09-08,FALSE,p141746,7,46,0,0,2,5,0,0,41,1008,1258.0,1938.5,614.0,381.4,67,167,53,287,35,10.79,12.28,23.07,44.42,1,,1,,1,,,,1,1,1,1,33,17,1,1,0.32,0,0.36,0.68,1.3,1.35,3,2,3,2,3,1,2,1,1.03,0.21,8.43,10.79,0.32,2
450,Cunha,MID,Man Utd,MUN,4,8.1,143,10,4,4.5,3.7,3.7,0,2493,TRUE,FALSE,100,100,430871,0,0,1,-1,0,0,3,Matheus,FALSE,,2026-04-28T00:00:08.134591Z,81,430871.jpg,4.3,FALSE,Santos Carneiro da Cunha,8.7,FALSE,NA,a,14,1,3667224,0,3604413,0,0.5,17.7,Matheus Cunha,30,2025-06-01,1999-05-27,FALSE,p430871,8,35,0,0,0,4,0,0,14,591,675.8,545.4,801.0,202.5,46,126,39,211,29,6.90,3.36,10.26,35.75,NA,,NA,,NA,,,,59,16,48,42,19,9,25,20,0.25,0,0.12,0.37,1.29,1.26,14,9,97,45,43,19,49,18,1.05,0.29,7.62,6.90,0.25,2
451,Rashford,MID,Man Utd,MUN,4,7,0,0,0,0.0,0.0,0.0,0,0,TRUE,FALSE,0,0,176297,0,0,0,0,0,0,3,Marcus,FALSE,Has joined Barcelona on loan for the rest of the season,2025-07-24T10:12:59.455702Z,70,176297.jpg,0.0,FALSE,Rashford,0.0,FALSE,NA,u,14,1,0,0,2160,0,0.0,0.0,,241,2015-07-01,1997-10-31,FALSE,p176297,0,0,0,0,0,0,0,0,0,0,0.0,0.0,0.0,0.0,0,0,0,0,0,0.00,0.00,0.00,0.00,NA,,NA,,NA,,,,839,377,839,377,839,377,839,377,0,0,0,0,0,0,36,21,833,375,839,377,720,297,0,0,0,0.00,0,0
452,Amad,MID,Man Utd,MUN,4,6.2,91,2,5,1.8,4.0,4.0,7,2339,TRUE,FALSE,100,100,493250,0,0,-3,3,0,0,3,Amad,FALSE,,2025-12-13T14:30:11.647420Z,62,493250.jpg,2.8,FALSE,Diallo,1.3,FALSE,NA,a,14,1,451199,0,644246,0,0.6,14.7,,54,2021-01-07,2002-07-11,FALSE,p493250,6,33,0,0,0,2,0,0,7,463,436.6,596.1,600.0,163.5,48,112,38,198,27,5.46,4.74,10.20,31.69,3,,NA,,NA,,,,160,58,39,36,37,21,46,32,0.21,0,0.18,0.39,1.22,1.27,76,49,71,30,229,89,176,62,1.04,0.23,7.62,5.46,0.21,2
454,Antony,MID,Man Utd,MUN,4,5.9,0,0,0,0.0,0.0,0.0,0,0,TRUE,FALSE,0,0,467169,0,0,-1,1,0,0,3,Antony,FALSE,has joined Real Betis permanently.,2025-09-02T13:30:59.559397Z,59,467169.jpg,0.0,FALSE,dos Santos,0.1,FALSE,NA,u,14,1,1511,0,10762,0,0.0,0.0,,30,2022-09-01,2000-02-24,FALSE,p467169,0,0,0,0,0,0,0,0,0,0,0.0,0.0,0.0,0.0,0,0,0,0,0,0.00,0.00,0.00,0.00,NA,,NA,,NA,,,,833,374,833,374,832,374,833,374,0,0,0,0,0,0,96,63,819,366,833,374,573,214,0,0,0,0.00,0,0
455,Mount,MID,Man Utd,MUN,4,5.9,58,3,0,1.5,3.3,3.3,5,1010,TRUE,FALSE,100,100,184341,0,0,-1,1,0,0,3,Mason,FALSE,,2026-03-14T13:00:10.247081Z,59,184341.jpg,2.5,FALSE,Mount,0.3,FALSE,NA,a,14,1,185755,0,200331,0,0.6,9.8,,241,2023-07-05,1999-01-10,FALSE,p184341,5,15,0,0,0,2,0,0,3,201,201.2,214.1,165.0,58.0,19,59,24,102,12,1.56,1.62,3.18,12.46,NA,,NA,,NA,,,,311,134,191,125,223,121,276,140,0.14,0,0.14,0.28,1.11,1.34,91,59,107,49,281,114,335,116,1.07,0.45,9.09,1.56,0.14,2
457,Casemiro,MID,Man Utd,MUN,4,5.8,165,9,4,0.0,0.0,0.3,0,2575,TRUE,FALSE,100,0,61256,0,0,3,-3,0,4,3,Carlos Henrique,FALSE,,2026-05-22T05:30:09.065739Z,58,61256.jpg,4.9,FALSE,Casimiro,3.8,FALSE,NA,a,14,1,1226002,0,802419,0,0.1,28.4,Casemiro,30,2022-08-22,1992-02-23,FALSE,p61256,9,32,0,0,0,9,1,0,20,636,903.6,536.1,585.0,202.8,130,135,90,355,33,5.44,3.17,8.61,31.77,NA,,NA,,NA,,,,13,4,50,43,39,22,23,18,0.19,0,0.11,0.3,1.11,1.12,100,65,370,169,15,8,93,31,1.15,0.31,12.41,5.44,0.19,2
458,Mainoo,MID,Man Utd,MUN,4,4.7,73,1,2,5.5,3.7,3.7,2,1653,TRUE,FALSE,100,100,516895,0,0,-3,3,0,0,3,Kobbie,FALSE,,2026-04-13T23:30:10.001898Z,47,516895.jpg,2.6,FALSE,Mainoo,1.4,FALSE,NA,a,14,1,304626,0,228683,0,0.8,15.5,,241,2022-10-15,2005-04-19,FALSE,p516895,6,22,0,0,0,2,0,0,2,340,365.0,360.1,94.0,82.1,56,95,36,187,16,0.48,1.27,1.75,22.88,NA,,NA,,NA,,,,204,79,109,76,296,156,197,94,0.03,0,0.07,0.1,1.25,1.2,391,243,82,38,260,105,172,60,0.87,0.33,10.18,0.48,0.03,2
459,Ugarte,MID,Man Utd,MUN,4,4.7,38,0,0,0.0,0.0,0.0,0,876,TRUE,FALSE,100,100,232112,0,0,-3,3,0,0,3,Manuel,FALSE,,2026-05-09T21:30:09.638441Z,47,232112.jpg,1.7,FALSE,Ugarte Ribeiro,0.1,FALSE,NA,a,14,1,30749,0,40565,0,0.0,8.1,,230,2024-08-30,2001-04-11,FALSE,p232112,1,23,0,0,0,1,0,0,0,183,167.2,83.6,48.0,29.8,45,51,46,142,8,0.72,0.16,0.88,18.22,NA,,NA,,NA,,,,332,147,317,175,348,180,370,175,0.07,0,0.02,0.09,1.87,2.36,385,240,713,292,400,171,438,150,0.82,0.1,14.59,0.72,0.07,2
460,Collyer,MID,Man Utd,MUN,4,4.5,0,0,0,0.0,0.0,0.0,0,0,TRUE,FALSE,0,0,490881,0,0,0,0,0,0,3,Toby,FALSE,has joined Hull City on loan for the rest of the season.,2026-02-02T13:41:44.377020Z,45,490881.jpg,0.0,FALSE,Collyer,0.0,FALSE,NA,u,14,1,505,0,9707,0,0.0,0.0,,241,2023-07-01,2004-01-03,FALSE,p490881,0,0,0,0,0,0,0,0,0,0,0.0,0.0,0.0,0.0,0,0,0,0,0,0.00,0.00,0.00,0.00,NA,,NA,,NA,,,,718,283,714,285,697,279,720,285,0,0,0,0,0,0,446,266,632,229,724,288,671,268,0,0,0,0.00,0,0
461,Fitzgerald,MID,Man Utd,MUN,4,4.3,0,0,0,0.0,0.0,0.0,0,0,TRUE,FALSE,NA,NA,556639,0,0,-2,2,0,0,3,Jayce,FALSE,,NA,43,556639.jpg,0.0,FALSE,Fitzgerald,0.0,FALSE,NA,a,14,1,4003,0,5450,0,0.0,0.0,,NA,NA,NA,FALSE,p556639,0,0,0,0,0,0,0,0,0,0,0.0,0.0,0.0,0.0,0,0,0,0,0,0.00,0.00,0.00,0.00,NA,,NA,,NA,,,,664,247,660,251,638,241,667,249,0,0,0,0,0,0,619,367,563,188,675,256,599,224,0,0,0,0.00,0,0
462,J.Fletcher,MID,Man Utd,MUN,4,4.3,3,0,0,0.0,0.0,0.0,0,107,TRUE,FALSE,NA,NA,547037,0,0,-2,2,0,0,3,Jack,FALSE,,NA,43,547037.jpg,1.0,FALSE,Fletcher,0.1,FALSE,NA,a,14,1,15800,0,15248,0,0.0,0.7,Jack Fletcher,241,2024-07-12,2007-03-19,FALSE,p547037,0,0,0,0,0,0,0,0,0,10,18.6,24.4,5.0,4.8,2,4,5,11,0,0.03,0.02,0.05,1.86,NA,,NA,,NA,,,,465,205,404,203,442,214,467,207,0.03,0,0.02,0.05,1.56,0,616,364,560,185,479,209,534,196,0,0,9.25,0.03,0.03,0
463,Kone,MID,Man Utd,MUN,4,4.3,0,0,0,0.0,0.0,0.0,0,0,TRUE,FALSE,0,0,618873,0,0,-2,2,0,0,3,Sékou,FALSE,has joined Lausanne-Sport on loan for the rest of the season.,2026-02-06T22:52:39.101311Z,43,618873.jpg,0.0,FALSE,Koné,0.1,FALSE,NA,u,14,1,9069,0,13812,0,0.0,0.0,,132,2025-02-15,2006-02-03,FALSE,p618873,0,0,0,0,0,0,0,0,0,0,0.0,0.0,0.0,0.0,0,0,0,0,0,0.00,0.00,0.00,0.00,NA,,NA,,NA,,,,669,251,665,255,642,245,671,253,0,0,0,0,0,0,628,374,569,193,679,260,532,195,0,0,0,0.00,0,0
464,Moorhouse,MID,Man Utd,MUN,4,4.5,0,0,0,0.0,0.0,0.0,0,0,TRUE,FALSE,0,0,559684,0,0,0,0,0,0,3,Jack,FALSE,has joined Leyton Orient on loan for the rest of the season.,2025-09-22T21:21:54.592776Z,45,559684.jpg,0.0,FALSE,Moorhouse,0.0,FALSE,NA,u,14,1,723,0,2880,0,0.0,0.0,,104,2025-02-15,2005-11-29,FALSE,p559684,0,0,0,0,0,0,0,0,0,0,0.0,0.0,0.0,0.0,0,0,0,0,0,0.00,0.00,0.00,0.00,NA,,NA,,NA,,,,738,302,732,302,716,297,739,303,0,0,0,0,0,0,470,286,654,248,741,304,706,286,0,0,0,0.00,0,0
465,Hojlund,FWD,Man Utd,MUN,4,6.3,0,0,0,0.0,0.0,0.0,0,0,TRUE,FALSE,0,0,497894,0,0,-2,2,0,0,4,Rasmus,FALSE,has joined Napoli on loan for the rest of the season.,2025-09-02T13:30:59.575548Z,63,497894.jpg,0.0,FALSE,Højlund,0.3,FALSE,NA,u,14,1,5437,0,56872,0,0.0,0.0,,58,2023-08-05,2003-02-04,FALSE,p497894,0,0,0,0,0,0,0,0,0,0,0.0,0.0,0.0,0.0,0,0,0,0,0,0.00,0.00,0.00,0.00,NA,,NA,,NA,,,,835,93,835,93,835,93,835,93,0,0,0,0,0,0,71,23,827,90,835,93,357,58,0,0,0,0.00,0,0
466,Zirkzee,FWD,Man Utd,MUN,4,5.8,42,2,1,0.8,1.0,1.0,1,607,TRUE,FALSE,100,100,458249,0,0,-2,2,0,0,4,Joshua,FALSE,,2026-01-22T13:30:10.394946Z,58,458249.jpg,1.8,FALSE,Zirkzee,0.4,FALSE,NA,a,14,1,112749,0,133905,0,0.2,7.2,,152,2024-07-17,2001-05-22,FALSE,p458249,2,8,0,0,0,3,0,0,6,146,164.4,177.7,245.0,58.3,14,21,9,44,5,2.74,0.34,3.08,9.41,NA,,NA,,NA,,,,337,34,228,23,142,38,274,33,0.41,0,0.05,0.46,1.4,1.19,108,31,284,37,389,44,290,46,0.74,0.3,6.52,2.74,0.41,2
467,Obi,FWD,Man Utd,MUN,4,4.2,0,0,0,0.0,0.0,0.0,0,0,TRUE,FALSE,NA,NA,596047,0,0,-3,3,0,0,4,Chido,FALSE,,NA,42,596047.jpg,0.0,FALSE,Obi,1.4,FALSE,NA,a,14,1,276612,0,392978,0,0.0,0.0,,58,2025-02-15,2007-11-29,FALSE,p596047,0,0,0,0,0,0,0,0,0,0,0.0,0.0,0.0,0.0,0,0,0,0,0,0.00,0.00,0.00,0.00,NA,,NA,,NA,,,,654,66,648,65,624,65,657,67,0,0,0,0,0,0,657,92,538,53,664,68,174,26,0,0,0,0.00,0,0
468,Wheatley,FWD,Man Utd,MUN,4,4.5,0,0,0,0.0,0.0,0.0,0,0,TRUE,FALSE,0,0,575034,0,0,0,0,0,0,4,Ethan,FALSE,has joined Bradford City on loan for the rest of the season.,2026-02-02T23:17:05.663726Z,45,575034.jpg,0.0,FALSE,Wheatley,0.1,FALSE,NA,u,14,1,4530,0,15008,0,0.0,0.0,,241,2024-04-12,2006-01-20,FALSE,p575034,0,0,0,0,0,0,0,0,0,0,0.0,0.0,0.0,0.0,0,0,0,0,0,0.00,0.00,0.00,0.00,NA,,NA,,NA,,,,746,79,740,78,726,78,747,79,0,0,0,0,0,0,481,68,663,67,749,80,518,70,0,0,0,0.00,0,0
681,Sesko,FWD,Man Utd,MUN,4,7.2,111,11,2,1.6,0.0,0.0,0,1630,TRUE,FALSE,50,50,485711,0,0,-3,3,0,2,4,Benjamin,FALSE,Shin injury - 50% chance of playing,2026-05-03T23:00:09.426303Z,72,485711.jpg,3.7,FALSE,Sesko,4.6,FALSE,NA,d,14,1,1377150,0,1876133,0,0.0,15.4,,195,2025-08-09,2003-05-31,FALSE,p485711,2,30,0,0,0,2,0,0,19,405,483.8,156.1,803.0,143.4,20,39,5,64,17,9.21,0.28,9.48,27.05,NA,,NA,,NA,,,https://www.manutd.com/en/news/carrick-reveals-team-news-for-final-day-v-brighton-24-may-2026?utm_source=premier_league&utm_medium=referral&utm_campaign=fantasy&utm_content=injuries-flag,137,13,245,28,18,10,65,14,0.51,0,0.02,0.53,1.49,1.66,31,11,836,94,96,9,84,16,0.94,0.11,3.53,9.21,0.51,2
733,Lammens,GKP,Man Utd,MUN,4,5.1,109,0,0,3.8,5.3,5.3,6,2880,TRUE,FALSE,NA,NA,465247,0,0,1,-1,0,1,1,Senne,FALSE,,NA,51,465247.jpg,3.4,FALSE,Lammens,3.6,FALSE,NA,a,14,1,758836,0,397527,0,1.0,21.4,,21,2025-09-01,2002-07-07,FALSE,p465247,8,39,0,0,0,0,0,79,11,413,635.6,0.0,2.0,63.7,26,224,1,0,32,0.00,0.00,0.00,39.25,NA,,NA,,NA,,,,72,15,818,96,469,2,255,15,0,2.47,0,0,1.23,1.22,234,7,25,1,131,17,98,17,1,0.25,0,0.00,0,0
755,Lacey,MID,Man Utd,MUN,4,4.5,3,0,0,0.0,0.3,0.3,1,40,TRUE,FALSE,100,100,576628,0,0,0,0,0,0,3,Shea,FALSE,,2026-01-11T22:30:11.118984Z,45,576628.jpg,1.0,FALSE,Lacey,0.0,FALSE,NA,a,14,1,4154,0,2979,0,0.1,0.7,,241,2025-05-26,2007-04-14,FALSE,p576628,0,0,0,0,0,0,0,0,0,9,4.0,2.1,16.0,1.7,0,2,1,3,0,0.10,0.01,0.11,0.51,NA,,NA,,NA,,,,499,225,479,230,414,203,492,221,0.22,0,0.02,0.24,1.15,0,484,296,345,151,497,223,709,289,0,0,6.75,0.10,0.22,0
769,Bendito Mantato,MID,Man Utd,MUN,4,4.5,1,0,0,0.0,0.0,0.0,0,15,TRUE,FALSE,NA,NA,576620,0,0,0,0,0,0,3,Bendito,FALSE,,NA,45,576620.jpg,1.0,FALSE,Mantato,0.0,FALSE,NA,a,14,1,589,0,424,0,0.0,0.2,,241,2025-04-30,2008-01-25,FALSE,p576620,0,0,0,0,0,0,0,0,0,3,2.2,11.7,0.0,1.4,0,0,0,0,0,0.00,0.01,0.01,0.05,NA,,NA,,NA,,,,510,233,432,212,728,306,499,228,0,0,0.06,0.06,0.3,0,483,295,665,257,496,222,784,338,0,0,0,0.00,0,0
771,Fletcher,MID,Man Utd,MUN,4,4.4,2,0,0,0.0,0.3,0.3,1,17,TRUE,FALSE,NA,NA,519913,0,0,-1,1,0,0,3,Tyler,FALSE,,NA,44,519913.jpg,1.0,FALSE,Fletcher,0.0,FALSE,NA,a,14,1,2549,0,1732,0,0.1,0.5,Tyler Fletcher,243,2025-05-26,2007-03-19,FALSE,p519913,0,0,0,0,0,0,0,0,0,6,0.8,3.0,0.0,0.3,0,2,0,2,0,0.00,0.01,0.01,0.33,NA,,NA,,NA,,,,521,236,472,225,660,256,519,236,0,0,0.05,0.05,1.75,0,561,338,341,150,485,213,739,310,0,0,10.59,0.00,0,0
788,Kukonki,DEF,Man Utd,MUN,4,4,0,0,0,0.0,0.0,0.0,0,0,TRUE,FALSE,NA,NA,576637,0,0,0,0,0,0,2,Godwill,FALSE,,NA,40,576637.jpg,0.0,FALSE,Kukonki,0.0,FALSE,NA,a,14,1,637,0,573,0,0.0,0.0,,241,2024-12-03,2008-02-06,FALSE,p576637,0,0,0,0,0,0,0,0,0,0,0.0,0.0,0.0,0.0,0,0,0,0,0,0.00,0.00,0.00,0.00,NA,,NA,,NA,,,,625,235,617,234,587,231,628,235,0,0,0,0,0,0,734,194,499,197,635,234,715,250,0,0,0,0.00,0,0
827,Thwaites,MID,Man Utd,MUN,4,4.5,0,0,0,0.0,0.0,0.0,0,0,TRUE,FALSE,NA,NA,576634,0,0,0,0,0,0,3,Jim,FALSE,,NA,45,576634.jpg,0.0,FALSE,Thwaites,0.0,FALSE,NA,a,14,1,118,0,35,0,0.0,0.0,,241,2025-05-26,2007-12-20,FALSE,p576634,0,0,0,0,0,0,0,0,0,0,0.0,0.0,0.0,0.0,0,0,0,0,0,0.00,0.00,0.00,0.00,NA,,NA,,NA,,,,748,310,742,310,729,307,749,311,0,0,0,0,0,0,485,297,666,258,751,312,826,366,0,0,0,0.00,0,0
52,J.Ramsey,MID,Newcastle,NEW,3,5.3,62,2,3,4.0,5.7,5.7,4,1441,TRUE,FALSE,100,100,232653,0,0,-2,2,0,0,3,Jacob,FALSE,,2026-02-25T08:00:07.432091Z,53,232653.jpg,2.2,FALSE,Ramsey,0.3,FALSE,NA,a,15,4,38141,0,82368,0,1.1,11.7,,241,2025-08-17,2001-05-28,FALSE,p232653,1,31,0,0,0,3,1,0,3,303,304.4,330.3,165.0,79.9,23,85,41,149,15,1.20,1.45,2.65,27.24,NA,,NA,,NA,,,,243,103,127,87,222,120,203,97,0.07,0,0.09,0.16,1.7,1.94,186,119,21,7,325,138,355,122,0.94,0.06,9.31,1.20,0.07,2
135,Wissa,FWD,Newcastle,NEW,3,7.3,27,1,1,1.5,0.7,0.7,0,517,TRUE,FALSE,100,100,216646,0,0,-2,2,0,0,4,Yoane,FALSE,,2026-02-15T00:30:06.766337Z,73,216646.jpg,1.4,FALSE,Wissa,0.6,FALSE,NA,a,15,4,247877,0,461907,0,0.1,3.7,,50,2025-09-01,1996-09-03,FALSE,p216646,1,11,0,0,0,3,0,0,0,70,58.0,46.7,163.0,25.5,3,14,5,22,4,3.13,0.54,3.67,9.97,NA,,NA,,NA,,,,426,50,377,48,224,46,382,48,0.54,0,0.09,0.63,1.74,1.91,23,9,324,42,440,51,252,37,0.7,0.17,3.83,3.13,0.54,2
469,Pope,GKP,Newcastle,NEW,3,5,96,0,1,3.0,3.0,3.0,2,2416,TRUE,FALSE,100,100,98747,0,0,0,0,0,1,1,Nick,FALSE,,2025-11-30T11:00:09.029807Z,50,98747.jpg,3.6,FALSE,Pope,4.5,FALSE,NA,a,15,4,1569571,0,1614872,0,0.6,19.2,,241,2022-06-23,1992-04-19,FALSE,p98747,7,38,0,0,0,2,0,89,3,414,671.0,0.0,35.0,70.7,35,254,1,0,27,0.16,0.00,0.16,32.89,NA,,NA,,NA,,,,60,13,803,95,371,1,236,13,0.01,3.32,0,0.01,1.23,1.42,244,9,121,13,101,10,85,15,1.01,0.26,0,0.16,0.01,0
471,Gillespie,GKP,Newcastle,NEW,3,3.9,0,0,0,0.0,0.0,0.0,0,0,TRUE,FALSE,NA,NA,81441,0,0,-1,1,0,0,1,Mark,FALSE,,NA,39,81441.jpg,0.0,FALSE,Gillespie,0.1,FALSE,NA,a,15,4,7392,0,11599,0,0.0,0.0,,241,2020-07-27,1992-03-27,FALSE,p81441,0,0,0,0,0,0,0,0,0,0,0.0,0.0,0.0,0.0,0,0,0,0,0,0.00,0.00,0.00,0.00,NA,,NA,,NA,,,,551,47,534,28,503,13,554,47,0,0,0,0,0,0,762,72,410,34,562,47,449,65,0,0,0,0.00,0,0
472,Odysseas,GKP,Newcastle,NEW,3,4,0,0,0,0.0,0.0,0.0,0,0,TRUE,FALSE,0,0,111452,0,0,0,0,0,0,1,Odysseas,FALSE,Has joined Sevilla on loan for the rest of the season.,2025-08-13T15:41:50.078613Z,40,111452.jpg,0.0,FALSE,Vlachodimos,0.0,FALSE,NA,u,15,4,0,0,2530,0,0.0,0.0,,83,2024-07-01,1994-04-26,FALSE,p111452,0,0,0,0,0,0,0,0,0,0,0.0,0.0,0.0,0.0,0,0,0,0,0,0.00,0.00,0.00,0.00,NA,,NA,,NA,,,,583,68,573,56,542,41,586,68,0,0,0,0,0,0,680,45,450,59,594,68,732,85,0,0,0,0.00,0,0
473,Hall,DEF,Newcastle,NEW,3,5.3,79,1,2,1.0,1.3,1.3,1,2176,TRUE,FALSE,100,100,487838,0,0,-2,2,0,1,2,Lewis,FALSE,,2026-01-02T13:00:09.395222Z,53,487838.jpg,2.6,FALSE,Hall,3.3,FALSE,NA,a,15,4,974490,0,796951,0,0.2,14.9,,241,2024-07-01,2004-09-08,FALSE,p487838,4,39,0,0,0,4,0,0,4,347,550.2,433.6,196.0,118.0,119,134,54,173,24,1.01,2.78,3.79,37.72,2,,1,,NA,,,,105,49,76,18,189,47,105,29,0.04,0,0.11,0.15,1.56,1.61,197,25,243,86,266,103,100,33,0.99,0.17,7.16,1.01,0.04,2
474,Schar,DEF,Newcastle,NEW,3,5.2,51,0,0,0.0,0.0,0.0,0,1089,TRUE,FALSE,0,0,119471,0,0,-3,3,0,0,2,Fabian,FALSE,Ankle injury - Expected back 01 Jun,2026-01-09T17:30:12.168949Z,52,119471.jpg,3.2,FALSE,Schär,1.1,FALSE,NA,i,15,4,297336,0,499632,0,0.0,9.8,,207,2018-07-26,1991-12-20,FALSE,p119471,4,13,0,0,0,1,0,0,0,186,291.2,63.6,108.0,46.4,101,42,14,115,11,0.97,0.60,1.57,13.85,NA,,4,,NA,,,https://www.newcastleunited.com/en/news/eddie-howes-team-news-update-hall-and-joelinton-latest-ahead-of-hammers-clash?utm_source=premier_league&utm_medium=referral&utm_campaign=fantasy&utm_content=injuries-flag,250,97,349,121,275,78,321,107,0.08,0,0.05,0.13,1.14,1.07,202,27,780,264,169,63,187,74,0.91,0.33,9.5,0.97,0.08,2
475,Botman,DEF,Newcastle,NEW,3,4.9,89,1,1,4.0,3.7,3.7,3,1834,TRUE,FALSE,100,100,220237,0,0,-1,1,0,0,2,Sven,FALSE,,2026-03-24T00:00:11.040133Z,49,220237.jpg,3.6,FALSE,Botman,0.5,FALSE,NA,a,15,4,106359,0,115014,0,0.8,18.2,,152,2022-06-28,2000-01-12,FALSE,p220237,5,27,1,0,0,2,0,0,6,332,597.0,85.8,190.0,87.4,195,89,21,216,21,1.73,0.86,2.59,27.58,NA,,NA,,NA,,,,85,36,311,102,196,50,178,59,0.08,0,0.04,0.12,1.35,1.32,306,48,86,27,99,36,270,101,1.03,0.25,10.6,1.73,0.08,2
476,Burn,DEF,Newcastle,NEW,3,5,93,1,3,3.2,1.3,1.3,1,2195,TRUE,FALSE,100,100,78916,0,0,0,0,0,1,2,Dan,FALSE,,2025-12-15T01:30:08.656752Z,50,78916.jpg,3.2,FALSE,Burn,3.6,FALSE,NA,a,15,4,1584692,0,1706417,0,0.3,18.6,,241,2022-01-31,1992-05-09,FALSE,p78916,6,36,0,0,0,9,1,0,5,286,525.8,107.3,186.0,82.1,185,76,40,225,25,1.08,0.36,1.44,30.15,NA,,NA,,NA,,,,122,55,294,92,199,51,198,69,0.04,0,0.01,0.05,1.24,1.48,242,37,238,85,167,62,99,32,1.03,0.25,9.23,1.08,0.04,2
477,Livramento,DEF,Newcastle,NEW,3,4.9,59,0,1,0.0,0.0,0.0,0,1326,TRUE,FALSE,0,0,441191,0,0,-1,1,0,0,2,Tino,FALSE,Thigh injury - Expected back 01 Jun,2026-04-18T18:00:09.221277Z,49,441191.jpg,3.5,FALSE,Livramento,1.8,FALSE,NA,i,15,4,1106595,0,1396148,0,0.0,12.0,,241,2023-08-08,2002-11-12,FALSE,p441191,6,14,0,0,0,1,0,0,3,252,219.4,199.7,42.0,46.1,46,81,22,68,14,0.13,0.89,1.02,18.62,NA,,NA,,NA,,,https://www.newcastleunited.com/en/news/eddie-howes-team-news-update-schaer-and-livramento-injury-latest-ahead-of-forest?utm_source=premier_league&utm_medium=referral&utm_campaign=fantasy&utm_content=injuries-flag,294,116,207,52,356,118,322,108,0.01,0,0.06,0.07,1.26,0.95,321,52,742,258,115,44,143,57,0.95,0.41,4.62,0.13,0.01,2
478,Trippier,DEF,Newcastle,NEW,3,4.9,54,0,1,0.8,1.0,1.0,0,1586,TRUE,FALSE,100,100,77794,0,0,-1,1,0,0,2,Kieran,FALSE,,2025-11-28T18:30:07.183281Z,49,77794.jpg,2.6,FALSE,Trippier,1.4,FALSE,NA,a,15,4,265222,0,388304,0,0.2,11.0,,241,2022-01-07,1990-09-19,FALSE,p77794,5,27,0,0,0,3,0,0,2,225,288.0,488.5,14.0,79.0,57,74,25,82,18,0.08,2.06,2.14,21.28,4,,2,,NA,,,,254,99,60,9,418,155,207,73,0,0,0.12,0.12,1.21,1.53,283,43,266,96,261,101,170,67,1.02,0.28,4.65,0.08,0,2
479,Krafth,DEF,Newcastle,NEW,3,4.3,0,0,0,0.0,0.0,0.0,0,45,TRUE,FALSE,0,0,111773,0,0,-2,2,0,0,2,Emil,FALSE,Knee injury - Unknown return date,2025-11-28T19:00:08.647206Z,43,111773.jpg,0.0,FALSE,Krafth,0.0,FALSE,NA,i,15,4,1757,0,5368,0,0.0,0.0,,206,2019-08-08,1994-08-02,FALSE,p111773,0,2,0,0,0,0,0,0,0,-8,1.4,1.2,0.0,0.3,1,0,0,1,1,0.00,0.00,0.00,0.25,NA,,NA,,NA,,,https://www.newcastleunited.com/en/news/eddie-howes-team-news-update-livramento-latest-ahead-of-carabao-cup-semi-final-first-leg?utm_source=premier_league&utm_medium=referral&utm_campaign=fantasy&utm_content=injuries-flag,515,181,489,176,626,254,518,181,0,0,0,0,0.5,4,585,123,541,227,666,255,629,224,2,0,2,0.00,0,0
480,Lascelles,DEF,Newcastle,NEW,3,4.3,1,0,0,0.0,0.0,0.0,0,19,TRUE,FALSE,0,0,101148,0,0,-2,2,0,0,2,Jamaal,FALSE,has joined Leicester City permanently.,2025-12-19T14:00:09.135296Z,43,101148.jpg,0.5,FALSE,Lascelles,0.0,FALSE,NA,u,15,4,2754,0,9170,0,0.0,0.2,,241,2014-08-04,1993-11-11,FALSE,p101148,0,2,0,0,0,0,0,0,0,0,10.2,0.0,7.0,1.7,5,0,0,5,0,0.04,0.00,0.04,0.55,NA,,NA,,NA,,,,479,174,650,255,435,165,491,174,0.19,0,0,0.19,2.61,9.47,583,121,540,226,534,181,597,213,0,0,23.68,0.04,0.19,0
481,A.Murphy,DEF,Newcastle,NEW,3,3.8,2,0,0,0.0,0.3,0.3,1,7,TRUE,FALSE,NA,NA,545477,0,0,-2,2,0,0,2,Alex,FALSE,,NA,38,545477.jpg,1.0,FALSE,Murphy,0.7,FALSE,NA,a,15,4,82574,0,109655,0,0.1,0.5,Alex Murphy,104,2023-07-19,2004-06-25,FALSE,p545477,0,1,0,0,0,0,0,0,0,3,10.2,0.6,2.0,1.3,4,0,0,4,0,0.00,0.00,0.00,0.49,NA,,NA,,NA,,,,478,173,491,177,454,169,502,175,0,0,0,0,6.3,12.86,824,254,335,118,466,167,241,90,0,0,51.43,0.00,0,0
482,Ashby,DEF,Newcastle,NEW,3,3.9,0,0,0,0.0,0.0,0.0,0,0,TRUE,FALSE,0,0,441024,0,0,-1,1,0,0,2,Harrison,FALSE,has joined Bradford City on loan for the rest of the season.,2026-01-15T12:50:45.925899Z,39,441024.jpg,0.0,FALSE,Ashby,0.1,FALSE,NA,u,15,4,8541,0,17397,0,0.0,0.0,,243,2023-01-31,2001-11-14,FALSE,p441024,0,0,0,0,0,0,0,0,0,0,0.0,0.0,0.0,0.0,0,0,0,0,0,0.00,0.00,0.00,0.00,NA,,NA,,NA,,,,560,203,545,202,514,198,563,203,0,0,0,0,0,0,777,222,422,158,571,203,466,173,0,0,0,0.00,0,0
483,Pivas,DEF,Newcastle,NEW,3,3.8,0,0,0,0.0,0.0,0.0,0,0,TRUE,FALSE,NA,NA,578512,0,0,-2,2,0,0,2,Miodrag,FALSE,,NA,38,578512.jpg,0.0,FALSE,Pivaš,0.4,FALSE,NA,a,15,4,68422,0,53510,0,0.0,0.0,,NA,NA,NA,FALSE,p578512,0,0,0,0,0,0,0,0,0,0,0.0,0.0,0.0,0.0,0,0,0,0,0,0.00,0.00,0.00,0.00,NA,,NA,,NA,,,,545,199,527,198,496,194,548,199,0,0,0,0,0,0,828,258,404,153,556,199,302,112,0,0,0,0.00,0,0
484,Targett,DEF,Newcastle,NEW,3,4,0,0,0,0.0,0.0,0.0,0,0,TRUE,FALSE,0,0,169359,0,0,0,0,0,0,2,Matt,FALSE,has joined Middlesbrough on loan for the rest of the season.,2025-09-02T12:49:12.555659Z,40,169359.jpg,0.0,FALSE,Targett,0.1,FALSE,NA,u,15,4,3759,0,45695,0,0.0,0.0,,241,2022-07-01,1995-09-18,FALSE,p169359,0,0,0,0,0,0,0,0,0,0,0.0,0.0,0.0,0.0,0,0,0,0,0,0.00,0.00,0.00,0.00,NA,,NA,,NA,,,,585,214,575,213,544,209,588,214,0,0,0,0,0,0,683,165,452,172,596,214,439,164,0,0,0,0.00,0,0
485,Gordon,MID,Newcastle,NEW,3,7.2,101,6,4,0.0,0.0,0.0,0,1798,TRUE,FALSE,100,100,232826,0,0,-3,3,0,3,3,Anthony,FALSE,,2026-04-18T18:00:09.233762Z,72,232826.jpg,3.9,FALSE,Gordon,3.1,FALSE,NA,a,15,4,2428918,0,2303564,0,0.0,14.0,,241,2023-01-29,2001-02-24,FALSE,p232826,8,30,0,0,0,3,1,0,10,352,393.8,404.2,514.0,130.9,16,56,19,91,24,8.77,3.38,12.15,24.78,NA,,NA,,1,,,,186,72,86,62,51,29,84,50,0.44,0,0.17,0.61,1.24,1.5,30,19,835,376,76,36,105,35,1.2,0.4,4.56,8.77,0.44,2
486,Elanga,MID,Newcastle,NEW,3,6.5,48,0,1,0.5,0.7,0.7,1,1302,TRUE,FALSE,100,100,449434,0,0,-5,5,0,0,3,Anthony,FALSE,,2026-01-15T19:30:10.210181Z,65,449434.jpg,1.5,FALSE,Elanga,2.6,FALSE,NA,a,15,4,585258,0,1206243,0,0.1,7.4,,206,2025-07-11,2002-04-27,FALSE,p449434,2,28,0,0,0,0,0,0,0,179,130.4,266.7,185.0,57.8,9,32,14,55,14,1.65,1.74,3.39,21.11,5,,NA,,NA,,,,370,165,163,106,203,106,278,141,0.11,0,0.12,0.23,1.46,1.94,54,34,323,144,429,187,117,39,0.97,0.14,3.8,1.65,0.11,2
487,Barnes,MID,Newcastle,NEW,3,6.1,106,7,1,4.8,4.3,4.3,1,1951,TRUE,FALSE,NA,NA,201666,0,0,-4,4,0,2,3,Harvey,FALSE,,NA,61,201666.jpg,2.9,FALSE,Barnes,1.3,FALSE,NA,a,15,4,804370,0,725659,0,0.7,17.4,,241,2023-07-23,1997-12-09,FALSE,p201666,5,31,0,0,0,1,0,0,9,349,404.0,387.5,682.0,147.0,20,67,13,100,19,6.84,2.72,9.56,30.30,NA,,NA,,NA,,,,181,69,98,69,27,12,60,38,0.32,0,0.13,0.45,1.4,1.43,81,52,57,23,212,82,179,63,0.88,0.23,4.61,6.84,0.32,2
488,Guimaraes,MID,Newcastle,NEW,3,6.9,154,9,7,4.5,3.7,3.7,1,2456,TRUE,FALSE,100,100,208706,0,0,4,-4,0,4,3,Bruno,FALSE,,2026-02-11T13:00:10.101461Z,69,208706.jpg,5.3,FALSE,Guimarães Rodriguez Moura,6.5,FALSE,NA,a,15,4,4385408,0,3885085,0,0.5,22.3,Bruno Guimarães,30,2022-01-30,1997-11-16,FALSE,p208706,6,37,0,0,0,6,0,0,22,681,782.4,756.7,488.0,202.9,55,134,62,251,27,5.59,4.96,10.55,31.99,3,,5,,2,,,,34,10,19,18,57,32,22,17,0.2,0,0.18,0.38,1.17,1.36,38,23,95,43,7,3,67,24,0.99,0.22,9.2,5.59,0.2,2
489,J.Murphy,MID,Newcastle,NEW,3,5.9,82,3,2,3.5,1.7,1.7,1,1606,TRUE,FALSE,100,100,114243,0,0,-6,6,0,0,3,Jacob,FALSE,,2026-01-14T01:00:09.974413Z,59,114243.jpg,2.5,FALSE,Murphy,0.6,FALSE,NA,a,15,4,174198,0,355496,0,0.3,13.9,Jacob Murphy,241,2017-07-19,1995-02-24,FALSE,p114243,8,20,0,0,0,2,0,0,5,314,330.8,393.7,346.0,106.0,27,47,16,90,19,3.07,2.66,5.73,24.35,NA,,NA,,NA,,,,225,94,96,67,92,54,135,72,0.17,0,0.15,0.32,1.36,1.12,88,56,214,99,280,113,244,85,1.06,0.45,5.04,3.07,0.17,2
490,Joelinton,MID,Newcastle,NEW,3,5.9,73,2,1,0.0,0.0,0.7,0,1950,TRUE,FALSE,0,0,180974,0,0,-1,1,0,0,3,Joelinton Cássio,FALSE,Thigh injury - Expected back 01 Jun,2026-05-15T09:30:09.697934Z,59,180974.jpg,2.7,FALSE,Apolinário de Lira,0.3,FALSE,NA,i,15,4,82462,0,112850,0,0.1,12.4,Joelinton,30,2019-07-24,1996-08-14,FALSE,p180974,5,27,0,0,0,10,0,0,2,304,324.4,296.3,329.0,95.0,73,122,43,238,23,2.36,1.35,3.71,28.75,NA,,NA,,NA,,,https://www.newcastleunited.com/en/video/959724?utm_source=premier_league&utm_medium=referral&utm_campaign=fantasy&utm_content=injuries-flag,231,97,147,97,98,58,162,83,0.11,0,0.06,0.17,1.33,1.25,90,58,320,142,249,102,342,117,1.06,0.23,10.98,2.36,0.11,2
491,Tonali,MID,Newcastle,NEW,3,5.3,81,0,2,1.1,0.8,1.0,0,2534,TRUE,FALSE,75,75,432422,0,0,-2,2,0,0,3,Sandro,FALSE,Hamstring injury - 75% chance of playing,2026-05-17T22:00:09.690694Z,53,432422.jpg,2.3,FALSE,Tonali,1.0,FALSE,NA,d,15,4,230144,0,342254,0,0.2,15.3,,106,2023-07-03,2000-05-08,FALSE,p432422,7,38,0,0,0,4,0,0,2,477,398.0,534.1,198.0,113.4,75,147,35,257,31,1.75,2.87,4.62,36.19,1,,3,,NA,,,https://www.newcastleunited.com/en/news/eddie-howes-team-news-update-tonali-potentially-available-for-fulham-trip?utm_source=premier_league&utm_medium=referral&utm_campaign=fantasy&utm_content=injuries-flag,184,70,51,44,187,100,115,65,0.06,0,0.1,0.16,1.29,1.35,189,120,274,122,309,129,198,69,1.1,0.25,9.13,1.75,0.06,2
492,Antonito C.,MID,Newcastle,NEW,3,4.9,0,0,0,0.0,0.0,0.0,0,0,TRUE,FALSE,0,0,640108,0,0,-1,1,0,0,3,Antoñito,FALSE,has joined Cadiz on loan for the rest of the season.,2025-09-22T21:20:47.006379Z,49,640108.jpg,0.0,FALSE,Cordero Campillo,0.0,FALSE,NA,u,15,4,655,0,3592,0,0.0,0.0,,200,2025-07-01,2006-11-14,FALSE,p640108,0,0,0,0,0,0,0,0,0,0,0.0,0.0,0.0,0.0,0,0,0,0,0,0.00,0.00,0.00,0.00,NA,,NA,,NA,,,,804,353,800,353,797,352,804,353,0,0,0,0,0,0,341,213,754,320,804,353,688,275,0,0,0,0.00,0,0
494,Willock,MID,Newcastle,NEW,3,5,38,0,2,2.0,2.0,2.0,2,972,TRUE,FALSE,100,100,200089,0,0,0,0,0,0,3,Joe,FALSE,,2025-08-10T23:30:07.136690Z,50,200089.jpg,1.6,FALSE,Willock,0.1,FALSE,NA,a,15,4,15177,0,14496,0,0.4,7.6,,241,2021-08-13,1999-08-20,FALSE,p200089,3,18,0,0,0,3,0,0,0,166,145.4,205.8,204.0,55.5,17,52,20,89,10,1.26,1.07,2.33,17.83,NA,,NA,,NA,,,,351,158,201,133,181,97,285,145,0.12,0,0.1,0.22,1.65,1.67,249,148,170,79,415,177,505,184,0.93,0.28,8.24,1.26,0.12,2
495,Hayden,MID,Newcastle,NEW,3,4.5,0,0,0,0.0,0.0,0.0,0,0,TRUE,FALSE,0,0,153127,0,0,0,0,0,0,3,Isaac,FALSE,Has departed the club as a free agent.,2025-08-11T01:17:33.103826Z,45,153127.jpg,0.0,FALSE,Hayden,0.0,FALSE,NA,u,15,4,0,0,1613,0,0.0,0.0,,107,2016-07-11,1995-03-22,FALSE,p153127,0,0,0,0,0,0,0,0,0,0,0.0,0.0,0.0,0.0,0,0,0,0,0,0.00,0.00,0.00,0.00,NA,,NA,,NA,,,,701,270,696,272,677,265,703,272,0,0,0,0,0,0,415,251,612,215,707,275,780,335,0,0,0,0.00,0,0
496,Kuol,MID,Newcastle,NEW,3,4.4,0,0,0,0.0,0.0,0.0,0,0,TRUE,FALSE,0,0,564510,0,0,-1,1,0,0,3,Garang,FALSE,has joined Sparta Prague permanently.,2025-09-22T21:20:47.021681Z,44,564510.jpg,0.0,FALSE,Kuol,0.0,FALSE,NA,u,15,4,2219,0,7454,0,0.0,0.0,,13,2023-01-01,2004-09-15,FALSE,p564510,0,0,0,0,0,0,0,0,0,0,0.0,0.0,0.0,0.0,0,0,0,0,0,0.00,0.00,0.00,0.00,NA,,NA,,NA,,,,690,264,685,266,666,259,692,266,0,0,0,0,0,0,570,343,598,207,697,270,643,249,0,0,0,0.00,0,0
497,L.Miley,MID,Newcastle,NEW,3,4.4,72,1,4,0.0,0.0,0.0,0,1493,TRUE,FALSE,0,0,547719,0,0,-1,1,0,1,3,Lewis,FALSE,Leg injury - Expected back 01 Jul,2026-05-06T11:00:09.926175Z,44,547719.jpg,3.1,FALSE,Miley,1.7,FALSE,NA,i,15,4,681491,0,770154,0,0.0,16.4,,241,2023-02-01,2006-05-01,FALSE,p547719,2,22,0,0,0,0,0,0,5,334,342.6,251.4,136.0,73.0,57,69,29,155,15,1.36,2.10,3.46,21.22,NA,,NA,,NA,,,https://www.newcastleunited.com/en/news/injury-update-lewis-miley?utm_source=premier_league&utm_medium=referral&utm_campaign=fantasy&utm_content=injuries-flag,214,86,165,108,243,135,227,110,0.08,0,0.13,0.21,1.28,1.33,568,342,596,206,177,70,155,49,0.9,0.12,9.34,1.36,0.08,2
498,White_J,MID,Newcastle,NEW,3,4.5,0,0,0,0.0,0.0,0.0,0,0,TRUE,FALSE,0,0,461484,0,0,0,0,0,0,3,Joe,FALSE,has joined Bradford City on loan for the rest of the season.,2026-01-15T12:50:45.940034Z,45,461484.jpg,0.0,FALSE,White,0.0,FALSE,NA,u,15,4,117,0,1264,0,0.0,0.0,,241,2024-01-29,2002-10-01,FALSE,p461484,0,0,0,0,0,0,0,0,0,0,0.0,0.0,0.0,0.0,0,0,0,0,0,0.00,0.00,0.00,0.00,NA,,NA,,NA,,,,715,280,711,282,694,276,717,282,0,0,0,0,0,0,440,262,629,226,721,285,786,339,0,0,0,0.00,0,0
500,Osula,FWD,Newcastle,NEW,3,5.5,76,7,1,6.5,5.7,5.7,2,805,TRUE,FALSE,100,100,538207,0,0,0,0,0,1,4,William,FALSE,,2025-11-06T09:30:08.761577Z,55,538207.jpg,3.2,FALSE,Osula,2.1,FALSE,NA,a,15,4,361759,0,125181,0,1.0,13.8,,58,2024-08-08,2003-08-04,FALSE,p538207,2,14,0,0,0,0,0,0,13,284,256.6,82.6,284.0,62.2,2,23,6,31,8,4.28,0.62,4.90,14.48,NA,,NA,,NA,,,,273,27,321,40,124,32,260,31,0.48,0,0.07,0.55,1.62,1.57,146,37,22,2,173,17,135,21,0.89,0.22,3.47,4.28,0.48,2
501,Neave,FWD,Newcastle,NEW,3,4.3,1,0,0,0.0,0.3,0.3,1,13,TRUE,FALSE,NA,NA,599303,0,0,-2,2,0,0,4,Sean,FALSE,,NA,43,599303.jpg,1.0,FALSE,Neave,0.3,FALSE,NA,a,15,4,27694,0,38624,0,0.1,0.2,,241,2025-02-07,2007-05-27,FALSE,p599303,0,1,0,0,0,0,0,0,0,2,0.0,0.0,5.0,0.5,0,0,0,0,0,0.03,0.00,0.03,0.37,NA,,NA,,NA,,,,667,69,663,68,443,61,513,63,0.21,0,0,0.21,2.56,6.92,625,89,340,44,482,58,354,57,0,0,0,0.03,0.21,0
674,Ramsdale,GKP,Newcastle,NEW,3,4.8,25,0,0,0.0,0.0,0.0,0,1003,TRUE,FALSE,NA,NA,225321,0,0,-2,2,0,0,1,Aaron,FALSE,,NA,48,225321.jpg,2.1,FALSE,Ramsdale,0.7,FALSE,NA,a,15,4,146098,0,177610,0,0.0,5.2,,241,2025-08-02,1998-05-14,FALSE,p225321,1,17,0,0,0,2,0,25,1,107,212.8,10.0,0.0,22.3,10,89,0,0,11,0.00,0.00,0.00,18.83,NA,,NA,,NA,,,,301,25,446,16,779,89,391,25,0,2.24,0,0,1.69,1.53,357,14,722,95,335,32,226,29,0.99,0.09,0,0.00,0,0
684,Thiaw,DEF,Newcastle,NEW,3,4.9,126,4,0,2.0,1.7,1.7,1,2963,TRUE,FALSE,NA,NA,465642,0,0,-1,1,0,3,2,Malick,FALSE,,NA,49,465642.jpg,3.6,FALSE,Thiaw,4.7,FALSE,NA,a,15,4,1930326,0,1361374,0,0.3,25.7,,80,2025-08-12,2001-08-08,FALSE,p465642,5,52,0,0,0,4,0,0,12,436,868.0,114.3,409.0,138.9,248,118,44,292,33,4.80,0.96,5.76,49.21,NA,,NA,,NA,,,,19,6,285,85,74,4,74,13,0.15,0,0.03,0.18,1.49,1.58,325,53,211,77,100,37,80,26,1,0.15,8.87,4.80,0.15,2
689,Seung soo,MID,Newcastle,NEW,3,4.3,0,0,0,0.0,0.0,0.0,0,0,TRUE,FALSE,NA,NA,623110,0,0,-2,2,0,0,3,Seung-Soo,FALSE,,NA,43,623110.jpg,0.0,FALSE,Park,0.5,FALSE,NA,a,15,4,100830,0,70181,0,0.0,0.0,Park Seung-Soo,114,2025-07-26,2007-03-17,FALSE,p623110,0,0,0,0,0,0,0,0,0,0,0.0,0.0,0.0,0.0,0,0,0,0,0,0.00,0.00,0.00,0.00,NA,,NA,,NA,,,,670,252,666,256,643,246,672,254,0,0,0,0,0,0,629,375,570,194,680,261,276,94,0,0,0,0.00,0,0
714,Woltemade,FWD,Newcastle,NEW,3,6.7,108,8,4,2.8,4.0,4.0,2,1896,TRUE,FALSE,100,100,470313,0,0,-3,3,0,1,4,Nick,FALSE,,2026-03-03T10:30:08.702662Z,67,470313.jpg,3.3,FALSE,Woltemade,6.5,FALSE,NA,a,15,4,5489495,0,4844619,0,0.6,16.1,,80,2025-08-30,2002-02-14,FALSE,p470313,8,29,1,0,0,0,0,0,12,399,447.2,314.4,425.0,117.5,28,53,24,105,24,6.59,1.53,8.12,25.67,NA,,NA,,3,,,,151,16,136,9,69,27,106,18,0.31,0,0.07,0.38,1.22,1.38,46,16,73,12,155,16,66,13,1.14,0.38,4.98,6.59,0.31,2
753,Ruddy,GKP,Newcastle,NEW,3,4,0,0,0,0.0,0.0,0.0,0,0,TRUE,FALSE,NA,NA,19236,0,0,0,0,0,0,1,John,FALSE,,NA,40,19236.jpg,0.0,FALSE,Ruddy,0.0,FALSE,NA,a,15,4,2082,0,1365,0,0.0,0.0,,241,2024-07-01,1986-10-24,FALSE,p19236,0,0,0,0,0,0,0,0,0,0,0.0,0.0,0.0,0.0,0,0,0,0,0,0.00,0.00,0.00,0.00,NA,,NA,,NA,,,,579,65,565,49,534,34,582,65,0,0,0,0,0,0,671,38,443,54,590,65,682,82,0,0,0,0.00,0,0
765,Shahar,DEF,Newcastle,NEW,3,4,0,0,0,0.0,0.0,0.0,0,0,TRUE,FALSE,NA,NA,553746,0,0,0,0,0,0,2,Leo,FALSE,,NA,40,553746.jpg,0.0,FALSE,Shahar,0.0,FALSE,NA,a,15,4,4880,0,3210,0,0.0,0.0,,241,2024-08-08,2007-03-18,FALSE,p553746,0,0,0,0,0,0,0,0,0,0,0.0,0.0,0.0,0.0,0,0,0,0,0,0.00,0.00,0.00,0.00,NA,,NA,,NA,,,,622,232,614,231,584,228,625,232,0,0,0,0,0,0,731,191,496,194,632,231,634,228,0,0,0,0.00,0,0
772,Alabi,MID,Newcastle,NEW,3,4.5,0,0,0,0.0,0.0,0.0,0,0,TRUE,FALSE,NA,NA,666607,0,0,0,0,0,0,3,Sam,FALSE,,NA,45,666607.jpg,0.0,FALSE,Alabi,0.0,FALSE,NA,a,15,4,829,0,531,0,0.0,0.0,,241,2025-11-24,2009-07-09,FALSE,p666607,0,0,0,0,0,0,0,0,0,0,0.0,0.0,0.0,0.0,0,0,0,0,0,0.00,0.00,0.00,0.00,NA,,NA,,NA,,,,778,334,771,333,758,330,778,334,0,0,0,0,0,0,521,325,698,284,778,334,774,330,0,0,0,0.00,0,0
12,Zinchenko,DEF,Nott'm Forest,NFO,3,4.9,7,0,0,0.0,0.0,0.0,0,352,TRUE,FALSE,0,0,206325,0,0,-1,1,0,0,2,Oleksandr,FALSE,has joined Ajax permanently.,2026-02-04T16:19:07.883535Z,49,206325.jpg,1.4,FALSE,Zinchenko,0.2,FALSE,NA,u,16,17,26902,0,54106,0,0.0,1.4,,225,2025-09-01,1996-12-15,FALSE,p206325,0,6,0,0,0,0,0,0,0,56,80.8,83.4,22.0,18.6,14,17,10,24,4,0.07,0.36,0.43,5.02,NA,,NA,,NA,,,,406,152,318,104,399,143,399,142,0.02,0,0.09,0.11,1.28,1.53,299,46,731,256,435,158,376,135,1.02,0,6.14,0.07,0.02,2
400,Ortega,GKP,Nott'm Forest,NFO,3,4.7,11,0,0,0.0,0.0,0.0,0,270,TRUE,FALSE,100,100,88248,0,0,-3,3,0,0,1,Stefan,FALSE,,2026-03-01T22:00:07.672573Z,47,88248.jpg,3.7,FALSE,Ortega Moreno,0.2,FALSE,NA,a,16,17,14824,0,28131,0,0.0,2.3,,80,2026-02-01,1992-11-06,FALSE,p88248,1,4,0,0,0,0,0,8,0,38,68.6,0.0,0.0,6.9,1,8,0,0,3,0.00,0.01,0.01,4.65,NA,,NA,,NA,,,,415,34,779,92,769,84,454,34,0,2.67,0,0,1.55,1.33,377,16,708,92,90,9,390,56,1,0.33,0,0.00,0,0
426,McAtee,MID,Nott'm Forest,NFO,3,5,17,0,1,1.8,2.0,2.0,1,288,TRUE,FALSE,NA,NA,432714,0,0,-5,5,0,0,3,James,FALSE,,NA,50,432714.jpg,1.2,FALSE,McAtee,0.1,FALSE,NA,a,16,17,13870,0,27412,0,0.4,3.4,,241,2025-08-16,2002-10-18,FALSE,p432714,0,9,0,0,0,1,0,0,0,60,51.6,82.0,39.0,17.3,7,18,7,32,2,0.18,0.37,0.55,7.34,NA,,NA,,5,,,,430,185,325,177,362,185,404,184,0.06,0,0.12,0.18,2.29,2.81,258,155,172,80,453,201,502,181,0.62,0,10,0.18,0.06,2
502,Sels,GKP,Nott'm Forest,NFO,3,4.6,105,0,0,5.0,2.7,2.7,3,2667,TRUE,FALSE,100,100,85633,0,0,-4,4,0,0,1,Matz,FALSE,,2026-02-02T00:30:11.021589Z,46,85633.jpg,3.4,FALSE,Sels,5.0,FALSE,NA,a,16,17,495479,0,2082249,0,0.6,22.8,,21,2024-02-01,1992-02-26,FALSE,p85633,7,39,0,1,0,2,0,95,3,431,730.0,10.0,0.0,74.0,26,197,1,0,30,0.00,0.06,0.06,45.12,NA,,NA,,NA,,,,44,11,443,13,766,81,221,11,0,3.21,0,0,1.52,1.32,396,19,135,14,125,15,77,13,1.01,0.24,0,0.00,0,0
503,C.Miguel,GKP,Nott'm Forest,NFO,3,4,0,0,0,0.0,0.0,0.0,0,0,TRUE,FALSE,0,0,475123,0,0,0,0,0,0,1,Carlos Miguel,FALSE,Has joined Palmeiras permanently.,2025-08-20T13:32:34.630338Z,40,475123.jpg,0.0,FALSE,dos Santos Pereira,0.1,FALSE,NA,u,16,17,448,0,15929,0,0.0,0.0,,30,2024-07-09,1998-10-09,FALSE,p475123,0,0,0,0,0,0,0,0,0,0,0.0,0.0,0.0,0.0,0,0,0,0,0,0.00,0.00,0.00,0.00,NA,,NA,,NA,,,,601,78,592,67,561,52,604,78,0,0,0,0,0,0,704,56,471,70,612,78,563,77,0,0,0,0.00,0,0
504,Turner,GKP,Nott'm Forest,NFO,3,4,0,0,0,0.0,0.0,0.0,0,0,TRUE,FALSE,0,0,224068,0,0,0,0,0,0,1,Matt,FALSE,Has joined Lyon permanently.,2025-08-11T01:18:09.881299Z,40,224068.jpg,0.0,FALSE,Turner,0.1,FALSE,NA,u,16,17,0,0,16045,0,0.0,0.0,,229,2023-08-09,1994-06-24,FALSE,p224068,0,0,0,0,0,0,0,0,0,0,0.0,0.0,0.0,0.0,0,0,0,0,0,0.00,0.00,0.00,0.00,NA,,NA,,NA,,,,588,69,579,58,548,43,591,69,0,0,0,0,0,0,689,47,457,61,599,69,536,76,0,0,0,0.00,0,0
505,Milenkovic,DEF,Nott'm Forest,NFO,3,5.1,119,0,1,3.0,2.3,2.3,4,3375,TRUE,FALSE,NA,NA,227444,0,0,-4,4,0,0,2,Nikola,FALSE,,NA,51,227444.jpg,3.1,FALSE,Milenković,3.3,FALSE,NA,a,16,17,419271,0,1109562,0,0.5,23.3,,190,2024-07-18,1997-10-12,FALSE,p227444,9,51,1,0,0,6,0,0,2,401,680.4,66.9,120.0,86.9,281,107,30,311,37,0.83,0.68,1.51,54.98,NA,,NA,,NA,,,,58,26,341,116,264,71,179,60,0.02,0,0.02,0.04,1.47,1.36,230,35,159,57,182,71,102,34,0.99,0.24,8.29,0.83,0.02,2
506,Murillo,DEF,Nott'm Forest,NFO,3,5.2,83,1,0,0.0,0.0,0.0,0,2130,TRUE,FALSE,0,0,575476,0,0,-3,3,0,1,2,Murillo,FALSE,Muscle injury - Expected back 01 Jun,2026-04-17T15:00:07.756447Z,52,575476.jpg,3.3,FALSE,Costa dos Santos,1.8,FALSE,NA,i,16,17,315788,0,868695,0,0.0,16.0,Murillo,30,2023-08-31,2002-07-04,FALSE,p575476,6,29,2,0,0,5,0,0,3,333,542.2,115.5,82.0,74.0,188,102,35,223,25,0.73,0.47,1.20,32.99,NA,,2,,NA,,,https://www.nottinghamforest.co.uk/news/2026/may/21/team-news-for-visit-of-bournemouth/?utm_source=premier_league&utm_medium=referral&utm_campaign=fantasy&utm_content=injuries-flag,107,51,283,83,309,96,222,77,0.03,0,0.02,0.05,1.39,1.23,219,32,784,265,151,54,149,60,1.06,0.25,9.42,0.73,0.03,2
507,Aina,DEF,Nott'm Forest,NFO,3,4.7,67,0,2,1.7,0.0,0.0,0,1587,TRUE,FALSE,75,75,159506,0,0,-3,3,0,2,2,Ola,FALSE,Lack of match fitness - 75% chance of playing,2026-05-01T15:00:10.424158Z,47,159506.jpg,3.7,FALSE,Aina,2.1,FALSE,NA,d,16,17,352773,0,1678500,0,0.0,14.3,,157,2023-07-22,1996-10-08,FALSE,p159506,6,19,0,0,0,3,0,0,5,264,285.2,160.3,58.0,50.5,99,81,31,130,18,0.41,0.84,1.25,25.31,NA,,NA,,NA,,,https://www.nottinghamforest.co.uk/news/2026/may/21/team-news-for-visit-of-bournemouth/?utm_source=premier_league&utm_medium=referral&utm_campaign=fantasy&utm_content=injuries-flag,256,100,238,61,339,110,302,98,0.02,0,0.05,0.07,1.44,1.08,380,64,710,253,91,33,137,54,1.02,0.34,7.37,0.41,0.02,2
508,N.Williams,DEF,Nott'm Forest,NFO,3,4.8,128,2,3,2.2,1.7,1.7,2,3203,TRUE,FALSE,100,100,215136,0,0,-2,2,0,3,2,Neco,FALSE,,2026-02-02T00:30:11.039075Z,48,215136.jpg,3.5,FALSE,Williams,4.2,FALSE,NA,a,16,17,693564,0,1285030,0,0.4,26.7,,244,2022-07-11,2001-04-13,FALSE,p215136,9,48,0,0,0,6,1,0,15,531,804.0,572.3,380.0,175.6,151,164,96,247,36,2.01,3.97,5.98,51.36,3,,NA,,NA,,,,32,11,43,5,83,7,36,3,0.06,0,0.11,0.17,1.44,1.35,353,58,208,76,114,43,89,28,1.01,0.25,6.94,2.01,0.06,2
509,David Carmo,DEF,Nott'm Forest,NFO,3,4.5,0,0,0,0.0,0.0,0.0,0,0,TRUE,FALSE,0,0,451432,0,0,0,0,0,0,2,David,FALSE,has joined Real Oviedo on loan for the rest of the season.,2025-09-02T13:08:17.187888Z,45,451432.jpg,0.0,FALSE,Mota Veiga Teixeira do Carmo,0.0,FALSE,NA,u,16,17,427,0,4435,0,0.0,0.0,,6,2024-08-25,1999-07-19,FALSE,p451432,0,0,0,0,0,0,0,0,0,0,0.0,0.0,0.0,0.0,0,0,0,0,0,0.00,0.00,0.00,0.00,NA,,NA,,NA,,,,712,263,708,263,691,263,714,263,0,0,0,0,0,0,437,89,626,247,718,263,689,245,0,0,0,0.00,0,0
510,Jair Cunha,DEF,Nott'm Forest,NFO,3,4.2,13,0,0,1.2,1.7,1.7,2,514,TRUE,FALSE,100,100,575458,0,0,-3,3,0,0,2,Jair,FALSE,,2026-04-25T11:00:08.798557Z,42,575458.jpg,1.4,FALSE,Paula da Cunha Filho,0.1,FALSE,NA,a,16,17,4036,0,9128,0,0.4,3.1,Jair Cunha,30,2025-07-11,2005-03-07,FALSE,p575458,0,7,0,0,0,0,0,0,0,48,98.0,15.2,29.0,14.2,38,13,9,47,6,0.27,0.06,0.33,10.35,NA,,NA,,NA,,,,396,150,422,155,381,132,413,149,0.05,0,0.01,0.06,1.81,1.23,656,152,199,68,431,156,559,199,1.05,0,8.23,0.27,0.05,2
511,Morato,DEF,Nott'm Forest,NFO,3,4.3,53,1,0,3.2,5.0,5.0,4,1340,TRUE,FALSE,NA,NA,485047,0,0,-2,2,0,1,2,Felipe,FALSE,,NA,43,485047.jpg,2.5,FALSE,Rodrigues da Silva,0.1,FALSE,NA,a,16,17,12654,0,14571,0,1.2,12.3,Morato,30,2024-08-30,2001-06-30,FALSE,p485047,2,23,0,0,0,5,0,0,1,190,371.2,37.6,96.0,50.5,114,52,30,144,14,1.32,0.15,1.47,24.34,NA,,NA,,NA,,,,201,85,387,138,292,87,301,97,0.09,0,0.01,0.1,1.63,1.54,601,134,32,15,273,107,478,175,0.94,0.13,9.67,1.32,0.09,2
512,O.Richards,DEF,Nott'm Forest,NFO,3,4.5,0,0,0,0.0,0.0,0.0,0,0,TRUE,FALSE,0,0,204822,0,0,0,0,0,0,2,Omar,FALSE,has joined Rio Ave on loan for the rest of the season.,2025-09-02T12:23:02.662537Z,45,204822.jpg,0.0,FALSE,Richards,0.0,FALSE,NA,u,16,17,345,0,4148,0,0.0,0.0,,241,2022-07-10,1998-02-15,FALSE,p204822,0,0,0,0,0,0,0,0,0,0,0.0,0.0,0.0,0.0,0,0,0,0,0,0.00,0.00,0.00,0.00,NA,,NA,,NA,,,,704,261,699,261,680,260,706,261,0,0,0,0,0,0,420,80,616,244,710,261,699,248,0,0,0,0.00,0,0
513,Abbott,DEF,Nott'm Forest,NFO,3,3.8,3,0,0,0.2,0.0,0.0,0,165,TRUE,FALSE,100,100,549067,0,0,-2,2,0,0,2,Zach,FALSE,,2026-05-04T20:30:09.679391Z,38,549067.jpg,1.0,FALSE,Abbott,0.2,FALSE,NA,a,16,17,30091,0,32960,0,0.0,0.8,,241,2022-08-22,2006-05-13,FALSE,p549067,0,4,0,0,0,0,0,0,0,3,25.4,6.4,0.0,3.2,9,10,4,13,2,0.00,0.01,0.01,3.47,NA,,NA,,NA,,,,457,167,456,164,495,193,477,171,0,0,0.01,0.01,1.89,2.18,826,256,403,152,467,168,360,130,1.09,0,7.09,0.00,0,2
514,Boly,DEF,Nott'm Forest,NFO,3,3.8,0,0,0,0.0,0.0,0.0,0,0,TRUE,FALSE,0,0,90585,0,0,-2,2,0,0,2,Willy,FALSE,Knee injury - Unknown return date,2026-02-12T13:30:09.114918Z,38,90585.jpg,0.0,FALSE,Boly,0.3,FALSE,NA,i,16,17,43827,0,70491,0,0.0,0.0,,54,2022-09-01,1991-02-03,FALSE,p90585,0,0,0,0,0,0,0,0,0,0,0.0,0.0,0.0,0.0,0,0,0,0,0,0.00,0.00,0.00,0.00,NA,,NA,,NA,,,,532,188,513,187,481,182,535,188,0,0,0,0,0,0,803,236,384,136,543,188,314,115,0,0,0,0.00,0,0
515,Gibbs-White,MID,Nott'm Forest,NFO,3,7.6,188,15,4,6.0,5.3,5.3,9,3101,TRUE,FALSE,100,100,222531,0,0,1,-1,0,2,3,Morgan,TRUE,,2026-05-04T20:30:09.700005Z,76,222531.jpg,5.1,FALSE,Gibbs-White,9.2,FALSE,NA,a,16,17,2632310,0,2094293,0,0.7,24.7,,241,2022-08-19,2000-01-27,FALSE,p222531,10,45,0,0,0,1,0,0,18,712,843.8,747.7,836.0,242.5,48,110,20,178,35,10.81,2.91,13.72,49.70,NA,,1,,2,,,,23,7,20,19,9,4,7,5,0.31,0,0.08,0.39,1.44,1.31,20,14,27,10,11,5,42,14,1.02,0.29,5.17,10.81,0.31,2
516,H-Odoi,MID,Nott'm Forest,NFO,3,5.7,88,3,4,0.0,0.0,0.0,0,1838,TRUE,FALSE,0,0,209046,0,0,-3,3,0,1,3,Callum,FALSE,Muscle injury - Expected back 01 Jun,2026-04-17T15:00:07.779445Z,57,209046.jpg,2.9,FALSE,Hudson-Odoi,0.6,FALSE,NA,i,16,17,276638,0,358083,0,0.0,15.4,,241,2023-09-01,2000-11-07,FALSE,p209046,6,26,0,0,0,0,0,0,8,358,366.6,611.7,330.0,130.6,24,68,14,106,21,2.77,3.02,5.79,30.88,NA,,NA,,NA,,,https://www.nottinghamforest.co.uk/news/2026/april/21/update-on-callum-hudson-odoi/?utm_source=premier_league&utm_medium=referral&utm_campaign=fantasy&utm_content=injuries-flag,203,78,35,32,97,57,85,51,0.14,0,0.15,0.29,1.51,1.27,113,71,816,363,210,80,254,90,1.03,0.29,5.19,2.77,0.14,2
517,Anderson,MID,Nott'm Forest,NFO,3,5.7,180,4,5,8.5,8.7,8.7,2,3332,TRUE,FALSE,100,100,215379,0,0,2,-2,0,3,3,Elliot,FALSE,,2026-04-17T22:00:08.137765Z,57,215379.jpg,4.7,FALSE,Anderson,9.4,FALSE,NA,a,16,17,2211347,0,1736050,0,1.5,31.6,,241,2024-07-01,2002-11-06,FALSE,p215379,10,50,0,0,0,8,0,0,16,795,915.2,961.5,310.0,219.0,106,306,103,515,37,2.94,4.79,7.73,53.65,1,,3,,4,,,,11,3,6,6,109,66,13,9,0.08,0,0.13,0.21,1.45,1.35,114,72,2,1,22,10,38,13,1,0.27,13.91,2.94,0.08,2
518,Jota,MID,Nott'm Forest,NFO,3,5.4,1,0,0,0.0,0.0,0.0,0,11,TRUE,FALSE,0,0,510500,0,0,-1,1,0,0,3,João Pedro,FALSE,has joined Besiktas on loan for the rest of the season.,2025-09-12T15:53:40.376767Z,54,510500.jpg,1.0,FALSE,Ferreira da Silva,0.0,FALSE,NA,u,16,17,1029,0,9175,0,0.0,0.2,,173,2024-08-01,1999-08-01,FALSE,p510500,0,0,0,0,0,0,0,0,0,6,5.0,0.5,4.0,1.0,1,0,2,3,0,0.00,0.00,0.00,0.00,NA,,NA,,NA,,,,494,221,494,238,452,222,505,231,0,0,0,0,0,0,172,108,802,353,519,241,627,240,0,0,24.55,0.00,0,0
519,Dominguez,MID,Nott'm Forest,NFO,3,5,48,1,1,1.0,1.3,1.3,1,1168,TRUE,FALSE,100,100,250199,0,0,0,0,0,0,3,Nicolás,FALSE,,2025-12-15T01:30:08.723436Z,50,250199.jpg,1.8,FALSE,Domínguez,0.0,FALSE,NA,a,16,17,5792,0,4707,0,0.3,9.6,,10,2023-09-01,1998-06-28,FALSE,p250199,3,20,0,0,0,3,0,0,3,229,264.8,193.5,138.0,59.7,29,58,56,143,17,1.47,0.77,2.24,23.21,NA,,NA,,NA,,,,270,113,213,141,241,133,269,134,0.11,0,0.06,0.17,1.79,1.54,257,154,240,109,384,165,638,245,1.31,0.23,11.02,1.47,0.11,2
520,O'Brien,MID,Nott'm Forest,NFO,3,5,0,0,0,0.0,0.0,0.0,0,0,TRUE,FALSE,0,0,243345,0,0,0,0,0,0,3,Lewis,FALSE,Has joined Wrexham permanently.,2025-07-25T14:55:12.030109Z,50,243345.jpg,0.0,FALSE,O'Brien,0.0,FALSE,NA,u,16,17,0,0,118,0,0.0,0.0,,241,2022-07-20,1998-10-14,FALSE,p243345,0,0,0,0,0,0,0,0,0,0,0.0,0.0,0.0,0.0,0,0,0,0,0,0.00,0.00,0.00,0.00,NA,,NA,,NA,,,,807,355,806,355,803,354,807,355,0,0,0,0,0,0,255,153,760,323,807,355,832,371,0,0,0,0.00,0,0
521,Sangare,MID,Nott'm Forest,NFO,3,4.9,89,2,2,0.5,1.7,1.7,4,2073,TRUE,FALSE,100,100,210462,0,0,-1,1,0,1,3,Ibrahim,FALSE,,2026-04-25T11:00:08.815293Z,49,210462.jpg,3.2,FALSE,Sangaré,0.1,FALSE,NA,a,16,17,13218,0,15590,0,0.3,18.2,,54,2023-09-01,1997-12-02,FALSE,p210462,8,26,0,0,0,5,0,0,2,366,434.4,205.9,126.0,76.8,95,114,58,267,25,1.16,1.80,2.96,33.17,NA,,NA,,NA,,,,164,60,199,131,256,142,214,101,0.05,0,0.08,0.13,1.44,1.13,303,188,210,97,166,68,558,208,1.09,0.35,11.59,1.16,0.05,2
522,Yates,MID,Nott'm Forest,NFO,3,4.7,30,0,2,1.0,0.3,0.3,1,602,TRUE,FALSE,100,100,204968,0,0,-3,3,0,0,3,Ryan,FALSE,,2025-12-06T20:30:09.569234Z,47,204968.jpg,1.4,FALSE,Yates,0.1,FALSE,NA,a,16,17,11094,0,19969,0,0.1,6.4,,241,2018-08-01,1997-11-21,FALSE,p204968,0,7,0,0,0,3,0,0,0,123,139.0,79.7,55.0,27.2,35,18,16,69,2,0.49,0.37,0.86,8.56,NA,,NA,,NA,,,,359,161,328,178,343,178,376,177,0.07,0,0.06,0.13,1.28,1.05,383,238,352,157,433,188,545,201,0.3,0,10.32,0.49,0.07,2
523,Da Silva Moreira,MID,Nott'm Forest,NFO,3,4.5,0,0,0,0.0,0.0,0.0,0,0,TRUE,FALSE,100,100,569014,0,0,0,0,0,0,3,Eric,FALSE,,2025-09-02T12:23:02.683095Z,45,569014.jpg,0.0,FALSE,da Silva Moreira,0.1,FALSE,NA,a,16,17,3297,0,17285,0,0.0,0.0,,80,2024-07-01,2006-05-03,FALSE,p569014,0,0,0,0,0,0,0,0,0,0,0.0,0.0,0.0,0.0,0,0,0,0,0,0.00,0.00,0.00,0.00,NA,,NA,,NA,,,,741,304,735,304,721,300,742,305,0,0,0,0,0,0,475,289,658,251,744,306,565,210,0,0,0,0.00,0,0
524,Stamenic,MID,Nott'm Forest,NFO,3,4.5,0,0,0,0.0,0.0,0.0,0,0,TRUE,FALSE,0,0,495161,0,0,0,0,0,0,3,Marko,FALSE,Has joined Swansea City permanently.,2025-08-20T13:32:34.645399Z,45,495161.jpg,0.0,FALSE,Stamenić,0.0,FALSE,NA,u,16,17,245,0,5744,0,0.0,0.0,,154,2024-06-27,2002-02-19,FALSE,p495161,0,0,0,0,0,0,0,0,0,0,0.0,0.0,0.0,0.0,0,0,0,0,0,0.00,0.00,0.00,0.00,NA,,NA,,NA,,,,721,286,716,287,699,281,722,287,0,0,0,0,0,0,450,269,635,232,726,290,708,288,0,0,0,0.00,0,0
525,Wood,FWD,Nott'm Forest,NFO,3,7.1,41,3,0,2.8,1.7,1.7,2,896,TRUE,FALSE,100,100,60689,0,0,-4,4,0,1,4,Chris,FALSE,,2026-04-17T15:00:07.788346Z,71,60689.jpg,2.7,FALSE,Wood,4.7,FALSE,NA,a,16,17,2172956,0,3411956,0,0.2,5.8,,154,2023-07-01,1991-12-07,FALSE,p60689,2,14,0,0,0,0,0,0,4,145,139.0,88.4,266.0,48.0,14,14,1,29,11,4.29,0.32,4.61,14.44,NA,,NA,,1,,,,361,40,308,35,133,35,311,37,0.43,0,0.03,0.46,1.45,1.41,33,13,221,27,251,27,83,15,1.1,0.2,2.91,4.29,0.43,2
526,Igor Jesus,FWD,Nott'm Forest,NFO,3,5.9,114,6,6,5.5,1.7,1.7,2,2293,TRUE,FALSE,100,100,482973,0,0,-1,1,0,1,4,Igor Jesus,FALSE,,2026-01-23T16:00:07.578702Z,59,482973.jpg,3.1,FALSE,Maciel da Cruz,2.4,FALSE,NA,a,16,17,705744,0,523077,0,0.3,19.3,Igor Jesus,30,2025-07-05,2001-02-25,FALSE,p482973,9,37,0,0,0,2,0,0,13,407,420.6,240.7,726.0,136.4,38,61,24,123,28,6.48,1.26,7.74,38.77,NA,,NA,,3,,,,173,18,171,16,25,15,79,16,0.25,0,0.05,0.3,1.52,1.45,98,27,215,22,185,20,129,20,1.1,0.35,4.83,6.48,0.25,2
527,Awoniyi,FWD,Nott'm Forest,NFO,3,5.2,43,4,2,5.8,1.0,1.0,0,480,TRUE,FALSE,100,100,210156,0,0,-3,3,0,1,4,Taiwo,FALSE,,2025-11-20T17:00:08.462155Z,52,210156.jpg,2.5,FALSE,Awoniyi,0.4,FALSE,NA,a,16,17,53287,0,100401,0,0.2,8.3,,157,2022-06-25,1997-08-12,FALSE,p210156,1,4,0,0,0,2,0,0,4,170,177.2,79.0,235.0,48.4,6,18,2,26,3,3.68,0.77,4.45,10.35,NA,,NA,,NA,,,,325,32,329,41,151,39,308,36,0.69,0,0.14,0.83,1.94,0.75,207,46,272,34,275,29,296,47,0.56,0.19,4.88,3.68,0.69,2
669,Ndoye,MID,Nott'm Forest,NFO,3,5.5,50,1,2,0.0,0.0,0.0,0,1167,TRUE,FALSE,100,75,456512,0,0,-5,5,0,0,3,Dan,FALSE,,2026-05-01T15:00:10.570574Z,55,456512.jpg,2.1,FALSE,Ndoye,0.7,FALSE,NA,a,16,17,545768,0,577065,0,0.0,9.1,,207,2025-07-31,2000-10-25,FALSE,p456512,2,17,0,0,0,1,0,0,4,178,166.4,217.7,180.0,56.6,24,50,22,96,14,1.05,1.51,2.56,15.96,4,,NA,,NA,,,,334,149,185,122,210,111,280,142,0.08,0,0.12,0.2,1.23,1.31,143,90,810,361,337,144,240,83,1.08,0.15,7.4,1.05,0.08,2
675,Gunn,GKP,Nott'm Forest,NFO,3,4,1,0,0,0.0,0.0,0.0,0,45,TRUE,FALSE,100,100,107265,0,0,0,0,0,0,1,Angus,FALSE,,2025-10-31T00:00:09.154875Z,40,107265.jpg,1.0,FALSE,Gunn,1.1,FALSE,NA,a,16,17,31459,0,105455,0,0.0,0.2,,243,2025-08-06,1996-01-22,FALSE,p107265,0,0,0,0,0,0,0,0,0,4,1.2,0.0,0.0,0.1,1,4,0,0,0,0.00,0.00,0.00,0.21,NA,,NA,,NA,,,,517,40,571,54,540,39,526,40,0,0,0,0,0.42,0,677,43,448,58,469,40,189,22,0,0,0,0.00,0,0
693,Hutchinson,MID,Nott'm Forest,NFO,3,5.4,82,1,7,1.8,2.7,2.7,5,1676,TRUE,FALSE,NA,NA,503301,0,0,-1,1,0,0,3,Omari,FALSE,,NA,54,503301.jpg,2.6,FALSE,Hutchinson,0.1,FALSE,NA,a,16,17,35116,0,30653,0,0.5,15.2,,241,2025-08-16,2003-10-30,FALSE,p503301,6,24,0,0,0,1,0,0,3,329,333.6,527.1,356.0,121.6,20,87,22,129,17,2.01,3.87,5.88,24.42,2,,NA,,NA,,,,222,92,53,46,87,52,96,56,0.11,0,0.21,0.32,1.31,1.29,171,107,144,64,267,109,537,198,0.91,0.32,6.93,2.01,0.11,2
696,Kalimuendo,FWD,Nott'm Forest,NFO,3,6,9,0,0,0.0,0.0,0.0,0,89,TRUE,FALSE,0,0,465680,0,0,0,0,0,0,4,Arnaud,FALSE,has joined Eintracht Frankfurt on loan for the rest of the season.,2026-01-08T10:36:01.900811Z,60,465680.jpg,1.0,FALSE,Kalimuendo,0.1,FALSE,NA,u,16,17,15291,0,18611,0,0.0,1.5,,73,2025-08-18,2002-01-20,FALSE,p465680,0,3,0,0,0,0,0,0,0,24,6.8,17.7,39.0,6.3,1,4,1,6,0,0.44,0.02,0.46,1.57,NA,,NA,,NA,,,,490,56,420,54,364,57,457,56,0.44,0,0.02,0.46,1.59,3.03,86,25,822,89,521,64,459,64,0,0,6.07,0.44,0.44,0
715,John,GKP,Nott'm Forest,NFO,3,4,11,0,0,0.0,0.0,0.0,0,437,TRUE,FALSE,100,100,221389,0,0,0,0,0,0,1,John Victor,FALSE,,2026-01-04T21:30:13.580158Z,40,221389.jpg,2.2,FALSE,Maciel Furtado,0.3,FALSE,NA,a,16,17,66562,0,53208,0,0.0,2.8,John Victor,30,2025-08-31,1996-02-13,FALSE,p221389,1,8,0,0,0,1,0,6,0,32,56.4,0.0,0.0,5.7,4,26,0,0,5,0.00,0.00,0.00,6.13,NA,,NA,,NA,,,,427,36,577,57,546,42,460,36,0,1.24,0,0,1.26,1.65,687,46,455,60,314,31,341,47,1.03,0.21,0,0.00,0,0
716,Savona,DEF,Nott'm Forest,NFO,3,4.5,39,2,0,0.0,0.0,0.0,0,1025,TRUE,FALSE,0,0,500151,0,0,0,0,0,1,2,Nicolò,FALSE,Knee injury - Unknown return date,2026-01-29T23:00:10.460624Z,45,500151.jpg,2.8,FALSE,Savona,0.0,FALSE,NA,i,16,17,46825,0,45028,0,0.0,8.7,,106,2025-08-30,2003-03-19,FALSE,p500151,3,18,0,0,0,2,0,0,0,131,216.6,123.2,94.0,43.5,37,27,20,57,11,1.34,0.45,1.79,15.04,NA,,NA,,NA,,,https://www.nottinghamforest.co.uk/videos/7bd0fd3a-4ec6-45d0-a057-3122290cb79e?utm_source=premier_league&utm_medium=referral&utm_campaign=fantasy&utm_content=injuries-flag,297,118,280,81,295,89,328,112,0.12,0,0.04,0.16,1.32,1.58,452,93,637,248,219,87,589,210,0.97,0.26,5,1.34,0.12,2
729,Cuiabano,DEF,Nott'm Forest,NFO,3,4.5,0,0,0,0.0,0.0,0.0,0,0,TRUE,FALSE,0,0,560441,0,0,0,0,0,0,2,Luis Eduardo,FALSE,has joined Vasco de Gama on loan for the rest of the season.,2026-02-08T15:58:23.390743Z,45,560441.jpg,0.0,FALSE,Soares da Silva,0.0,FALSE,NA,u,16,17,94,0,122,0,0.0,0.0,,30,2025-09-01,2003-02-16,FALSE,p560441,0,0,0,0,0,0,0,0,0,0,0.0,0.0,0.0,0.0,0,0,0,0,0,0.00,0.00,0.00,0.00,NA,,NA,,NA,,,,739,264,733,264,718,264,740,264,0,0,0,0,0,0,472,95,656,250,742,264,830,270,0,0,0,0.00,0,0
734,Bakwa,MID,Nott'm Forest,NFO,3,5.9,26,0,2,2.8,1.3,1.3,0,549,TRUE,FALSE,100,100,476887,0,0,-1,1,0,0,3,Dilane,FALSE,,2025-10-24T09:00:08.676633Z,59,476887.jpg,1.9,FALSE,Bakwa,0.0,FALSE,NA,a,16,17,5785,0,4869,0,0.2,4.4,,73,2025-09-01,2002-08-26,FALSE,p476887,2,10,0,0,0,1,0,0,1,100,86.4,178.8,95.0,35.6,3,28,4,35,6,0.54,1.01,1.55,10.94,NA,,NA,,NA,,,,402,176,226,148,294,155,350,168,0.09,0,0.17,0.26,1.79,1.64,97,64,247,114,370,159,663,263,0.98,0.33,5.74,0.54,0.09,2
805,Lucca,FWD,Nott'm Forest,NFO,3,5.3,9,1,0,0.2,0.3,0.3,0,126,TRUE,FALSE,NA,NA,469130,0,0,-2,2,0,0,4,Lorenzo,FALSE,,NA,53,469130.jpg,2.2,FALSE,Lucca,0.0,FALSE,NA,a,16,17,6389,0,4938,0,0.1,1.7,,106,2026-01-24,2000-09-10,FALSE,p469130,1,1,0,0,0,0,0,0,0,33,37.2,13.0,39.0,8.5,4,3,0,7,1,0.79,0.01,0.80,1.89,NA,,NA,,NA,,,,442,51,430,55,363,56,443,55,0.56,0,0.01,0.57,1.35,0.71,194,45,368,48,326,35,717,90,0.71,0.71,5,0.79,0.56,0
814,Netz,DEF,Nott'm Forest,NFO,3,4.5,11,0,0,2.0,1.3,1.3,1,353,TRUE,FALSE,NA,NA,470315,0,0,0,0,0,0,2,Luca,FALSE,,NA,45,470315.jpg,1.6,FALSE,Netz,0.0,FALSE,NA,a,16,17,960,0,485,0,0.3,2.4,,80,2026-02-02,2003-05-15,FALSE,p470315,0,5,0,0,0,0,0,0,0,33,63.4,30.1,10.0,10.4,15,15,12,27,3,0.00,0.41,0.41,7.87,NA,,NA,,NA,,,,423,158,398,144,427,160,431,157,0,0,0.1,0.1,2.01,1.27,443,90,229,83,412,151,758,259,0.76,0,6.88,0.00,0,2
835,Whitehall,MID,Nott'm Forest,NFO,3,4.5,0,0,0,0.0,0.0,0.0,0,0,TRUE,FALSE,NA,NA,568159,0,0,0,0,0,0,3,Archie,FALSE,,NA,45,568159.jpg,0.0,FALSE,Whitehall,0.0,FALSE,NA,a,16,17,80,0,29,0,0.0,0.0,,241,2025-08-01,2006-05-21,FALSE,p568159,0,0,0,0,0,0,0,0,0,0,0.0,0.0,0.0,0.0,0,0,0,0,0,0.00,0.00,0.00,0.00,NA,,NA,,NA,,,,740,303,734,303,720,299,741,304,0,0,0,0,0,0,474,288,657,250,743,305,836,375,0,0,0,0.00,0,0
836,Sinclair,MID,Nott'm Forest,NFO,3,4.5,0,0,0,0.0,0.0,0.0,0,0,TRUE,FALSE,NA,NA,590040,0,0,0,0,0,0,3,Jimmy,FALSE,,NA,45,590040.jpg,0.0,FALSE,Sinclair,0.0,FALSE,NA,a,16,17,64,0,21,0,0.0,0.0,,241,2025-08-01,2006-08-11,FALSE,p590040,0,0,0,0,0,0,0,0,0,0,0.0,0.0,0.0,0.0,0,0,0,0,0,0.00,0.00,0.00,0.00,NA,,NA,,NA,,,,756,317,749,316,736,313,756,317,0,0,0,0,0,0,493,304,674,265,758,318,837,376,0,0,0,0.00,0,0
841,Sillah,FWD,Nott'm Forest,NFO,3,4.5,0,0,0,NA,1.3,0.0,0,0,TRUE,FALSE,NA,NA,687076,0,0,0,0,0,0,4,Lamin,FALSE,,NA,45,687076.jpg,0.0,FALSE,Sillah,0.0,FALSE,NA,a,16,17,0,0,0,0,0.0,0.0,,78,2026-05-23,2006-06-06,FALSE,p687076,0,0,0,0,0,0,0,0,0,0,0.0,0.0,0.0,0.0,0,0,0,0,0,0.00,0.00,0.00,0.00,NA,,NA,,NA,,,,782,87,776,86,764,86,782,87,0,0,0,0,0,0,527,77,703,75,782,87,841,95,0,0,0,0.00,0,0
528,Patterson,GKP,Sunderland,SUN,3,4.2,0,0,0,0.0,0.0,0.0,0,0,TRUE,FALSE,0,0,232571,0,0,-3,3,0,0,1,Anthony,FALSE,has joined Millwall on loan for the rest of the season.,2026-02-02T13:42:27.821481Z,42,232571.jpg,0.0,FALSE,Patterson,0.1,FALSE,NA,u,17,56,10565,0,35538,0,0.0,0.0,,241,2018-10-09,2000-05-10,FALSE,p232571,0,0,0,0,0,0,0,0,0,0,0.0,0.0,0.0,0.0,0,0,0,0,0,0.00,0.00,0.00,0.00,NA,,NA,,NA,,,,650,93,644,85,618,72,653,93,0,0,0,0,0,0,644,33,532,87,660,93,425,61,0,0,0,0.00,0,0
529,Moore,GKP,Sunderland,SUN,3,3.9,0,0,0,0.0,0.0,0.0,0,0,TRUE,FALSE,100,100,74854,0,0,-1,1,0,0,1,Simon,FALSE,,2026-04-10T14:00:09.100432Z,39,74854.jpg,0.0,FALSE,Moore,0.3,FALSE,NA,a,17,56,19649,0,38714,0,0.0,0.0,,241,2024-07-01,1990-05-19,FALSE,p74854,0,0,0,0,0,0,0,0,0,0,0.0,0.0,0.0,0.0,0,0,0,0,0,0.00,0.00,0.00,0.00,NA,,NA,,NA,,,,550,46,532,26,501,11,553,46,0,0,0,0,0,0,760,70,409,33,561,46,312,41,0,0,0,0.00,0,0
530,Nna Noukeu,GKP,Sunderland,SUN,3,3.9,0,0,0,0.0,0.0,0.0,0,0,TRUE,FALSE,0,0,490000,0,0,-1,1,0,0,1,Blondy,FALSE,has joined US Boulogne CO permanently.,2026-01-19T15:39:01.997919Z,39,490000.jpg,0.0,FALSE,Nna Noukeu,0.1,FALSE,NA,u,17,56,7473,0,14415,0,0.0,0.0,,38,2024-08-02,2001-05-31,FALSE,p490000,0,0,0,0,0,0,0,0,0,0,0.0,0.0,0.0,0.0,0,0,0,0,0,0.00,0.00,0.00,0.00,NA,,NA,,NA,,,,566,59,552,43,521,28,569,59,0,0,0,0,0,0,785,87,428,48,577,59,489,70,0,0,0,0.00,0,0
531,Ballard,DEF,Sunderland,SUN,3,4.6,116,2,2,0.0,0.0,0.0,0,2144,TRUE,FALSE,100,0,223827,0,0,1,-1,0,2,2,Daniel,FALSE,,2026-05-02T17:00:09.308083Z,46,223827.jpg,4.0,FALSE,Ballard,2.4,FALSE,NA,a,17,56,1281765,0,1235665,0,0.0,25.2,,242,2022-07-01,1999-09-22,FALSE,p223827,6,35,0,0,0,4,1,0,9,340,662.8,181.2,370.0,121.5,231,69,33,264,24,2.46,0.63,3.09,33.20,NA,,NA,,NA,,,,62,27,225,57,85,8,97,24,0.1,0,0.03,0.13,1.39,1.47,400,69,705,251,57,20,123,47,1.01,0.25,11.08,2.46,0.1,2
532,Hume,DEF,Sunderland,SUN,3,4.5,110,2,1,1.8,5.0,5.0,8,3032,TRUE,FALSE,NA,NA,487676,0,0,0,0,0,1,2,Trai,FALSE,,NA,45,487676.jpg,2.9,FALSE,Hume,0.3,FALSE,NA,a,17,56,89257,0,82911,0,1.1,24.4,,242,2022-01-04,2002-03-18,FALSE,p487676,9,42,1,0,0,9,0,0,6,383,547.8,421.3,248.0,120.9,135,102,68,203,34,2.27,2.05,4.32,47.27,2,,NA,,NA,,,,106,50,80,19,140,27,99,25,0.07,0,0.06,0.13,1.4,1.25,445,91,34,17,206,82,313,114,1.01,0.27,6.03,2.27,0.07,2
533,Alese,DEF,Sunderland,SUN,3,4,0,0,0,0.0,0.0,0.0,0,0,TRUE,FALSE,0,0,220684,0,0,0,0,0,0,2,Aji,FALSE,has joined Portsmouth on loan for the rest of the season.,2025-07-21T10:00:05.007315Z,40,220684.jpg,0.0,FALSE,Alese,0.0,FALSE,NA,u,17,56,611,0,878,0,0.0,0.0,,241,2022-07-15,2001-01-17,FALSE,p220684,0,0,0,0,0,0,0,0,0,0,0.0,0.0,0.0,0.0,0,0,0,0,0,0.00,0.00,0.00,0.00,NA,,NA,,NA,,,,586,215,576,214,545,210,589,215,0,0,0,0,0,0,686,168,454,174,597,215,804,266,0,0,0,0.00,0,0
534,Anderson,DEF,Sunderland,SUN,3,3.8,0,0,0,0.0,0.0,0.0,0,0,TRUE,FALSE,0,0,232820,0,0,-2,2,0,0,2,Joe,FALSE,has joined Barrow FC permanently.,2026-01-19T15:39:02.016630Z,38,232820.jpg,0.0,FALSE,Anderson,0.3,FALSE,NA,u,17,56,39413,0,67642,0,0.0,0.0,,241,2023-01-31,2001-02-06,FALSE,p232820,0,0,0,0,0,0,0,0,0,0,0.0,0.0,0.0,0.0,0,0,0,0,0,0.00,0.00,0.00,0.00,NA,,NA,,NA,,,,534,189,515,188,483,183,537,189,0,0,0,0,0,0,806,238,387,138,545,189,331,121,0,0,0,0.00,0,0
535,Cirkin,DEF,Sunderland,SUN,3,4,14,0,0,0.0,0.0,0.0,0,319,TRUE,FALSE,100,100,461195,0,0,0,0,0,0,2,Dennis,FALSE,,2026-02-23T01:30:11.067246Z,40,461195.jpg,1.8,FALSE,Cirkin,0.0,FALSE,NA,a,17,56,8094,0,7897,0,0.0,3.5,,118,2021-08-11,2002-04-06,FALSE,p461195,1,2,0,0,0,2,0,0,0,43,59.2,9.7,10.0,7.5,20,8,8,28,3,0.08,0.02,0.09,6.49,NA,,NA,,NA,,,,425,159,448,160,425,158,450,162,0.02,0,0.01,0.03,1.83,0.56,697,173,465,179,374,137,590,211,0.85,0.28,7.9,0.08,0.02,2
536,Hjelde,DEF,Sunderland,SUN,3,4,0,0,0,0.0,0.0,0.0,0,0,TRUE,FALSE,0,0,477547,0,0,0,0,0,0,2,Leo Fuhr,FALSE,has joined Sheffield United on loan for the rest of the season.,2026-02-02T23:16:50.069434Z,40,477547.jpg,0.0,FALSE,Hjelde,0.0,FALSE,NA,u,17,56,1255,0,1589,0,0.0,0.0,,161,2024-01-30,2003-08-26,FALSE,p477547,0,0,0,0,0,0,0,0,0,0,0.0,0.0,0.0,0.0,0,0,0,0,0,0.00,0.00,0.00,0.00,NA,,NA,,NA,,,,602,221,593,220,562,216,605,221,0,0,0,0,0,0,705,176,472,181,613,221,735,253,0,0,0,0.00,0,0
537,Huggins,DEF,Sunderland,SUN,3,4,0,0,0,0.0,0.0,0.0,0,0,TRUE,FALSE,0,0,492066,0,0,0,0,0,0,2,Niall,FALSE,has joined Wycombe Wanderers on loan for the rest of the season.,2025-09-02T13:34:00.250364Z,40,492066.jpg,0.0,FALSE,Huggins,0.1,FALSE,NA,u,17,56,1038,0,16354,0,0.0,0.0,,244,2021-08-20,2000-12-18,FALSE,p492066,0,0,0,0,0,0,0,0,0,0,0.0,0.0,0.0,0.0,0,0,0,0,0,0.00,0.00,0.00,0.00,NA,,NA,,NA,,,,605,222,596,221,565,217,608,222,0,0,0,0,0,0,708,177,475,182,616,222,550,196,0,0,0,0.00,0,0
538,Johnson,DEF,Sunderland,SUN,3,3.8,0,0,0,0.0,0.0,0.0,0,0,TRUE,FALSE,0,0,514613,0,0,-2,2,0,0,2,Zak,FALSE,has joined York City on loan for the rest of the season.,2026-01-15T12:51:52.939823Z,38,514613.jpg,0.0,FALSE,Johnson,0.2,FALSE,NA,u,17,56,23261,0,34754,0,0.0,0.0,,241,2021-10-12,2004-07-30,FALSE,p514613,0,0,0,0,0,0,0,0,0,0,0.0,0.0,0.0,0.0,0,0,0,0,0,0.00,0.00,0.00,0.00,NA,,NA,,NA,,,,541,195,523,194,491,189,544,195,0,0,0,0,0,0,820,250,398,147,552,195,391,143,0,0,0,0.00,0,0
539,O'Nien,DEF,Sunderland,SUN,3,4,26,0,1,1.0,3.3,3.3,6,565,TRUE,FALSE,100,100,167512,0,0,0,0,0,0,2,Luke,FALSE,,2025-12-06T20:30:09.638471Z,40,167512.jpg,2.2,FALSE,O'Nien,0.1,FALSE,NA,a,17,56,12369,0,10074,0,0.8,6.5,,241,2018-07-30,1994-11-21,FALSE,p167512,2,7,0,0,0,1,1,0,1,90,103.0,27.6,40.0,17.1,37,10,6,43,5,0.15,0.13,0.28,9.24,NA,,NA,,NA,,,,387,143,401,145,358,120,406,145,0.02,0,0.02,0.04,1.47,1.12,682,164,98,29,313,119,507,181,0.8,0.32,6.85,0.15,0.02,2
540,Pembele,DEF,Sunderland,SUN,3,3.9,0,0,0,0.0,0.0,0.0,0,0,TRUE,FALSE,0,0,465702,0,0,-1,1,0,0,2,Timothée,FALSE,has joined Le Havre AC on loan for the rest of the season.,2026-01-07T10:24:08.787432Z,39,465702.jpg,0.0,FALSE,Pembélé,0.3,FALSE,NA,u,17,56,47547,0,49617,0,0.0,0.0,,73,2023-09-01,2002-09-09,FALSE,p465702,0,0,0,0,0,0,0,0,0,0,0.0,0.0,0.0,0.0,0,0,0,0,0,0.00,0.00,0.00,0.00,NA,,NA,,NA,,,,563,204,548,203,517,199,566,204,0,0,0,0,0,0,781,224,425,159,574,204,345,123,0,0,0,0.00,0,0
541,Reinildo,DEF,Sunderland,SUN,3,3.8,74,0,2,3.2,4.0,4.0,2,1966,TRUE,FALSE,100,100,434399,0,0,-2,2,0,2,2,Reinildo,FALSE,,2026-02-20T16:00:09.473685Z,38,434399.jpg,3.0,FALSE,Mandava,3.0,FALSE,NA,a,17,56,677194,0,1104738,0,1.1,19.5,Reinildo Mandava,146,2025-07-08,1994-01-21,FALSE,p434399,6,27,0,0,0,7,1,0,6,281,376.4,130.2,39.0,54.7,125,90,39,164,23,0.13,0.62,0.75,26.72,NA,,NA,,NA,,,,195,81,272,76,359,121,287,91,0.01,0,0.03,0.04,1.22,1.24,809,241,63,24,188,73,109,39,1.05,0.27,7.51,0.13,0.01,2
542,Seelt,DEF,Sunderland,SUN,3,4,2,0,0,0.0,0.0,0.0,0,133,TRUE,FALSE,0,0,519634,0,0,0,0,0,0,2,Jenson,FALSE,has joined Wolfsburg on loan for the rest of the season.,2025-09-02T13:40:22.421351Z,40,519634.jpg,1.0,FALSE,Seelt,0.1,FALSE,NA,u,17,56,3016,0,25497,0,0.0,0.5,,152,2023-07-01,2003-05-23,FALSE,p519634,0,2,0,0,0,0,0,0,0,11,33.6,2.4,0.0,3.6,8,6,4,12,1,0.00,0.01,0.01,1.33,NA,,NA,,NA,,,,447,165,475,172,579,225,474,169,0,0,0.01,0.01,0.9,1.35,726,188,491,191,471,171,517,186,0.68,0,8.12,0.00,0,2
543,Adingra,MID,Sunderland,SUN,3,4.9,34,1,1,0.0,0.0,0.0,0,649,TRUE,FALSE,0,0,535818,0,0,-6,6,0,0,3,Simon,FALSE,has joined AS Monaco on loan for the rest of the season.,2026-02-02T23:16:50.111189Z,49,535818.jpg,2.4,FALSE,Adingra,0.3,FALSE,NA,u,17,56,90681,0,232205,0,0.0,6.9,,54,2025-07-10,2002-01-01,FALSE,p535818,4,8,0,0,0,2,0,0,3,81,81.4,116.8,75.0,27.0,13,21,11,45,9,0.35,0.62,0.97,11.30,NA,,NA,,NA,,,,405,178,282,168,316,165,379,178,0.05,0,0.09,0.14,1.57,1.11,334,206,750,316,294,121,307,106,1.25,0.55,6.24,0.35,0.05,2
544,Diarra,MID,Sunderland,SUN,3,5.3,65,2,6,1.5,1.3,1.3,0,1403,TRUE,FALSE,100,100,547027,0,0,-2,2,0,1,3,Habib,FALSE,,2025-12-20T23:30:08.955091Z,53,547027.jpg,3.2,FALSE,Diarra,0.1,FALSE,NA,a,17,56,32269,0,34239,0,0.2,12.3,,189,2025-07-01,2004-01-03,FALSE,p547027,5,19,0,0,0,6,0,0,3,209,166.2,153.8,234.0,53.9,17,48,14,79,15,3.27,0.85,4.12,21.52,NA,,NA,,1,,,,335,150,247,157,152,82,289,148,0.21,0,0.05,0.26,1.38,1.22,200,124,244,112,171,69,471,163,0.96,0.32,5.07,3.27,0.21,2
545,Roberts,MID,Sunderland,SUN,3,5.4,1,0,0,0.0,0.0,0.0,0,27,TRUE,FALSE,0,0,124165,0,0,-1,1,0,0,3,Patrick,FALSE,has joined Birmingham City permanently.,2025-09-02T13:33:32.438579Z,54,124165.jpg,1.0,FALSE,Roberts,0.0,FALSE,NA,u,17,56,462,0,4093,0,0.0,0.2,,241,2022-01-21,1997-02-05,FALSE,p124165,0,1,0,0,0,0,0,0,0,4,1.8,7.3,5.0,1.4,0,1,0,1,0,0.03,0.02,0.05,0.66,NA,,NA,,NA,,,,514,234,453,217,444,215,500,229,0.1,0,0.07,0.17,2.2,3.33,153,95,793,347,518,240,738,309,0,0,3.33,0.03,0.1,0
546,Aleksic,MID,Sunderland,SUN,3,4.9,0,0,0,0.0,0.0,0.0,0,0,TRUE,FALSE,100,100,626844,0,0,-1,1,0,0,3,Milan,FALSE,,2025-09-08T09:11:30.805435Z,49,626844.jpg,0.0,FALSE,Aleksić,0.0,FALSE,NA,a,17,56,639,0,3608,0,0.0,0.0,,190,2024-08-30,2005-08-30,FALSE,p626844,0,0,0,0,0,0,0,0,0,0,0.0,0.0,0.0,0.0,0,0,0,0,0,0.00,0.00,0.00,0.00,NA,,NA,,NA,,,,803,352,799,352,796,351,803,352,0,0,0,0,0,0,340,212,753,319,803,352,702,283,0,0,0,0.00,0,0
547,E.Le Fee,MID,Sunderland,SUN,3,4.8,147,5,6,5.5,7.0,7.0,5,2930,TRUE,FALSE,100,100,484420,0,0,-2,2,0,3,3,Enzo,FALSE,,2026-03-14T22:00:10.393282Z,48,484420.jpg,4.1,FALSE,Le Fée,1.6,FALSE,NA,a,17,56,549368,0,389625,0,1.5,30.6,,73,2025-07-01,2000-02-03,FALSE,p484420,10,43,0,0,1,5,0,0,16,621,725.8,816.4,324.0,186.9,77,153,89,319,33,5.22,5.95,11.17,46.50,3,,2,,2,,,,46,12,16,15,101,60,31,24,0.16,0,0.18,0.34,1.43,1.32,366,228,5,4,50,23,159,53,1.01,0.31,9.8,5.22,0.16,2
548,Mundle,MID,Sunderland,SUN,3,4.9,14,0,0,0.0,0.0,0.0,0,399,TRUE,FALSE,0,0,461199,0,0,-1,1,0,0,3,Romaine,FALSE,Hamstring injury - Expected back 01 Jun,2026-02-23T01:30:11.163434Z,49,461199.jpg,1.0,FALSE,Mundle,0.0,FALSE,NA,i,17,56,1207,0,1749,0,0.0,2.9,,241,2024-02-01,2003-04-24,FALSE,p461199,0,11,0,0,0,1,0,0,0,42,29.4,33.6,69.0,12.7,6,22,5,33,2,0.87,0.48,1.35,8.54,NA,,NA,,NA,,,https://www.safc.com/news/2026/february/26/le-bris-provides-squad-fitness-update-ahead-of-bournemouth-fixture/?utm_source=premier_league&utm_medium=referral&utm_campaign=fantasy&utm_content=injuries-flag,452,200,390,197,327,168,421,190,0.2,0,0.11,0.31,1.93,2.48,324,200,745,313,509,232,759,322,0.45,0,7.44,0.87,0.2,2
549,Neil,MID,Sunderland,SUN,3,4.8,3,0,0,0.0,0.0,0.0,0,13,TRUE,FALSE,0,0,223336,0,0,-2,2,0,0,3,Dan,FALSE,has joined Ipswich Town on loan for the rest of the season.,2026-01-27T16:48:20.506094Z,48,223336.jpg,1.0,FALSE,Neil,0.0,FALSE,NA,u,17,56,1972,0,4761,0,0.0,0.6,,241,2018-11-01,2001-12-13,FALSE,p223336,0,0,0,0,0,0,0,0,0,10,3.0,1.4,0.0,0.4,2,0,0,2,0,0.00,0.00,0.00,0.64,NA,,NA,,NA,,,,506,231,487,235,778,339,517,235,0,0,0,0,4.43,0,356,221,721,297,505,230,661,262,0,0,13.85,0.00,0,0
550,Poveda,MID,Sunderland,SUN,3,4.7,0,0,0,0.0,0.0,0.0,0,0,TRUE,FALSE,NA,NA,215460,0,0,-3,3,0,0,3,Ian,FALSE,,NA,47,215460.jpg,0.0,FALSE,Poveda-Ocampo,0.0,FALSE,NA,a,17,56,1296,0,2954,0,0.0,0.0,,48,2024-07-24,2000-02-09,FALSE,p215460,0,0,0,0,0,0,0,0,0,0,0.0,0.0,0.0,0.0,0,0,0,0,0,0.00,0.00,0.00,0.00,NA,,NA,,NA,,,,785,339,781,339,772,337,785,339,0,0,0,0,0,0,384,239,712,291,785,339,666,265,0,0,0,0.00,0,0
551,Rigg,MID,Sunderland,SUN,3,4.7,36,1,1,1.2,1.7,1.7,1,758,TRUE,FALSE,NA,NA,554197,0,0,-3,3,0,0,3,Chris,FALSE,,NA,47,554197.jpg,2.0,FALSE,Rigg,0.1,FALSE,NA,a,17,56,11031,0,12270,0,0.4,7.7,,241,2022-12-31,2007-06-18,FALSE,p554197,3,11,0,0,0,1,0,0,1,136,114.6,142.8,103.0,36.0,15,29,13,57,11,0.86,0.93,1.79,12.46,NA,,NA,,NA,,,,382,171,257,161,283,151,348,166,0.1,0,0.11,0.21,1.48,1.31,392,244,207,95,350,149,556,207,1.31,0.36,6.77,0.86,0.1,2
552,Sadiki,MID,Sunderland,SUN,3,4.9,80,0,2,2.8,2.7,2.7,1,2891,TRUE,FALSE,100,100,577669,0,0,-1,1,0,0,3,Noah,FALSE,,2025-12-13T14:30:11.905086Z,49,577669.jpg,2.4,FALSE,Sadiki,0.1,FALSE,NA,a,17,56,13752,0,14212,0,0.6,16.3,,50,2025-07-04,2004-12-17,FALSE,p577669,9,42,0,0,0,9,0,0,0,410,347.6,333.3,162.0,84.6,89,113,46,248,33,1.43,1.46,2.89,41.39,NA,,NA,,NA,,,,213,85,122,85,225,122,189,91,0.04,0,0.05,0.09,1.29,1.31,337,209,140,61,295,122,555,206,1.03,0.28,7.72,1.43,0.04,2
553,Talbi,MID,Sunderland,SUN,3,4.9,83,4,2,0.0,0.0,1.3,0,1553,TRUE,FALSE,0,0,549912,0,0,-1,1,0,0,3,Chemsdine,FALSE,Muscle injury - Expected back 01 Jun,2026-05-22T18:00:09.668006Z,49,549912.jpg,3.0,FALSE,Talbi,0.2,FALSE,NA,i,17,56,64558,0,75082,0,0.3,16.9,,145,2025-07-09,2005-05-09,FALSE,p549912,7,14,0,0,0,0,0,0,6,248,238.8,211.5,245.0,69.1,20,61,11,92,16,2.13,1.18,3.30,22.26,NA,,NA,,NA,,,https://www.safc.com/news/2026/may/22/le-bris-delivers-injury-update-on-alderete-and-talbi/?utm_source=premier_league&utm_medium=referral&utm_campaign=fantasy&utm_content=injuries-flag,284,119,194,128,141,77,240,116,0.12,0,0.07,0.19,1.29,0.81,335,207,237,108,198,77,416,143,0.93,0.41,5.33,2.13,0.12,2
554,Ba,MID,Sunderland,SUN,3,4.3,0,0,0,0.0,0.0,0.0,0,0,TRUE,FALSE,NA,NA,477851,0,0,-2,2,0,0,3,Abdoullah,FALSE,,NA,43,477851.jpg,0.0,FALSE,Ba,0.3,FALSE,NA,a,17,56,83617,0,84034,0,0.0,0.0,,73,2022-08-31,2003-07-31,FALSE,p477851,0,0,0,0,0,0,0,0,0,0,0.0,0.0,0.0,0.0,0,0,0,0,0,0.00,0.00,0.00,0.00,NA,,NA,,NA,,,,658,242,653,246,629,234,661,244,0,0,0,0,0,0,600,356,550,178,669,251,325,110,0,0,0,0.00,0,0
555,Browne,MID,Sunderland,SUN,3,4.5,0,0,0,0.0,0.0,0.0,0,0,TRUE,FALSE,0,0,171422,0,0,0,0,0,0,3,Alan,FALSE,has joined Middlesbrough on loan for the rest of the season.,2025-09-02T13:31:41.354124Z,45,171422.jpg,0.0,FALSE,Browne,0.0,FALSE,NA,u,17,56,1291,0,9904,0,0.0,0.0,,104,2024-07-11,1995-04-15,FALSE,p171422,0,0,0,0,0,0,0,0,0,0,0.0,0.0,0.0,0.0,0,0,0,0,0,0.00,0.00,0.00,0.00,NA,,NA,,NA,,,,702,271,697,273,678,266,704,273,0,0,0,0,0,0,417,252,614,216,708,276,655,257,0,0,0,0.00,0,0
556,Ekwah,MID,Sunderland,SUN,3,4.5,0,0,0,0.0,0.0,0.0,0,0,TRUE,FALSE,0,0,458297,0,0,0,0,0,0,3,Pierre,FALSE,Has joined AS Saint-Etienne permanently.,2025-08-14T14:03:00.702056Z,45,458297.jpg,0.0,FALSE,Ekwah Elimby,0.0,FALSE,NA,u,17,56,0,0,1815,0,0.0,0.0,,73,2023-01-23,2002-01-15,FALSE,p458297,0,0,0,0,0,0,0,0,0,0,0.0,0.0,0.0,0.0,0,0,0,0,0,0.00,0.00,0.00,0.00,NA,,NA,,NA,,,,713,278,709,280,692,274,715,280,0,0,0,0,0,0,438,260,627,224,719,283,789,341,0,0,0,0.00,0,0
557,H.Jones,MID,Sunderland,SUN,3,4.3,0,0,0,0.0,0.0,0.0,0,0,TRUE,FALSE,NA,NA,547410,0,0,-2,2,0,0,3,Harrison,FALSE,,NA,43,547410.jpg,0.0,FALSE,Jones,0.1,FALSE,NA,a,17,56,9964,0,11755,0,0.0,0.0,Harrison Jones,241,2024-01-01,2004-12-25,FALSE,p547410,0,0,0,0,0,0,0,0,0,0,0.0,0.0,0.0,0.0,0,0,0,0,0,0.00,0.00,0.00,0.00,NA,,NA,,NA,,,,662,245,658,249,636,239,665,247,0,0,0,0,0,0,617,365,561,186,673,254,542,199,0,0,0,0.00,0,0
558,Matete,MID,Sunderland,SUN,3,4.3,0,0,0,0.0,0.0,0.0,0,0,TRUE,FALSE,0,0,493837,0,0,-2,2,0,0,3,Jay,FALSE,has joined MK Dons permanently.,2026-01-15T12:51:24.526300Z,43,493837.jpg,0.0,FALSE,Matete,0.2,FALSE,NA,u,17,56,30710,0,46727,0,0.0,0.0,,241,2022-01-31,2001-02-11,FALSE,p493837,0,0,0,0,0,0,0,0,0,0,0.0,0.0,0.0,0.0,0,0,0,0,0,0.00,0.00,0.00,0.00,NA,,NA,,NA,,,,659,243,654,247,630,235,662,245,0,0,0,0,0,0,608,360,554,181,670,252,415,142,0,0,0,0.00,0,0
559,Triantis,MID,Sunderland,SUN,3,4.4,0,0,0,0.0,0.0,0.0,0,0,TRUE,FALSE,0,0,500696,0,0,-1,1,0,0,3,Nectarios,FALSE,has joined Minnesota United permanently.,2025-09-22T21:19:57.157510Z,44,500696.jpg,0.0,FALSE,Triantis,0.0,FALSE,NA,u,17,56,2951,0,8714,0,0.0,0.0,,13,2023-07-01,2003-05-11,FALSE,p500696,0,0,0,0,0,0,0,0,0,0,0.0,0.0,0.0,0.0,0,0,0,0,0,0.00,0.00,0.00,0.00,NA,,NA,,NA,,,,682,259,678,262,657,253,684,261,0,0,0,0,0,0,558,335,588,201,690,266,654,256,0,0,0,0.00,0,0
560,Isidor,FWD,Sunderland,SUN,3,5,74,6,1,1.8,2.0,2.0,1,1148,TRUE,FALSE,100,100,437505,0,0,-5,5,0,1,4,Wilson,FALSE,,2026-01-04T21:30:13.190592Z,50,437505.jpg,2.3,FALSE,Isidor,1.3,FALSE,NA,a,17,56,997059,0,911419,0,0.4,14.8,,92,2025-02-01,2000-08-27,FALSE,p437505,4,17,0,0,0,1,0,0,7,266,242.0,30.4,444.0,71.5,17,23,11,51,11,4.70,0.38,5.08,19.82,NA,,NA,,NA,,,,280,29,397,52,62,25,231,28,0.37,0,0.03,0.4,1.55,1.33,260,55,173,18,308,33,177,27,0.86,0.31,4,4.70,0.37,2
561,Mayenda,FWD,Sunderland,SUN,3,5.1,40,2,0,0.2,0.3,0.3,0,751,TRUE,FALSE,NA,NA,564406,0,0,-4,4,0,0,4,Eliezer,FALSE,,NA,51,564406.jpg,2.0,FALSE,Mayenda Dossou,0.5,FALSE,NA,a,17,56,273869,0,313817,0,0.1,7.8,,200,2023-07-28,2005-05-08,FALSE,p564406,3,9,0,0,0,0,0,0,5,124,117.6,53.8,188.0,35.5,7,14,5,26,8,2.13,0.22,2.35,12.94,NA,,NA,,NA,,,,379,42,364,46,197,44,351,46,0.26,0,0.03,0.29,1.55,1.08,239,52,365,47,355,38,271,42,0.96,0.36,3.12,2.13,0.26,2
562,Abdullahi,FWD,Sunderland,SUN,3,4.2,0,0,0,0.0,0.0,0.0,0,0,TRUE,FALSE,NA,NA,611975,0,0,-3,3,0,0,4,Ahmed,FALSE,,NA,42,611975.jpg,0.0,FALSE,Abdullahi,0.4,FALSE,NA,a,17,56,72746,0,99514,0,0.0,0.0,,157,2024-08-31,2004-06-19,FALSE,p611975,0,0,0,0,0,0,0,0,0,0,0.0,0.0,0.0,0.0,0,0,0,0,0,0.00,0.00,0.00,0.00,NA,,NA,,NA,,,,655,67,649,66,625,66,658,68,0,0,0,0,0,0,658,93,539,54,665,69,288,45,0,0,0,0.00,0,0
563,Luis Hemir,FWD,Sunderland,SUN,3,4.4,0,0,0,0.0,0.0,0.0,0,0,TRUE,FALSE,0,0,551153,0,0,-1,1,0,0,4,Luís Hemir,FALSE,has joined Moreirense on loan for the rest of the season.,2025-09-22T21:17:57.534387Z,44,551153.jpg,0.0,FALSE,Silva Semedo,0.1,FALSE,NA,u,17,56,5979,0,20562,0,0.0,0.0,,173,2023-07-01,2003-08-11,FALSE,p551153,0,0,0,0,0,0,0,0,0,0,0.0,0.0,0.0,0.0,0,0,0,0,0,0.00,0.00,0.00,0.00,NA,,NA,,NA,,,,689,74,684,73,665,72,691,74,0,0,0,0,0,0,569,82,597,62,696,75,525,71,0,0,0,0.00,0,0
564,Rusyn,FWD,Sunderland,SUN,3,4.4,0,0,0,0.0,0.0,0.0,0,0,TRUE,FALSE,0,0,440955,0,0,-1,1,0,0,4,Nazarii,FALSE,has joined Arka on loan for the rest of the season.,2025-09-05T08:56:38.449926Z,44,440955.jpg,0.0,FALSE,Rusyn,0.1,FALSE,NA,u,17,56,3530,0,20315,0,0.0,0.0,,225,2023-09-01,1998-10-25,FALSE,p440955,0,0,0,0,0,0,0,0,0,0,0.0,0.0,0.0,0.0,0,0,0,0,0,0.00,0.00,0.00,0.00,NA,,NA,,NA,,,,677,71,673,70,652,69,679,71,0,0,0,0,0,0,549,79,583,59,686,72,526,72,0,0,0,0.00,0,0
668,Xhaka,MID,Sunderland,SUN,3,5.1,124,1,6,4.2,2.7,2.7,1,2901,TRUE,FALSE,100,100,84450,0,0,1,-1,0,0,3,Granit,FALSE,,2026-01-24T19:00:09.277794Z,51,84450.jpg,3.6,FALSE,Xhaka,3.2,FALSE,NA,a,17,56,1416818,0,1412158,0,0.5,24.3,,207,2025-07-30,1992-09-27,FALSE,p84450,9,39,0,0,0,8,0,0,8,603,685.0,595.3,101.0,138.1,134,178,50,362,32,1.01,3.73,4.74,45.68,1,,1,,NA,,,,56,15,40,37,286,152,75,47,0.03,0,0.12,0.15,1.42,1.21,221,136,142,62,103,46,103,34,0.99,0.28,11.23,1.01,0.03,2
670,Roefs,GKP,Sunderland,SUN,3,4.8,136,0,0,3.0,3.7,3.7,2,3150,TRUE,FALSE,100,100,498016,0,0,3,-3,0,4,1,Robin,FALSE,,2026-03-04T10:30:08.443155Z,48,498016.jpg,3.9,FALSE,Roefs,8.0,FALSE,NA,a,17,56,2399656,0,1576736,0,0.8,28.3,,152,2025-08-01,2003-01-17,FALSE,p498016,10,46,0,1,0,4,0,109,12,573,881.6,50.0,0.0,93.1,37,333,0,0,35,0.00,0.10,0.10,50.05,NA,,NA,,NA,,,,17,5,368,2,780,90,170,4,0,3.11,0,0,1.43,1.31,371,15,85,8,72,7,54,9,1,0.29,0,0.00,0,0
678,Masuaku,DEF,Sunderland,SUN,3,3.9,1,0,0,0.0,0.0,0.0,0,125,TRUE,FALSE,0,0,105717,0,0,-1,1,0,0,2,Arthur,FALSE,has joined RC Lens on loan for the rest of the season.,2026-01-15T20:00:09.716289Z,39,105717.jpg,0.3,FALSE,Masuaku,0.5,FALSE,NA,u,17,56,52353,0,85621,0,0.0,0.3,,50,2025-08-10,1993-11-07,FALSE,p105717,0,2,0,0,0,1,0,0,0,4,21.8,20.1,7.0,4.9,6,3,4,10,2,0.07,0.08,0.15,2.09,NA,,NA,,NA,,,,461,168,413,150,434,164,463,166,0.05,0,0.06,0.11,1.5,1.44,765,217,413,156,535,182,282,106,1.44,0,7.2,0.07,0.05,2
683,Alderete,DEF,Sunderland,SUN,3,4.1,125,1,1,1.6,1.5,3.0,0,2797,TRUE,FALSE,50,50,201895,0,0,1,-1,0,1,2,Omar,FALSE,Knock - 50% chance of playing,2026-05-17T22:00:09.922866Z,41,201895.jpg,3.8,FALSE,Alderete,4.9,FALSE,NA,d,17,56,1741826,0,1278931,0,0.7,30.5,,168,2025-08-12,1996-12-26,FALSE,p201895,10,40,0,0,0,6,0,0,5,400,749.0,138.1,279.0,117.0,280,103,32,312,32,1.62,0.91,2.52,44.52,NA,,NA,,NA,,,https://www.safc.com/news/2026/may/22/le-bris-delivers-injury-update-on-alderete-and-talbi/?utm_source=premier_league&utm_medium=referral&utm_campaign=fantasy&utm_content=injuries-flag,40,16,260,68,128,22,107,30,0.05,0,0.03,0.08,1.43,1.29,661,153,112,34,77,27,78,24,1.03,0.32,10.04,1.62,0.05,2
694,Mukiele,DEF,Sunderland,SUN,3,4.6,151,3,5,4.8,4.0,4.0,4,2784,TRUE,FALSE,100,100,200834,0,0,6,-6,0,5,2,Nordi,FALSE,,2026-02-22T23:00:10.030803Z,46,200834.jpg,4.7,FALSE,Mukiele,8.7,FALSE,NA,a,17,56,2943090,0,1921353,0,0.9,32.8,,73,2025-08-17,1997-11-01,FALSE,p200834,9,40,1,0,0,5,0,0,11,489,733.6,353.1,242.0,132.9,204,131,69,273,32,1.62,2.65,4.27,44.71,NA,,NA,,NA,,,,43,18,112,29,148,30,82,17,0.05,0,0.09,0.14,1.45,1.29,398,68,65,25,18,4,50,15,1.03,0.29,8.83,1.62,0.05,2
724,Geertruida,DEF,Sunderland,SUN,3,4.5,55,0,0,2.0,3.0,3.0,1,1681,TRUE,FALSE,NA,NA,247955,0,0,0,0,0,0,2,Lutsharel,FALSE,,NA,45,247955.jpg,2.0,FALSE,Geertruida,0.1,FALSE,NA,a,17,56,11678,0,8582,0,0.7,12.2,,152,2025-09-01,2000-07-18,FALSE,p247955,3,23,0,0,0,2,0,0,0,231,274.6,135.7,102.0,51.2,76,73,37,113,17,0.79,0.85,1.64,30.92,NA,,NA,,NA,,,,264,105,263,70,284,82,299,95,0.04,0,0.05,0.09,1.66,1.23,429,87,118,39,349,130,576,205,0.91,0.16,6.05,0.79,0.04,2
730,Brobbey,FWD,Sunderland,SUN,3,5.3,92,7,2,3.0,4.7,4.7,5,1920,TRUE,FALSE,100,100,441264,0,0,-2,2,0,1,4,Brian,FALSE,,2026-02-23T01:30:11.824581Z,53,441264.jpg,3.0,FALSE,Brobbey,0.9,FALSE,NA,a,17,56,473226,0,366108,0,0.9,17.4,,152,2025-09-01,2002-02-01,FALSE,p441264,6,30,0,0,0,6,0,0,12,309,333.4,200.5,552.0,106.7,21,44,9,74,22,6.02,0.67,6.69,31.40,NA,,NA,,NA,,,,223,21,206,20,45,20,130,21,0.28,0,0.03,0.31,1.47,1.41,191,44,48,9,200,21,205,30,1.03,0.28,3.47,6.02,0.28,2
735,Traore,MID,Sunderland,SUN,3,5.5,30,1,1,0.0,0.0,0.0,0,634,TRUE,FALSE,100,100,110504,0,0,0,0,0,0,3,Bertrand,FALSE,,2026-03-04T10:30:08.528765Z,55,110504.jpg,2.5,FALSE,Traoré,0.0,FALSE,NA,a,17,56,14213,0,13480,0,0.0,5.5,Bertrand Traoré,35,2025-09-01,1995-09-06,FALSE,p110504,3,9,0,0,0,1,0,0,1,118,115.6,108.4,135.0,35.9,11,18,11,40,9,0.48,0.25,0.73,9.74,NA,,NA,,NA,,,,380,169,292,169,245,136,349,167,0.07,0,0.04,0.11,1.38,1.28,134,83,806,357,276,112,648,252,1.28,0.43,5.68,0.48,0.07,2
774,Jenson Jones,DEF,Sunderland,SUN,3,4,0,0,0,0.0,0.0,0.0,0,0,TRUE,FALSE,NA,NA,232356,0,0,0,0,0,0,2,Jenson,FALSE,,NA,40,232356.jpg,0.0,FALSE,Jones,0.0,FALSE,NA,a,17,56,2276,0,1559,0,0.0,0.0,Jenson Jones,241,2025-08-24,2006-06-26,FALSE,p232356,0,0,0,0,0,0,0,0,0,0,0.0,0.0,0.0,0.0,0,0,0,0,0,0.00,0.00,0.00,0.00,NA,,NA,,NA,,,,589,217,580,216,549,212,592,217,0,0,0,0,0,0,690,170,458,176,600,217,674,237,0,0,0,0.00,0,0
775,Tutierov,MID,Sunderland,SUN,3,4.5,0,0,0,0.0,0.0,0.0,0,0,TRUE,FALSE,0,0,604211,0,0,0,0,0,0,3,Tymur,FALSE,has joined Exeter City on loan for the rest of the season.,2026-01-16T15:18:30.390103Z,45,604211.jpg,0.0,FALSE,Tutierov,0.0,FALSE,NA,u,17,56,160,0,145,0,0.0,0.0,,225,2024-08-30,2005-06-11,FALSE,p604211,0,0,0,0,0,0,0,0,0,0,0.0,0.0,0.0,0.0,0,0,0,0,0,0.00,0.00,0.00,0.00,NA,,NA,,NA,,,,762,321,755,320,742,317,762,321,0,0,0,0,0,0,500,309,681,270,763,322,835,374,0,0,0,0.00,0,0
800,Jocelin.T,MID,Sunderland,SUN,3,4.9,1,0,0,0.0,0.0,0.0,0,38,TRUE,FALSE,100,100,699989,0,0,-1,1,0,0,3,Djiamgone Jocelin Ta,FALSE,,2026-02-22T23:00:10.207310Z,49,699989.jpg,1.0,FALSE,Bi,0.0,FALSE,NA,a,17,56,216,0,164,0,0.0,0.2,,54,2026-01-16,2005-02-09,FALSE,p699989,0,0,0,0,0,0,0,0,0,4,3.4,4.3,2.0,1.0,0,2,1,3,1,0.00,0.04,0.04,0.24,NA,,NA,,NA,,,,501,227,465,223,468,231,504,230,0,0,0.09,0.09,0.57,0,343,214,756,321,511,234,825,365,2.37,0,7.11,0.00,0,0
812,Ellborg,GKP,Sunderland,SUN,3,4,16,0,0,0.0,0.0,0.0,0,270,TRUE,FALSE,NA,NA,515046,0,0,0,0,0,1,1,Melker,FALSE,,NA,40,515046.jpg,5.3,FALSE,Ellborg,0.1,FALSE,NA,a,17,56,27780,0,18770,0,0.0,4.0,,206,2026-02-01,2003-05-22,FALSE,p515046,1,2,0,0,0,0,0,10,3,62,73.6,0.0,0.0,7.4,6,33,0,0,3,0.00,0.02,0.02,4.10,NA,,NA,,NA,,,,409,33,605,73,574,58,451,33,0,3.33,0.01,0.01,1.37,0.67,719,62,486,76,6,2,522,75,1,0.33,0,0.00,0,0
813,Angulo,MID,Sunderland,SUN,3,5,13,0,0,0.8,1.3,1.3,1,401,TRUE,FALSE,100,100,536661,0,0,0,0,0,0,3,Nilson,FALSE,,2026-03-14T22:00:10.584103Z,50,536661.jpg,1.6,FALSE,Angulo,0.0,FALSE,NA,a,17,56,1192,0,942,0,0.3,2.6,,62,2026-02-02,2003-06-19,FALSE,p536661,1,6,0,0,0,1,0,0,0,43,45.4,44.3,89.0,17.8,16,9,10,35,5,0.77,0.12,0.89,7.26,NA,,NA,,NA,,,,433,188,380,195,303,161,401,183,0.17,0,0.03,0.2,1.63,1.35,274,168,241,110,416,178,793,344,1.12,0.22,7.86,0.77,0.17,2
821,Whittaker,MID,Sunderland,SUN,3,4.5,0,0,0,0.0,0.0,0.0,0,0,TRUE,FALSE,NA,NA,570929,0,0,0,0,0,0,3,Jack,FALSE,,NA,45,570929.jpg,0.0,FALSE,Whittaker,0.0,FALSE,NA,a,17,56,298,0,141,0,0.0,0.0,,241,2025-08-24,2006-10-14,FALSE,p570929,0,0,0,0,0,0,0,0,0,0,0.0,0.0,0.0,0.0,0,0,0,0,0,0.00,0.00,0.00,0.00,NA,,NA,,NA,,,,742,305,736,305,722,301,743,306,0,0,0,0,0,0,476,290,659,252,745,307,812,358,0,0,0,0.00,0,0
822,Jones,MID,Sunderland,SUN,3,4.5,0,0,0,0.0,0.0,0.0,0,0,TRUE,FALSE,NA,NA,571087,0,0,0,0,0,0,3,Jaydon,FALSE,,NA,45,571087.jpg,0.0,FALSE,Jones,0.0,FALSE,NA,a,17,56,379,0,144,0,0.0,0.0,Jaydon Jones,241,2025-08-24,2006-11-03,FALSE,p571087,0,0,0,0,0,0,0,0,0,0,0.0,0.0,0.0,0.0,0,0,0,0,0,0.00,0.00,0.00,0.00,NA,,NA,,NA,,,,743,306,737,306,723,302,744,307,0,0,0,0,0,0,477,291,660,253,746,308,808,355,0,0,0,0.00,0,0
565,Vicario,GKP,Spurs,TOT,3,4.7,90,0,0,0.0,0.0,0.0,0,2790,TRUE,FALSE,100,100,184254,0,0,-3,3,0,0,1,Guglielmo,FALSE,,2026-03-23T08:30:08.692447Z,47,184254.jpg,2.9,FALSE,Vicario,4.7,FALSE,NA,a,18,6,1364134,0,1530718,0,0.0,19.1,,106,2023-07-01,1996-10-07,FALSE,p184254,7,50,0,0,0,1,0,83,6,412,709.2,10.1,0.0,72.2,35,247,1,0,31,0.00,0.04,0.04,46.21,NA,,NA,,NA,,,,49,12,438,9,771,85,230,12,0,2.68,0,0,1.49,1.61,382,17,711,93,207,25,81,14,1,0.23,0,0.00,0,0
566,Austin,GKP,Spurs,TOT,3,3.9,0,0,0,0.0,0.0,0.0,0,0,TRUE,FALSE,NA,NA,214572,0,0,-1,1,0,0,1,Brandon,FALSE,,NA,39,214572.jpg,0.0,FALSE,Austin,0.3,FALSE,NA,a,18,6,22434,0,27125,0,0.0,0.0,,241,2017-07-22,1999-01-08,FALSE,p214572,0,0,0,0,0,0,0,0,0,0,0.0,0.0,0.0,0.0,0,0,0,0,0,0.00,0.00,0.00,0.00,NA,,NA,,NA,,,,557,53,542,36,511,21,560,53,0,0,0,0,0,0,773,80,419,42,568,53,339,46,0,0,0,0.00,0,0
567,Kinsky,GKP,Spurs,TOT,3,3.9,20,0,0,3.0,3.0,3.0,5,630,TRUE,FALSE,NA,NA,485055,0,0,-1,1,0,0,1,Antonín,FALSE,,NA,39,485055.jpg,2.9,FALSE,Kinský,1.9,FALSE,NA,a,18,6,199681,0,202233,0,0.8,5.1,,57,2025-01-05,2003-03-13,FALSE,p485055,2,7,0,0,0,1,0,10,0,76,102.6,0.0,0.0,10.3,10,33,0,0,7,0.00,0.00,0.00,5.55,NA,,NA,,NA,,,,389,29,551,42,520,27,432,29,0,1.43,0,0,0.79,1,784,86,111,11,203,24,138,19,1,0.29,0,0.00,0,0
568,P.Porro,DEF,Spurs,TOT,3,5.2,117,1,3,3.2,3.7,3.7,10,2793,TRUE,FALSE,100,100,441164,0,0,-3,3,0,3,2,Pedro,FALSE,,2026-01-28T04:30:09.124754Z,52,441164.jpg,3.4,FALSE,Porro Sauceda,11.7,FALSE,NA,a,18,6,1941721,0,3159803,0,0.7,22.5,,200,2023-07-01,1999-09-13,FALSE,p441164,9,40,0,0,0,10,0,0,8,502,690.2,881.7,202.0,177.5,142,132,76,218,32,1.05,4.37,5.42,37.75,3,,2,,NA,,,,54,24,11,1,184,45,34,2,0.03,0,0.14,0.17,1.22,1.29,213,31,91,28,132,48,34,11,1.03,0.29,7.02,1.05,0.03,2
569,Romero,DEF,Spurs,TOT,3,5,91,4,1,0.0,0.0,0.0,0,1869,TRUE,FALSE,0,0,221632,0,0,0,0,0,3,2,Cristian,FALSE,Knee injury - Expected back 01 Jun,2026-04-12T21:30:08.466916Z,50,221632.jpg,4.0,FALSE,Romero,2.9,FALSE,NA,i,18,6,1033163,0,1247346,0,0.0,18.2,,10,2022-08-30,1998-04-27,FALSE,p221632,5,33,0,0,0,9,2,0,10,305,574.8,133.6,223.0,93.2,139,88,58,197,22,1.39,1.25,2.64,28.32,NA,,NA,,NA,,,https://www.tottenhamhotspur.com/news/1021010/team-news-roberto-de-zerbi-confirms-cuti-romero-out-for-rest-of-season?utm_source=premier_league&utm_medium=referral&utm_campaign=fantasy&utm_content=injuries-flag,94,41,266,72,161,33,169,57,0.07,0,0.06,0.13,1.36,1.59,252,38,758,261,58,21,113,41,1.06,0.24,9.49,1.39,0.07,2
570,Danso,DEF,Spurs,TOT,3,4.2,63,0,0,3.5,4.7,4.7,8,1489,TRUE,FALSE,100,100,135720,0,0,-3,3,0,0,2,Kevin,FALSE,,2026-02-02T00:30:11.097727Z,42,135720.jpg,2.6,FALSE,Danso,0.2,FALSE,NA,a,18,6,31554,0,35107,0,1.1,15.0,,14,2025-07-01,1998-09-19,FALSE,p135720,4,25,0,0,0,8,0,0,1,219,407.0,49.5,96.0,55.5,165,45,27,192,17,0.62,0.28,0.90,20.15,NA,,NA,,NA,,,,179,72,369,131,291,86,283,90,0.04,0,0.02,0.06,1.22,1.51,637,140,44,20,256,97,379,137,1.03,0.24,11.61,0.62,0.04,2
571,Davies,DEF,Spurs,TOT,3,4.3,10,1,0,0.0,0.0,0.0,0,136,TRUE,FALSE,0,0,115556,0,0,-2,2,0,0,2,Ben,FALSE,Ankle injury - Unknown return date,2026-01-17T18:30:08.916445Z,43,115556.jpg,3.3,FALSE,Davies,0.1,FALSE,NA,i,18,6,4540,0,12248,0,0.0,2.3,,244,2014-07-23,1993-04-24,FALSE,p115556,0,3,0,0,0,1,0,0,1,29,67.4,22.2,52.0,14.2,9,5,5,14,2,0.49,0.07,0.56,1.11,NA,,NA,,NA,,,https://www.tottenhamhotspur.com/news/2026/january/spurs-vs-manchester-city-premier-league-team-news-thomas-frank-hopeful-on-micky-van-de-ven-dominic-solanke-ready-to-start-against-city/?utm_source=premier_league&utm_medium=referral&utm_campaign=fantasy&utm_content=injuries-flag,417,155,411,149,346,115,414,150,0.32,0,0.05,0.37,0.73,1.99,586,124,542,228,142,49,554,198,1.32,0,9.26,0.49,0.32,2
572,Dragusin,DEF,Spurs,TOT,3,4.5,17,0,0,0.2,0.3,0.3,1,515,TRUE,FALSE,100,100,493125,0,0,0,0,0,0,2,Radu,FALSE,,2025-07-21T10:00:05.088977Z,45,493125.jpg,1.7,FALSE,Drăgușin,0.0,FALSE,NA,a,18,6,4541,0,3632,0,0.1,3.8,,177,2024-01-11,2002-02-03,FALSE,p493125,0,13,0,0,0,0,0,0,0,34,130.6,3.2,27.0,16.1,70,14,5,75,5,0.31,0.01,0.32,12.26,NA,,NA,,NA,,,,369,139,471,170,386,135,411,147,0.05,0,0,0.05,2.14,2.27,449,92,343,123,398,146,670,236,0.87,0,13.11,0.31,0.05,2
573,Spence,DEF,Spurs,TOT,3,4.1,78,0,0,2.8,2.7,2.7,6,2049,TRUE,FALSE,100,100,232859,0,0,-4,4,0,0,2,Djed,FALSE,,2026-03-01T22:00:07.861085Z,41,232859.jpg,2.6,FALSE,Spence,0.9,FALSE,NA,a,18,6,310378,0,373149,0,0.7,19.0,,241,2022-07-19,2000-08-09,FALSE,p232859,9,31,0,0,0,4,0,0,3,271,291.0,209.7,207.0,70.5,72,112,44,116,23,0.90,1.77,2.67,31.42,NA,,NA,,NA,,,,251,98,196,50,176,41,237,81,0.04,0,0.08,0.12,1.38,1.36,663,155,129,44,254,95,210,81,1.01,0.4,5.1,0.90,0.04,2
574,Udogie,DEF,Spurs,TOT,3,4.3,29,0,1,1.0,3.0,3.0,7,1335,TRUE,FALSE,100,100,487053,0,0,-2,2,0,0,2,Destiny,FALSE,,2026-04-24T14:30:09.164014Z,43,487053.jpg,1.4,FALSE,Udogie,0.3,FALSE,NA,a,18,6,56076,0,116830,0,0.7,6.7,,106,2022-08-16,2002-11-28,FALSE,p487053,1,25,0,0,0,4,0,0,1,121,207.2,187.0,103.0,49.8,37,70,31,68,14,0.18,0.72,0.90,19.15,NA,,NA,,NA,,,,305,121,219,54,282,81,307,101,0.01,0,0.05,0.06,1.29,1.69,602,135,114,35,432,157,318,116,0.94,0.07,4.58,0.18,0.01,2
575,Van de Ven,DEF,Spurs,TOT,3,4.4,116,4,1,2.5,2.7,2.7,6,3041,TRUE,FALSE,100,100,491279,0,0,-1,1,0,3,2,Micky,FALSE,,2026-03-06T05:30:08.287295Z,44,491279.jpg,3.3,FALSE,van de Ven,17.6,FALSE,NA,a,18,6,3663747,0,4753594,0,0.6,26.4,,152,2023-08-08,2001-04-19,FALSE,p491279,9,50,0,0,0,9,1,0,10,431,683.4,95.2,218.0,99.6,174,121,38,212,35,2.82,0.38,3.20,42.99,NA,,NA,,NA,,,,57,25,301,96,169,38,150,47,0.08,0,0.01,0.09,1.27,1.48,556,118,133,48,143,50,15,6,1.04,0.27,6.27,2.82,0.08,2
576,Phillips,DEF,Spurs,TOT,3,4,0,0,0,0.0,0.0,0.0,0,0,TRUE,FALSE,0,0,548308,0,0,0,0,0,0,2,Ashley,FALSE,Has joined Stoke City on loan for the rest of the season.,2025-07-25T14:55:41.438809Z,40,548308.jpg,0.0,FALSE,Phillips,0.0,FALSE,NA,u,18,6,0,0,2018,0,0.0,0.0,,241,2023-08-05,2005-06-26,FALSE,p548308,0,0,0,0,0,0,0,0,0,0,0.0,0.0,0.0,0.0,0,0,0,0,0,0.00,0.00,0.00,0.00,NA,,NA,,NA,,,,618,230,610,229,580,226,621,230,0,0,0,0,0,0,727,189,492,192,628,229,743,256,0,0,0,0.00,0,0
577,Takai,DEF,Spurs,TOT,3,4,0,0,0,0.0,0.0,0.0,0,0,TRUE,FALSE,0,0,553299,0,0,0,0,0,0,2,Takai,FALSE,has joined Borussia Mönchengladbach on loan for the rest of the season.,2026-01-02T18:40:16.158468Z,40,553299.jpg,0.0,FALSE,Kōta,0.0,FALSE,NA,u,18,6,1005,0,9209,0,0.0,0.0,,108,2025-07-08,2004-09-04,FALSE,p553299,0,0,0,0,0,0,0,0,0,0,0.0,0.0,0.0,0.0,0,0,0,0,0,0.00,0.00,0.00,0.00,NA,,NA,,NA,,,,620,231,612,230,582,227,623,231,0,0,0,0,0,0,729,190,494,193,630,230,610,217,0,0,0,0.00,0,0
578,Vuskovic,DEF,Spurs,TOT,3,3.9,0,0,0,0.0,0.0,0.0,0,0,TRUE,FALSE,0,0,610799,0,0,-1,1,0,0,2,Luka,FALSE,has joined Hamburger SV on loan for the rest of the season.,2025-09-02T13:17:42.706711Z,39,610799.jpg,0.0,FALSE,Vušković,0.3,FALSE,NA,u,18,6,7334,0,92881,0,0.0,0.0,,97,2025-06-01,2007-02-24,FALSE,p610799,0,0,0,0,0,0,0,0,0,0,0.0,0.0,0.0,0.0,0,0,0,0,0,0.00,0.00,0.00,0.00,NA,,NA,,NA,,,,578,211,564,210,533,206,581,211,0,0,0,0,0,0,800,234,442,168,589,211,326,119,0,0,0,0.00,0,0
579,Son,MID,Spurs,TOT,3,8.5,0,0,0,0.0,0.0,0.0,0,0,TRUE,FALSE,0,0,85971,0,0,0,0,0,0,3,Son,FALSE,has joined Los Angeles FC permanently.,2025-08-11T01:22:33.649224Z,85,85971.jpg,0.0,FALSE,Heung-min,0.1,FALSE,NA,u,18,6,0,0,25651,0,0.0,0.0,,114,2015-08-28,1992-07-08,FALSE,p85971,0,0,0,0,0,0,0,0,0,0,0.0,0.0,0.0,0.0,0,0,0,0,0,0.00,0.00,0.00,0.00,NA,,NA,,NA,,,,841,379,841,379,841,379,841,379,0,0,0,0,0,0,10,5,838,378,841,379,457,156,0,0,0,0.00,0,0
581,Maddison,MID,Spurs,TOT,3,6.8,3,0,0,0.5,1.0,1.0,1,34,TRUE,FALSE,100,100,172780,0,0,-2,2,0,0,3,James,FALSE,,2025-08-08T13:57:59.638052Z,68,172780.jpg,1.0,FALSE,Maddison,0.3,FALSE,NA,a,18,6,26746,0,27237,0,0.1,0.4,,241,2023-06-28,1996-11-23,FALSE,p172780,0,0,0,0,0,0,0,0,0,5,2.8,9.5,15.0,2.8,0,4,1,5,0,0.21,0.06,0.27,0.65,NA,,NA,,NA,,,,507,232,449,216,415,204,480,216,0.56,0,0.16,0.72,1.72,0,42,26,287,127,522,243,334,115,0,0,13.24,0.21,0.56,0
582,Kudus,MID,Spurs,TOT,3,6.4,75,2,6,0.0,0.0,0.0,0,1535,TRUE,FALSE,0,0,460842,0,0,-1,1,0,2,3,Mohammed,FALSE,Thigh injury - Expected back 01 Jun,2026-01-04T21:30:13.237860Z,64,460842.jpg,3.9,FALSE,Kudus,9.1,FALSE,NA,i,18,6,3264066,0,5233055,0,0.0,11.7,,81,2025-07-10,2000-08-02,FALSE,p460842,7,20,0,0,0,3,0,0,7,257,333.4,413.8,302.0,104.7,9,95,29,133,19,1.92,2.41,4.33,22.74,NA,,4,,3,,,https://www.tottenhamhotspur.com/news/2026/april/injury-update-mohammed-kudus/?utm_source=premier_league&utm_medium=referral&utm_campaign=fantasy&utm_content=injuries-flag,224,93,83,59,113,68,136,73,0.11,0,0.14,0.25,1.33,1.17,60,38,829,373,75,35,43,15,1.11,0.41,7.8,1.92,0.11,2
583,Kulusevski,MID,Spurs,TOT,3,6.4,0,0,0,0.0,0.0,0.0,0,0,TRUE,FALSE,0,0,445044,0,0,-1,1,0,0,3,Dejan,FALSE,Knee injury - Unknown return date,2025-07-21T10:00:05.109205Z,64,445044.jpg,0.0,FALSE,Kulusevski,0.0,FALSE,NA,i,18,6,1397,0,2306,0,0.0,0.0,,206,2023-07-01,2000-04-25,FALSE,p445044,0,0,0,0,0,0,0,0,0,0,0.0,0.0,0.0,0.0,0,0,0,0,0,0.00,0.00,0.00,0.00,NA,,NA,,NA,,,https://www.tottenhamhotspur.com/news/2026/february/live-blog-tottenham-hotspur-vs-newcastle-united-premier-league/?utm_source=premier_league&utm_medium=referral&utm_campaign=fantasy&utm_content=injuries-flag,836,376,836,376,836,376,836,376,0,0,0,0,0,0,59,37,828,372,836,376,723,300,0,0,0,0.00,0,0
584,Tel,MID,Spurs,TOT,3,6.2,78,4,2,4.2,4.7,4.7,3,1334,TRUE,FALSE,100,100,511499,0,0,-3,3,0,1,3,Mathys,FALSE,,2026-03-23T08:30:08.724530Z,62,511499.jpg,2.5,FALSE,Tel,0.5,FALSE,NA,a,18,6,96405,0,53459,0,0.8,12.6,,73,2025-07-01,2005-04-27,FALSE,p511499,3,23,0,0,0,1,0,0,7,266,303.4,457.2,312.0,107.6,19,72,20,111,13,2.47,2.43,4.89,17.29,1,,NA,,NA,,,,244,104,70,54,108,65,127,71,0.17,0,0.16,0.33,1.17,1.55,77,50,52,18,284,117,268,93,0.88,0.2,7.49,2.47,0.17,2
585,Bentancur,MID,Spurs,TOT,3,5.2,86,1,1,3.2,4.0,4.0,5,1880,TRUE,FALSE,100,100,202993,0,0,-3,3,0,1,3,Rodrigo,FALSE,,2026-01-08T18:30:11.365390Z,52,202993.jpg,3.3,FALSE,Bentancur,0.2,FALSE,NA,a,18,6,61528,0,68767,0,0.8,16.5,,230,2022-01-31,1997-06-25,FALSE,p202993,8,25,0,0,0,7,0,0,4,366,349.0,197.8,124.0,67.4,91,131,56,278,23,0.72,0.84,1.56,23.65,NA,,NA,,NA,,,,212,84,210,138,259,143,246,120,0.03,0,0.04,0.07,1.13,1.2,206,128,69,28,150,64,402,137,1.1,0.38,13.31,0.72,0.03,2
586,Bergvall,MID,Spurs,TOT,3,5.2,49,1,3,0.8,0.3,0.3,0,955,TRUE,FALSE,100,100,570526,0,0,-3,3,0,1,3,Lucas,FALSE,,2026-01-21T21:30:07.663440Z,52,570526.jpg,2.1,FALSE,Bergvall,0.2,FALSE,NA,a,18,6,105068,0,113224,0,0.1,9.4,,206,2024-07-01,2006-02-02,FALSE,p570526,3,18,0,0,0,2,0,0,0,163,164.6,106.4,147.0,41.5,18,39,22,79,11,1.23,0.43,1.66,13.66,NA,,NA,,NA,,,,336,151,296,170,237,130,335,160,0.12,0,0.04,0.16,1.29,1.7,218,135,366,166,336,143,404,138,1.04,0.28,7.45,1.23,0.12,2
587,Bissouma,MID,Spurs,TOT,3,5.2,17,0,0,1.0,0.0,0.0,0,600,TRUE,FALSE,100,100,227127,0,0,-3,3,0,0,3,Yves,FALSE,,2026-03-13T15:00:09.881349Z,52,227127.jpg,1.5,FALSE,Bissouma,0.0,FALSE,NA,a,18,6,3806,0,15535,0,0.0,3.3,,132,2022-06-17,1996-08-30,FALSE,p227127,1,17,0,0,0,4,0,0,0,99,89.6,25.5,23.0,13.7,26,30,18,74,7,0.36,0.10,0.46,12.21,NA,,NA,,NA,,,,399,175,402,202,394,197,416,188,0.05,0,0.02,0.07,1.83,2.55,209,129,781,340,426,185,594,223,1.05,0.15,11.1,0.36,0.05,2
588,Odobert,MID,Spurs,TOT,3,5.3,46,0,2,0.0,0.0,0.0,0,972,TRUE,FALSE,0,0,550839,0,0,-2,2,0,0,3,Wilson,FALSE,Knee injury - Unknown return date,2026-02-11T13:00:10.283271Z,53,550839.jpg,1.9,FALSE,Odobert,0.0,FALSE,NA,i,18,6,16481,0,18697,0,0.0,8.7,,73,2024-08-16,2004-11-28,FALSE,p550839,2,13,0,0,0,0,0,0,6,176,158.8,284.3,234.0,67.6,14,53,10,77,10,1.92,1.21,3.13,14.24,NA,,NA,,NA,,,https://www.tottenhamhotspur.com/news/2026/february/wilson-odobert-suffers-acl-injury/?utm_source=premier_league&utm_medium=referral&utm_campaign=fantasy&utm_content=injuries-flag,342,155,154,101,153,83,245,119,0.18,0,0.11,0.29,1.32,1.2,201,125,791,345,364,156,616,235,0.93,0.19,7.13,1.92,0.18,2
589,Solomon,MID,Spurs,TOT,3,5.4,0,0,0,0.0,0.0,0.0,0,0,TRUE,FALSE,0,0,235674,0,0,-1,1,0,0,3,Manor,FALSE,has joined Fiorentina on loan for the rest of the season.,2025-09-02T13:17:42.731308Z,54,235674.jpg,0.0,FALSE,Solomon,0.0,FALSE,NA,u,18,6,115,0,1483,0,0.0,0.0,,105,2023-07-11,1999-07-24,FALSE,p235674,0,0,0,0,0,0,0,0,0,0,0.0,0.0,0.0,0.0,0,0,0,0,0,0.00,0.00,0.00,0.00,NA,,NA,,NA,,,,823,366,823,366,822,366,823,366,0,0,0,0,0,0,162,99,798,350,823,366,771,329,0,0,0,0.00,0,0
590,Bryan,MID,Spurs,TOT,3,4.9,0,0,0,0.0,0.0,0.0,0,0,TRUE,FALSE,0,0,436234,0,0,-1,1,0,0,3,Bryan,FALSE,has joined Girona permanently.,2025-09-22T09:26:56.310666Z,49,436234.jpg,0.0,FALSE,Gil Salvatierra,0.0,FALSE,NA,u,18,6,675,0,4517,0,0.0,0.0,,200,2021-07-26,2001-02-11,FALSE,p436234,0,0,0,0,0,0,0,0,0,0,0.0,0.0,0.0,0.0,0,0,0,0,0,0.00,0.00,0.00,0.00,NA,,NA,,NA,,,,796,347,792,347,789,346,796,347,0,0,0,0,0,0,319,197,740,310,796,347,667,266,0,0,0,0.00,0,0
591,Gray,MID,Spurs,TOT,3,4.8,61,2,2,0.0,0.3,0.3,1,1471,TRUE,FALSE,100,100,547701,0,0,-2,2,0,0,3,Archie,FALSE,,2025-10-31T09:00:09.658347Z,48,547701.jpg,2.5,FALSE,Gray,0.1,FALSE,NA,a,18,6,26083,0,30863,0,0.1,12.7,,241,2024-07-02,2006-03-12,FALSE,p547701,5,28,0,0,0,5,0,0,6,237,259.4,138.1,158.0,55.5,65,56,11,132,18,1.50,1.29,2.79,24.80,NA,,NA,,NA,,,,271,114,261,163,229,124,284,144,0.09,0,0.08,0.17,1.52,1.71,373,232,357,161,274,111,437,149,1.1,0.31,8.08,1.50,0.09,2
592,Moore,MID,Spurs,TOT,3,5,0,0,0,0.0,0.0,0.0,0,0,TRUE,FALSE,0,0,499721,0,0,0,0,0,0,3,Mikey,FALSE,Has joined Rangers on loan for the rest of the season.,2025-08-11T01:19:38.328172Z,50,499721.jpg,0.0,FALSE,Moore,0.0,FALSE,NA,u,18,6,0,0,689,0,0.0,0.0,,241,2024-05-01,2007-08-11,FALSE,p499721,0,0,0,0,0,0,0,0,0,0,0.0,0.0,0.0,0.0,0,0,0,0,0,0.00,0.00,0.00,0.00,NA,,NA,,NA,,,,813,360,812,360,809,359,813,360,0,0,0,0,0,0,270,164,767,329,813,360,805,353,0,0,0,0.00,0,0
593,P.M.Sarr,MID,Spurs,TOT,3,4.5,71,2,4,1.2,1.3,1.3,0,1388,TRUE,FALSE,100,100,482442,0,0,-5,5,0,0,3,Pape Matar,FALSE,,2026-04-24T14:30:09.185437Z,45,482442.jpg,2.7,FALSE,Sarr,1.0,FALSE,NA,a,18,6,418435,0,620573,0,0.3,15.8,Pape Matar Sarr,189,2021-08-27,2002-09-14,FALSE,p482442,3,23,0,0,0,3,0,0,2,313,336.0,188.3,156.0,68.2,74,77,32,183,13,1.63,1.11,2.74,26.67,NA,,NA,,NA,,,,221,91,218,144,230,125,242,118,0.11,0,0.07,0.18,1.73,1.49,444,265,230,103,239,93,200,70,0.84,0.19,11.87,1.63,0.11,2
594,Min-hyeok,MID,Spurs,TOT,3,4.5,0,0,0,0.0,0.0,0.0,0,0,TRUE,FALSE,0,0,623095,0,0,0,0,0,0,3,Yang,FALSE,has joined Coventry City on loan for the rest of the season.,2025-08-11T01:24:33.782871Z,45,623095.jpg,0.0,FALSE,Min-hyeok,0.0,FALSE,NA,u,18,6,0,0,2838,0,0.0,0.0,,114,2025-01-01,2006-04-16,FALSE,p623095,0,0,0,0,0,0,0,0,0,0,0.0,0.0,0.0,0.0,0,0,0,0,0,0.00,0.00,0.00,0.00,NA,,NA,,NA,,,,772,330,765,329,752,326,772,330,0,0,0,0,0,0,512,320,692,280,772,330,744,313,0,0,0,0.00,0,0
595,Olusesi,MID,Spurs,TOT,3,4.3,1,0,0,0.0,0.0,0.0,0,14,TRUE,FALSE,NA,NA,499726,0,0,-2,2,0,0,3,Callum,FALSE,,NA,43,499726.jpg,1.0,FALSE,Olusesi,0.2,FALSE,NA,a,18,6,26162,0,32523,0,0.0,0.2,,241,2024-11-06,2007-03-11,FALSE,p499726,0,0,0,0,0,0,0,0,0,3,0.6,1.8,0.0,0.2,0,2,0,2,0,0.00,0.01,0.01,0.75,NA,,NA,,NA,,,,522,237,481,231,632,237,523,240,0,0,0.06,0.06,4.82,0,610,362,556,183,478,208,377,131,0,0,12.86,0.00,0,0
596,Solanke,FWD,Spurs,TOT,3,7.1,40,3,0,0.2,0.0,0.0,0,997,TRUE,FALSE,100,100,154566,0,0,-4,4,0,1,4,Dominic,FALSE,,2026-04-25T22:30:09.551266Z,71,154566.jpg,2.7,FALSE,Solanke-Mitchell,1.1,FALSE,NA,a,18,6,287630,0,674667,0,0.0,5.6,,241,2024-08-10,1997-09-14,FALSE,p154566,0,21,0,0,0,1,0,0,4,187,205.0,84.1,339.0,62.7,16,33,22,71,11,2.97,0.34,3.30,17.80,NA,,NA,,2,,,,307,31,316,39,95,29,259,30,0.27,0,0.03,0.3,1.61,1.9,34,14,834,93,252,28,193,29,0.99,0,6.41,2.97,0.27,2
597,Richarlison,FWD,Spurs,TOT,3,6.5,119,11,4,5.5,3.7,3.7,2,1954,TRUE,FALSE,100,100,212319,0,0,0,0,0,2,4,Richarlison,FALSE,,2026-01-11T18:30:11.144475Z,65,212319.jpg,3.7,FALSE,de Andrade,8.7,FALSE,NA,a,18,6,3496546,0,3143422,0,0.6,18.3,Richarlison,30,2022-07-01,1997-05-10,FALSE,p212319,7,27,0,0,0,5,0,0,17,505,602.6,239.6,815.0,165.2,60,60,27,147,20,8.64,1.46,10.10,25.64,NA,,NA,,5,,,,82,7,173,17,13,6,44,8,0.4,0,0.07,0.47,1.18,1.24,49,18,93,15,94,8,47,9,0.92,0.32,6.77,8.64,0.4,2
598,Lankshear,FWD,Spurs,TOT,3,4.5,0,0,0,0.0,0.0,0.0,0,0,TRUE,FALSE,0,0,552427,0,0,0,0,0,0,4,Will,FALSE,has joined Oxford United on loan for the rest of the season.,2025-08-11T01:18:54.659436Z,45,552427.jpg,0.0,FALSE,Lankshear,0.0,FALSE,NA,u,18,6,0,0,5159,0,0.0,0.0,,241,2022-12-08,2005-04-20,FALSE,p552427,0,0,0,0,0,0,0,0,0,0,0.0,0.0,0.0,0.0,0,0,0,0,0,0.00,0.00,0.00,0.00,NA,,NA,,NA,,,,735,78,729,77,713,76,736,78,0,0,0,0,0,0,467,66,651,66,739,79,686,87,0,0,0,0.00,0,0
599,Scarlett,FWD,Spurs,TOT,3,4.3,2,0,0,0.0,0.0,0.0,0,7,TRUE,FALSE,0,0,490145,0,0,-2,2,0,0,4,Dane,FALSE,has joined Hibernian on loan for the rest of the season.,2026-02-02T13:40:54.997559Z,43,490145.jpg,1.0,FALSE,Scarlett,0.5,FALSE,NA,u,18,6,60820,0,113104,0,0.0,0.5,,241,2020-08-21,2004-03-24,FALSE,p490145,0,0,0,0,0,0,0,0,0,5,1.0,4.1,2.0,0.7,0,1,0,1,0,0.00,0.01,0.01,0.03,NA,,NA,,NA,,,,519,63,466,60,460,62,508,61,0,0,0.13,0.13,0.39,0,605,86,552,55,476,56,265,41,0,0,12.86,0.00,0,0
673,J.Palhinha,MID,Spurs,TOT,3,5.5,126,5,3,4.5,6.3,6.3,12,2192,TRUE,FALSE,100,100,154296,0,0,0,0,0,1,3,João Maria,FALSE,,2026-03-11T00:30:09.904194Z,55,154296.jpg,3.8,FALSE,Lobo Alves Palhares Costa Palhinha Gonçalves,0.9,FALSE,NA,a,18,6,397911,0,375777,0,1.1,22.9,João Palhinha,173,2025-08-03,1995-07-09,FALSE,p154296,5,37,0,0,0,8,0,0,17,518,638.0,147.8,295.0,108.3,100,92,110,302,23,2.72,0.65,3.37,32.60,NA,,NA,,NA,,,,71,20,253,160,118,70,125,70,0.11,0,0.03,0.14,1.34,1.52,135,84,12,5,82,38,211,73,0.94,0.21,12.4,2.72,0.11,2
717,Xavi,MID,Spurs,TOT,3,6.3,80,2,5,0.0,0.0,0.0,0,1747,TRUE,FALSE,0,0,493362,0,0,-7,7,0,1,3,Xavi,FALSE,Knee injury - Expected back 01 Jan,2026-04-25T22:30:09.604362Z,63,493362.jpg,2.9,FALSE,Simons,1.1,FALSE,NA,i,18,6,1067756,0,994992,0,0.0,12.7,,152,2025-08-29,2003-04-21,FALSE,p493362,4,36,0,0,0,5,1,0,7,345,349.6,533.8,255.0,113.9,28,87,34,149,19,3.06,3.85,6.91,30.71,2,,3,,4,,,https://www.tottenhamhotspur.com/news/1061881/injury-update-xavi-simons?utm_source=premier_league&utm_medium=referral&utm_campaign=fantasy&utm_content=injuries-flag,210,83,52,45,139,76,112,63,0.16,0,0.2,0.36,1.58,1.85,70,46,826,371,214,84,194,67,0.98,0.21,7.68,3.06,0.16,2
726,Kolo Muani,FWD,Spurs,TOT,3,6.9,52,1,1,1.5,1.7,1.7,1,1655,TRUE,FALSE,100,100,247693,0,0,-1,1,0,0,4,Randal,FALSE,,2025-11-14T12:00:08.068318Z,69,247693.jpg,1.7,FALSE,Kolo Muani,0.4,FALSE,NA,a,18,6,152124,0,134072,0,0.2,7.5,,73,2025-09-01,1998-12-05,FALSE,p247693,4,31,0,0,0,3,0,0,1,150,169.6,267.3,287.0,71.0,22,64,28,114,21,2.07,1.63,3.70,25.24,NA,,NA,,NA,,,,330,33,162,15,122,31,234,29,0.11,0,0.09,0.2,1.37,1.69,40,15,220,26,408,48,285,44,1.14,0.22,6.2,2.07,0.11,2
745,Byfield,DEF,Spurs,TOT,3,4,1,0,0,0.0,0.0,0.0,0,1,TRUE,FALSE,NA,NA,640419,0,0,0,0,0,0,2,Jun'ai,FALSE,,NA,40,640419.jpg,1.0,FALSE,Byfield,0.0,FALSE,NA,a,18,6,2298,0,2402,0,0.0,0.2,,241,2025-07-25,2008-12-06,FALSE,p640419,0,0,0,0,0,0,0,0,0,3,0.4,0.5,0.0,0.1,0,0,0,0,0,0.00,0.00,0.00,0.00,NA,,NA,,NA,,,,523,182,492,178,602,244,527,182,0,0,0,0,0,0,751,209,516,212,473,173,617,219,0,0,0,0.00,0,0
750,Rowswell,DEF,Spurs,TOT,3,4,1,0,0,0.0,0.0,0.0,0,1,TRUE,FALSE,NA,NA,499716,0,0,0,0,0,0,2,James,FALSE,,NA,40,499716.jpg,1.0,FALSE,Rowswell,0.0,FALSE,NA,a,18,6,2125,0,1980,0,0.0,0.2,,241,2025-07-25,2006-07-13,FALSE,p499716,0,0,0,0,0,0,0,0,0,3,0.0,0.0,0.0,0.0,0,0,0,0,0,0.00,0.00,0.00,0.36,NA,,NA,,NA,,,,609,225,600,224,569,220,612,225,0,0,0,0,32.4,0,714,181,481,186,470,170,633,227,0,0,0,0.00,0,0
751,Akhamrich,MID,Spurs,TOT,3,4.5,0,0,0,0.0,0.0,0.0,0,0,TRUE,FALSE,0,0,590035,0,0,0,0,0,0,3,Yusuf,FALSE,has joined Bristol Rovers on loan for the rest of the season.,2026-01-26T15:57:58.935998Z,45,590035.jpg,0.0,FALSE,Akhamrich,0.0,FALSE,NA,u,18,6,675,0,664,0,0.0,0.0,,145,2025-07-25,2005-09-05,FALSE,p590035,0,0,0,0,0,0,0,0,0,0,0.0,0.0,0.0,0.0,0,0,0,0,0,0.00,0.00,0.00,0.00,NA,,NA,,NA,,,,755,316,748,315,735,312,755,316,0,0,0,0,0,0,492,303,673,264,757,317,797,346,0,0,0,0.00,0,0
790,Williams-Barnett,MID,Spurs,TOT,3,4.5,0,0,0,0.0,0.0,0.0,0,0,TRUE,FALSE,NA,NA,611917,0,0,0,0,0,0,3,Lucá,FALSE,,NA,45,611917.jpg,0.0,FALSE,Williams-Barnett,0.0,FALSE,NA,a,18,6,1083,0,618,0,0.0,0.0,,241,2025-07-25,2008-10-01,FALSE,p611917,0,0,0,0,0,0,0,0,0,0,0.0,0.0,0.0,0.0,0,0,0,0,0,0.00,0.00,0.00,0.00,NA,,NA,,NA,,,,767,326,760,325,747,322,767,326,0,0,0,0,0,0,506,315,686,275,767,326,760,323,0,0,0,0.00,0,0
796,Gallagher,MID,Spurs,TOT,3,5,44,1,1,4.2,2.3,2.3,3,1183,TRUE,FALSE,100,100,232787,0,0,-5,5,0,0,3,Conor,FALSE,,2026-03-13T15:00:09.984000Z,50,232787.jpg,2.8,FALSE,Gallagher,0.2,FALSE,NA,a,18,6,65366,0,35089,0,0.5,8.8,,241,2026-01-14,2000-02-06,FALSE,p232787,2,23,0,0,0,2,0,0,3,211,190.6,205.9,154.0,55.1,29,73,22,124,14,1.23,0.70,1.93,19.03,NA,,NA,,NA,,,,318,139,200,132,233,127,286,146,0.09,0,0.05,0.14,1.45,1.75,254,152,158,69,223,85,359,123,1.07,0.15,9.43,1.23,0.09,2
804,Souza,DEF,Spurs,TOT,3,4,3,0,0,0.0,0.0,0.0,0,142,TRUE,FALSE,NA,NA,616221,0,0,0,0,0,0,2,João Victor,FALSE,,NA,40,616221.jpg,0.8,FALSE,de Souza Menezes,0.0,FALSE,NA,a,18,6,2903,0,1793,0,0.0,0.8,Souza,30,2026-01-22,2006-06-16,FALSE,p616221,0,3,0,0,0,1,0,0,0,0,12.8,31.9,17.0,6.2,6,3,0,6,2,0.02,0.03,0.05,2.61,NA,,NA,,NA,,,,474,171,395,143,412,151,458,164,0.01,0,0.02,0.03,1.65,1.9,747,206,512,209,530,180,681,241,1.27,0,3.8,0.02,0.01,0
811,Kyerematen,MID,Spurs,TOT,3,4.5,0,0,0,0.0,0.0,0.0,0,0,TRUE,FALSE,NA,NA,536134,0,0,0,0,0,0,3,Rio,FALSE,,NA,45,536134.jpg,0.0,FALSE,Kyerematen,0.0,FALSE,NA,a,18,6,600,0,334,0,0.0,0.0,,241,2024-05-21,2005-06-09,FALSE,p536134,0,0,0,0,0,0,0,0,0,0,0.0,0.0,0.0,0.0,0,0,0,0,0,0.00,0.00,0.00,0.00,NA,,NA,,NA,,,,729,294,724,295,707,289,730,295,0,0,0,0,0,0,460,278,644,240,734,298,792,343,0,0,0,0.00,0,0
818,Wilson,FWD,Spurs,TOT,3,4.5,0,0,0,0.0,0.0,0.0,0,0,TRUE,FALSE,NA,NA,613232,0,0,0,0,0,0,4,James,FALSE,,NA,45,613232.jpg,0.0,FALSE,Wilson,0.0,FALSE,NA,a,18,6,6566,0,3228,0,0.0,0.0,,243,2026-02-21,2007-03-06,FALSE,p613232,0,0,0,0,0,0,0,0,0,0,0.0,0.0,0.0,0.0,0,0,0,0,0,0.00,0.00,0.00,0.00,NA,,NA,,NA,,,,768,83,761,82,748,82,768,83,0,0,0,0,0,0,507,72,687,71,768,83,612,83,0,0,0,0.00,0,0
326,Adama,MID,West Ham,WHU,3,5.1,25,0,0,0.1,0.0,0.0,0,376,TRUE,FALSE,25,25,159533,0,0,-4,4,0,0,3,Adama,FALSE,Muscle injury - 25% chance of playing,2026-05-11T00:00:11.146616Z,51,159533.jpg,1.0,FALSE,Traoré Diarra,0.1,FALSE,NA,d,19,21,18094,0,39430,0,0.0,4.9,,200,2026-01-28,1996-01-25,FALSE,p159533,0,12,0,0,0,1,0,0,0,74,33.4,73.8,70.0,17.2,2,14,2,18,1,0.69,0.57,1.26,8.38,NA,,NA,,NA,,,https://www.whufc.com/en/news/team-news-or-nuno-has-near-fully-fit-squad-for-final-day-fixture?utm_source=premier_league&utm_medium=referral&utm_campaign=fantasy&utm_content=injuries-flag,448,196,337,180,325,167,405,185,0.17,0,0.14,0.31,2.01,2.87,224,138,775,335,515,237,421,144,0.24,0,4.31,0.69,0.17,2
600,Areola,GKP,West Ham,WHU,3,4.2,51,0,1,0.0,0.0,0.0,0,1800,TRUE,FALSE,100,100,84182,0,0,-3,3,0,0,1,Alphonse,FALSE,,2026-04-05T23:00:09.889906Z,42,84182.jpg,2.5,FALSE,Areola,1.9,FALSE,NA,a,19,21,195408,0,488161,0,0.0,12.1,,73,2022-07-01,1993-02-27,FALSE,p84182,0,37,0,0,0,0,0,77,2,220,570.4,10.0,0.0,57.9,30,142,0,0,20,0.00,0.00,0.00,35.30,NA,,NA,,NA,,,,96,16,439,10,615,69,277,16,0,3.85,0,0,1.76,1.85,636,30,528,85,272,28,142,20,1,0,0,0.00,0,0
601,Foderingham,GKP,West Ham,WHU,3,4,0,0,0,0.0,0.0,0.0,0,0,TRUE,FALSE,0,0,82143,0,0,0,0,0,0,1,Wes,FALSE,has joined Aris Limassol permanently.,2025-09-11T13:43:36.667461Z,40,82143.jpg,0.0,FALSE,Foderingham,0.2,FALSE,NA,u,19,21,3874,0,43698,0,0.0,0.0,,241,2024-07-01,1991-01-14,FALSE,p82143,0,0,0,0,0,0,0,0,0,0,0.0,0.0,0.0,0.0,0,0,0,0,0,0.00,0.00,0.00,0.00,NA,,NA,,NA,,,,581,67,569,53,538,38,584,67,0,0,0,0,0,0,675,42,446,57,592,67,370,52,0,0,0,0.00,0,0
602,Hegyi,GKP,West Ham,WHU,3,3.9,0,0,0,0.0,0.0,0.0,0,0,TRUE,FALSE,0,0,483364,0,0,-1,1,0,0,1,Krisztián,FALSE,has joined MTK Budapest on loan for the rest of the season.,2026-01-15T12:52:30.178628Z,39,483364.jpg,0.0,FALSE,Hegyi,0.2,FALSE,NA,u,19,21,11331,0,22009,0,0.0,0.0,,98,2022-08-24,2002-09-24,FALSE,p483364,0,0,0,0,0,0,0,0,0,0,0.0,0.0,0.0,0.0,0,0,0,0,0,0.00,0.00,0.00,0.00,NA,,NA,,NA,,,,565,58,550,41,519,26,568,58,0,0,0,0,0,0,783,85,427,47,576,58,395,57,0,0,0,0.00,0,0
603,Diouf,DEF,West Ham,WHU,3,4.1,104,0,6,1.2,2.7,2.7,6,2706,TRUE,FALSE,100,100,613804,0,0,-4,4,0,1,2,El Hadji Malick,FALSE,,2025-12-13T14:30:12.025609Z,41,613804.jpg,3.2,FALSE,Diouf,2.4,FALSE,NA,a,19,21,479876,0,980288,0,0.7,25.4,El Hadji Malick Diouf,189,2025-07-15,2004-12-29,FALSE,p613804,9,47,0,0,0,6,0,0,3,381,583.6,480.2,133.0,119.8,161,125,44,205,30,0.57,2.51,3.08,43.65,NA,,NA,,NA,,,,89,38,64,11,247,63,102,27,0.02,0,0.08,0.1,1.45,1.56,669,159,130,45,158,56,125,49,1,0.3,6.82,0.57,0.02,2
604,Emerson,DEF,West Ham,WHU,3,4.4,0,0,0,0.0,0.0,0.0,0,0,TRUE,FALSE,0,0,109533,0,0,-1,1,0,0,2,Emerson,FALSE,has joined Marseille permanently.,2025-09-02T13:30:06.113081Z,44,109533.jpg,0.0,FALSE,Palmieri dos Santos,0.0,FALSE,NA,u,19,21,1719,0,20861,0,0.0,0.0,,106,2022-08-23,1994-08-03,FALSE,p109533,0,0,0,0,0,0,0,0,0,0,0.0,0.0,0.0,0.0,0,0,0,0,0,0.00,0.00,0.00,0.00,NA,,NA,,NA,,,,673,257,668,257,647,256,675,257,0,0,0,0,0,0,534,102,575,234,682,257,587,209,0,0,0,0.00,0,0
605,Kilman,DEF,West Ham,WHU,3,4,36,0,0,0.0,0.0,0.0,0,1559,TRUE,FALSE,NA,NA,214048,0,0,-5,5,0,0,2,Maximilian,FALSE,,NA,40,214048.jpg,1.7,FALSE,Kilman,0.1,FALSE,NA,a,19,21,30991,0,52505,0,0.0,9.0,,241,2024-07-05,1997-05-23,FALSE,p214048,1,37,0,0,0,4,0,0,0,80,392.4,55.8,60.0,50.9,144,43,16,160,17,0.56,0.25,0.81,33.28,NA,,NA,,NA,,,,188,76,359,127,337,109,300,96,0.03,0,0.01,0.04,1.92,2.14,684,166,453,173,392,143,441,166,0.98,0.06,9.24,0.56,0.03,2
606,Mavropanos,DEF,West Ham,WHU,3,4.5,122,3,0,2.5,5.0,5.0,8,2532,TRUE,FALSE,100,100,233963,0,0,0,0,0,2,2,Konstantinos,FALSE,,2026-04-05T23:00:09.898611Z,45,233963.jpg,3.9,FALSE,Mavropanos,2.6,FALSE,NA,a,19,21,460159,0,129536,0,1.1,27.1,,83,2023-08-22,1997-12-11,FALSE,p233963,6,44,2,0,0,2,0,0,5,386,777.2,66.6,294.0,113.8,273,103,40,313,27,2.47,0.70,3.17,41.03,NA,,NA,,NA,,,,36,14,343,118,119,20,113,31,0.09,0,0.02,0.11,1.46,1.56,427,86,33,16,70,26,118,44,0.96,0.21,11.13,2.47,0.09,2
607,Aguerd,DEF,West Ham,WHU,3,4.4,3,0,0,0.0,0.0,0.0,0,180,TRUE,FALSE,0,0,210494,0,0,-1,1,0,0,2,Nayef,FALSE,has joined Marseille permanently.,2025-09-02T12:20:05.254985Z,44,210494.jpg,1.5,FALSE,Aguerd,0.0,FALSE,NA,u,19,21,1288,0,12380,0,0.0,0.7,,145,2022-06-21,1996-03-30,FALSE,p210494,0,8,0,0,0,0,0,0,0,-1,39.0,3.9,8.0,5.1,14,8,1,15,2,0.10,0.03,0.13,3.42,NA,,NA,,NA,,,,440,162,467,167,431,162,462,165,0.05,0,0.02,0.07,1.71,4,540,107,578,236,421,153,614,218,1,0,7.5,0.10,0.05,2
608,Scarles,DEF,West Ham,WHU,3,4.3,21,0,1,0.0,0.0,0.0,0,656,TRUE,FALSE,100,100,536109,0,0,-2,2,0,0,2,Ollie,FALSE,,2026-03-10T01:30:11.890314Z,43,536109.jpg,1.6,FALSE,Scarles,0.0,FALSE,NA,a,19,21,5219,0,7385,0,0.0,4.9,,241,2022-10-01,2005-12-12,FALSE,p536109,0,16,0,0,0,2,0,0,0,88,142.2,82.1,22.0,24.6,44,35,30,74,9,0.18,0.32,0.50,13.38,5,,NA,,NA,,,,354,133,323,107,397,141,383,132,0.02,0,0.04,0.06,1.84,2.2,614,138,558,232,411,150,626,223,1.23,0,10.15,0.18,0.02,2
609,Todibo,DEF,West Ham,WHU,3,4.3,46,0,1,0.5,0.3,0.3,0,1817,TRUE,FALSE,100,100,462116,0,0,-2,2,0,0,2,Jean-Clair,FALSE,,2026-03-23T08:30:08.757802Z,43,462116.jpg,2.0,FALSE,Todibo,0.1,FALSE,NA,a,19,21,13494,0,21090,0,0.1,10.7,,73,2025-07-01,1999-12-30,FALSE,p462116,1,37,0,0,0,5,1,0,1,160,383.4,66.6,26.0,47.7,128,89,37,165,22,0.25,0.32,0.57,33.73,NA,,NA,,NA,,,,190,77,342,117,389,138,313,104,0.01,0,0.02,0.03,1.67,1.83,597,132,338,121,346,129,491,178,1.09,0.05,8.17,0.25,0.01,2
610,W-Bissaka,DEF,West Ham,WHU,3,4.1,67,0,3,1.0,1.0,1.0,0,2080,TRUE,FALSE,100,100,214590,0,0,-4,4,0,0,2,Aaron,FALSE,,2025-12-13T14:30:12.044504Z,41,214590.jpg,2.7,FALSE,Wan-Bissaka,4.3,FALSE,NA,a,19,21,300045,0,2376588,0,0.2,16.3,,50,2024-08-13,1997-11-26,FALSE,p214590,3,43,0,0,0,4,0,0,0,203,432.0,305.6,30.0,77.2,141,75,33,174,23,0.00,1.00,1.00,35.44,NA,,NA,,NA,,,,165,68,144,36,380,131,213,76,0,0,0.04,0.04,1.53,1.86,662,154,257,93,233,92,87,27,1,0.13,7.53,0.00,0,2
611,Casey,DEF,West Ham,WHU,3,4,0,0,0,0.0,0.0,0.0,0,0,TRUE,FALSE,0,0,518438,0,0,0,0,0,0,2,Kaelan,FALSE,has joined Leyton Orient on loan for the rest of the season.,2025-08-11T01:20:17.436361Z,40,518438.jpg,0.0,FALSE,Casey,0.1,FALSE,NA,u,19,21,0,0,13500,0,0.0,0.0,,241,2022-11-01,2004-10-28,FALSE,p518438,0,0,0,0,0,0,0,0,0,0,0.0,0.0,0.0,0.0,0,0,0,0,0,0.00,0.00,0.00,0.00,NA,,NA,,NA,,,,616,228,608,227,577,223,619,228,0,0,0,0,0,0,724,186,489,189,626,227,561,200,0,0,0,0.00,0,0
612,L.Paqueta,MID,West Ham,WHU,3,5.9,69,4,2,0.0,0.0,0.0,0,1513,TRUE,FALSE,0,0,224024,0,0,-1,1,0,1,3,Lucas,FALSE,has joined Flamengo permanently.,2026-01-15T20:30:10.468843Z,59,224024.jpg,3.8,FALSE,Tolentino Coelho de Lima,1.0,FALSE,NA,u,19,21,897173,0,978768,0,0.0,11.7,,30,2022-08-29,1997-08-27,FALSE,p224024,3,33,0,0,0,5,1,0,8,291,374.6,397.2,186.0,95.7,30,76,40,146,18,2.85,2.00,4.85,24.22,NA,,NA,,NA,,,,197,76,92,66,201,105,161,82,0.17,0,0.12,0.29,1.44,1.96,93,61,818,365,84,40,197,68,1.07,0.18,8.68,2.85,0.17,2
613,Soucek,MID,West Ham,WHU,3,5.7,103,5,2,3.8,2.0,2.0,3,2190,TRUE,FALSE,100,100,215439,0,0,-3,3,0,2,3,Tomáš,FALSE,,2025-09-13T21:30:08.395458Z,57,215439.jpg,2.9,FALSE,Souček,0.5,FALSE,NA,a,19,21,82768,0,127580,0,0.4,18.1,,57,2020-07-28,1995-02-27,FALSE,p215439,7,43,0,0,0,3,1,0,9,428,526.6,191.9,483.0,120.4,115,66,43,224,24,5.73,0.52,6.25,38.47,NA,,NA,,NA,,,,120,37,214,142,58,33,100,58,0.24,0,0.02,0.26,1.58,1.77,115,73,183,86,211,81,280,96,0.99,0.29,9.21,5.73,0.24,2
615,Summerville,MID,West Ham,WHU,3,5.4,110,5,4,1.5,3.0,3.0,6,2470,TRUE,FALSE,100,100,450070,0,0,-1,1,0,2,3,Crysencio,FALSE,,2026-03-10T01:30:11.941511Z,54,450070.jpg,3.5,FALSE,Summerville,1.6,FALSE,NA,a,19,21,671253,0,475650,0,0.6,20.4,,152,2024-08-03,2001-10-30,FALSE,p450070,8,42,0,0,0,6,0,0,10,412,445.8,460.9,546.0,145.0,50,120,45,215,29,5.43,3.35,8.78,37.57,2,,NA,,NA,,,,153,53,68,53,47,26,64,41,0.2,0,0.12,0.32,1.37,1.53,167,103,126,56,121,52,158,52,1.06,0.29,7.83,5.43,0.2,2
616,Alvarez_Edson,MID,West Ham,WHU,3,4.9,0,0,0,0.0,0.0,0.0,0,0,TRUE,FALSE,0,0,213999,0,0,-1,1,0,0,3,Edson,FALSE,Has joined Fenerbahçe on loan for the rest of the season.,2025-08-26T13:45:35.073930Z,49,213999.jpg,0.0,FALSE,Álvarez Velázquez,0.0,FALSE,NA,u,19,21,1147,0,16150,0,0.0,0.0,,139,2023-08-10,1997-10-24,FALSE,p213999,0,0,0,0,0,0,0,0,0,0,0.0,0.0,0.0,0.0,0,0,0,0,0,0.00,0.00,0.00,0.00,NA,,NA,,NA,,,,792,343,788,343,785,342,792,343,0,0,0,0,0,0,305,190,733,304,792,343,600,225,0,0,0,0.00,0,0
617,Cornet,MID,West Ham,WHU,3,4.9,0,0,0,0.0,0.0,0.0,0,0,TRUE,FALSE,0,0,149519,0,0,-1,1,0,0,3,Maxwel,FALSE,has joined Genoa on loan for the rest of the season.,2025-09-02T12:21:17.687537Z,49,149519.jpg,0.0,FALSE,Cornet,0.0,FALSE,NA,u,19,21,246,0,3237,0,0.0,0.0,,54,2022-08-07,1996-09-27,FALSE,p149519,0,0,0,0,0,0,0,0,0,0,0.0,0.0,0.0,0.0,0,0,0,0,0,0.00,0.00,0.00,0.00,NA,,NA,,NA,,,,789,341,785,341,782,340,789,341,0,0,0,0,0,0,285,175,726,300,789,341,721,298,0,0,0,0.00,0,0
618,G.Rodriguez,MID,West Ham,WHU,3,4.8,8,0,0,0.0,0.0,0.0,0,175,TRUE,FALSE,0,0,197024,0,0,-2,2,0,0,3,Guido,FALSE,has joined Valencia on loan for the rest of the season.,2026-01-27T16:46:42.877713Z,48,197024.jpg,1.3,FALSE,Rodríguez,0.0,FALSE,NA,u,19,21,2295,0,6270,0,0.0,1.7,,10,2024-08-06,1994-04-12,FALSE,p197024,1,2,0,0,0,1,0,0,0,30,9.8,6.0,2.0,1.7,4,10,1,15,2,0.03,0.04,0.07,2.59,NA,,NA,,NA,,,,481,213,460,220,466,230,493,222,0.02,0,0.02,0.04,1.33,1.03,348,219,718,296,446,196,619,237,1.03,0.51,7.71,0.03,0.02,2
619,L.Guilherme,MID,West Ham,WHU,3,4.9,5,0,0,0.0,0.0,0.0,0,121,TRUE,FALSE,0,0,577114,0,0,-1,1,0,0,3,Luis Guilherme,FALSE,has joined Sporting CP permanently.,2026-01-07T10:24:45.612642Z,49,577114.jpg,1.0,FALSE,Lira dos Santos,0.0,FALSE,NA,u,19,21,868,0,3450,0,0.0,1.0,,30,2024-06-14,2006-02-09,FALSE,p577114,0,2,0,0,0,0,0,0,0,11,9.2,14.5,4.0,2.5,2,8,1,11,1,0.07,0.03,0.10,1.82,NA,,NA,,NA,,,,482,214,425,208,450,221,483,217,0.05,0,0.02,0.07,1.35,1.49,336,208,751,317,510,233,698,280,0.74,0,8.18,0.07,0.05,0
620,Earthy,MID,West Ham,WHU,3,4.5,1,0,0,0.0,0.0,0.0,0,8,TRUE,FALSE,0,0,490885,0,0,0,0,0,0,3,George,FALSE,has joined Bristol City on loan for the rest of the season.,2026-01-15T12:52:30.193987Z,45,490885.jpg,1.0,FALSE,Earthy,0.0,FALSE,NA,u,19,21,3770,0,9682,0,0.0,0.2,,241,2023-07-14,2004-09-05,FALSE,p490885,0,1,0,0,0,0,0,0,0,3,0.0,1.5,2.0,0.4,0,0,0,0,0,0.00,0.01,0.01,0.73,NA,,NA,,NA,,,,719,284,486,234,463,227,516,234,0,0,0.11,0.11,8.21,11.25,447,267,633,230,490,218,618,236,0,0,0,0.00,0,0
621,Irving,MID,West Ham,WHU,3,4.3,9,0,0,0.0,0.0,0.0,0,156,TRUE,FALSE,0,0,229384,0,0,-2,2,0,0,3,Andy,FALSE,has joined Sparta Prague permanently.,2026-01-19T15:40:15.184233Z,43,229384.jpg,1.3,FALSE,Irving,0.2,FALSE,NA,u,19,21,43311,0,57528,0,0.0,2.1,,243,2023-08-31,2000-05-13,FALSE,p229384,0,4,0,0,0,0,0,0,0,49,31.6,52.3,2.0,8.6,2,14,6,22,2,0.00,0.17,0.17,4.03,NA,,NA,,NA,,,,450,198,365,190,458,224,442,199,0,0,0.1,0.1,2.32,2.31,593,353,546,175,442,193,387,133,1.15,0,12.69,0.00,0,2
622,Orford,MID,West Ham,WHU,3,4.4,0,0,0,0.0,0.0,0.0,0,0,TRUE,FALSE,0,0,518442,0,0,-1,1,0,0,3,Lewis,FALSE,has joined Stevenage on loan for the rest of the season.,2025-09-02T12:14:36.944075Z,44,518442.jpg,0.0,FALSE,Orford,0.1,FALSE,NA,u,19,21,1052,0,12054,0,0.0,0.0,,241,2022-11-01,2006-02-18,FALSE,p518442,0,0,0,0,0,0,0,0,0,0,0.0,0.0,0.0,0.0,0,0,0,0,0,0.00,0.00,0.00,0.00,NA,,NA,,NA,,,,684,261,680,264,659,255,686,263,0,0,0,0,0,0,560,337,590,203,692,268,583,217,0,0,0,0.00,0,0
623,Potts,MID,West Ham,WHU,3,4.3,37,0,1,0.2,0.0,0.0,0,1162,TRUE,FALSE,100,100,490142,0,0,-2,2,0,0,3,Freddie,FALSE,,2026-02-14T16:00:06.838115Z,43,490142.jpg,1.7,FALSE,Potts,0.5,FALSE,NA,a,19,21,151269,0,178199,0,0.0,8.6,,241,2021-12-08,2003-09-12,FALSE,p490142,1,25,0,0,0,1,0,0,0,215,191.2,141.3,37.0,37.1,51,39,29,119,12,0.21,1.06,1.27,21.35,NA,,NA,,NA,,,,316,138,258,162,365,186,344,164,0.02,0,0.08,0.1,1.65,1.94,604,358,551,179,394,169,266,91,0.93,0.08,9.22,0.21,0.02,2
624,Bowen,FWD,West Ham,WHU,3,7.8,187,9,13,4.0,5.3,5.3,12,3406,TRUE,FALSE,NA,NA,178186,0,0,-2,2,0,5,4,Jarrod,TRUE,,NA,78,178186.jpg,4.9,FALSE,Bowen,17.5,FALSE,NA,a,19,21,4517725,0,4109146,0,0.7,24.0,,241,2020-01-31,1996-12-20,FALSE,p178186,8,63,0,0,0,4,0,0,28,731,881.4,694.0,813.0,238.9,73,159,49,281,38,7.22,5.21,12.43,58.16,1,,1,,2,,,,18,3,27,1,14,7,8,3,0.19,0,0.14,0.33,1.54,1.66,18,6,28,4,16,3,16,4,1,0.21,7.43,7.22,0.19,2
625,Fullkrug,FWD,West Ham,WHU,3,5.6,12,0,0,0.0,0.0,0.0,0,407,TRUE,FALSE,0,0,91889,0,0,-4,4,0,0,4,Niclas,FALSE,has joined AC Milan on loan for the rest of the season.,2026-01-02T18:40:36.220660Z,56,91889.jpg,1.5,FALSE,Füllkrug,0.6,FALSE,NA,u,19,21,47611,0,393446,0,0.0,2.1,,80,2024-08-05,1993-02-09,FALSE,p91889,1,11,0,0,0,0,0,0,0,28,26.0,85.1,130.0,23.8,7,10,2,19,5,0.93,0.21,1.14,8.59,NA,,NA,,NA,,,,455,52,312,36,253,48,387,49,0.21,0,0.05,0.26,1.9,2.43,122,34,814,87,427,50,260,39,1.11,0.22,4.2,0.93,0.21,2
626,Marshall,FWD,West Ham,WHU,3,4.3,2,0,0,0.0,0.0,0.0,0,58,TRUE,FALSE,0,0,565431,0,0,-2,2,0,0,4,Callum,FALSE,has joined VfL Bochum 1848 on loan for the rest of the season.,2026-01-08T10:37:12.178122Z,43,565431.jpg,1.0,FALSE,Marshall,0.5,FALSE,NA,u,19,21,63604,0,108749,0,0.0,0.5,,242,2023-09-26,2004-11-28,FALSE,p565431,0,2,0,0,0,0,0,0,0,0,1.2,0.1,7.0,0.8,2,1,0,3,0,0.13,0.00,0.13,1.55,NA,,NA,,NA,,,,518,62,500,63,436,60,507,60,0.2,0,0,0.2,2.41,3.1,620,88,564,57,480,57,272,43,0,0,4.66,0.13,0.2,0
659,W-Peters,DEF,West Ham,WHU,3,4.2,53,1,0,0.8,2.0,2.0,6,1378,TRUE,FALSE,NA,NA,158534,0,0,-3,3,0,0,2,Kyle,FALSE,,NA,42,158534.jpg,2.3,FALSE,Walker-Peters,0.3,FALSE,NA,a,19,21,39154,0,58832,0,0.5,12.6,,241,2025-07-20,1997-04-13,FALSE,p158534,4,25,0,0,0,2,0,0,0,219,267.0,124.5,106.0,49.8,49,59,44,93,15,1.13,0.37,1.50,27.62,NA,,NA,,NA,,,,268,107,279,80,277,79,306,100,0.07,0,0.02,0.09,1.8,1.63,639,141,168,58,303,116,346,124,0.98,0.26,6.07,1.13,0.07,2
671,Wilson,FWD,West Ham,WHU,3,5.8,80,7,2,2.0,2.7,2.7,5,1234,TRUE,FALSE,100,100,75115,0,0,-2,2,0,1,4,Callum,FALSE,,2026-04-08T15:00:09.529188Z,58,75115.jpg,2.5,FALSE,Wilson,0.6,FALSE,NA,a,19,21,218506,0,226058,0,0.5,13.8,,241,2025-08-02,1992-02-27,FALSE,p75115,1,24,0,0,0,1,0,0,7,296,305.2,109.0,509.0,91.1,10,27,4,41,11,7.60,0.54,8.14,21.49,NA,,NA,,NA,,,,241,23,291,33,52,22,172,26,0.55,0,0.04,0.59,1.57,1.75,101,28,145,17,279,31,259,38,0.8,0.07,2.99,7.60,0.55,2
679,Hermansen,GKP,West Ham,WHU,3,4.2,76,0,1,2.8,4.7,4.7,7,1620,TRUE,FALSE,NA,NA,467189,0,0,-3,3,0,2,1,Mads,FALSE,,NA,42,467189.jpg,4.2,FALSE,Hermansen,1.0,FALSE,NA,a,19,21,160951,0,77084,0,1.1,18.1,,58,2025-08-09,2000-07-11,FALSE,p467189,7,28,0,0,0,0,0,55,8,282,422.0,20.0,0.0,44.2,20,168,0,0,18,0.00,0.01,0.01,23.98,NA,,NA,,NA,,,,171,21,414,7,619,73,326,21,0,3.06,0,0,1.33,1.56,647,34,45,4,44,4,199,24,1,0.39,0,0.00,0,0
708,M.Fernandes,MID,West Ham,WHU,3,5.5,135,3,4,3.0,5.0,5.0,9,3017,TRUE,FALSE,100,100,551226,0,0,0,0,0,1,3,Mateus Gonçalo,FALSE,,2026-01-15T20:30:10.600167Z,55,551226.jpg,3.8,FALSE,Espanha Fernandes,0.6,FALSE,NA,a,19,21,177675,0,105524,0,0.9,24.5,Mateus Fernandes,173,2025-08-29,2004-07-10,FALSE,p551226,8,50,0,0,0,7,0,0,7,659,657.2,622.8,183.0,146.3,84,182,103,369,35,1.99,2.96,4.95,48.30,4,,NA,,NA,,,,64,17,34,31,207,108,62,40,0.06,0,0.09,0.15,1.44,1.49,147,92,39,12,83,39,247,87,1.04,0.24,11.01,1.99,0.06,2
718,S.Magassa,MID,West Ham,WHU,3,5,42,1,0,0.2,0.0,0.0,0,971,TRUE,FALSE,NA,NA,564940,0,0,0,0,0,0,3,Soungoutou,FALSE,,NA,50,564940.jpg,1.9,FALSE,Magassa,0.0,FALSE,NA,a,19,21,5660,0,5281,0,0.0,8.4,,73,2025-08-30,2003-10-08,FALSE,p564940,2,23,0,0,0,4,0,0,2,185,182.0,83.4,44.0,31.0,33,54,40,127,11,0.44,0.32,0.76,19.03,NA,,NA,,NA,,,,323,143,319,176,353,183,367,173,0.04,0,0.03,0.07,1.76,2.13,275,169,768,330,363,155,660,261,1.02,0.19,11.77,0.44,0.04,2
738,Fabianski,GKP,West Ham,WHU,3,4.5,0,0,0,0.0,0.0,0.0,0,0,TRUE,FALSE,100,100,37096,0,0,0,0,0,0,1,Lukasz,FALSE,,2026-01-05T18:30:10.223348Z,45,37096.jpg,0.0,FALSE,Fabianski,0.0,FALSE,NA,a,19,21,8920,0,6586,0,0.0,0.0,,172,2025-09-10,1985-04-18,FALSE,p37096,0,0,0,0,0,0,0,0,0,0,0.0,0.0,0.0,0.0,0,0,0,0,0,0.00,0.00,0.00,0.00,NA,,NA,,NA,,,,698,94,693,88,674,78,700,94,0,0,0,0,0,0,408,22,609,90,704,94,586,80,0,0,0,0.00,0,0
747,Mayers,DEF,West Ham,WHU,3,4,6,0,0,0.0,0.0,0.0,0,113,TRUE,FALSE,NA,NA,602903,0,0,0,0,0,0,2,Ezra,FALSE,,NA,40,602903.jpg,1.0,FALSE,Mayers,0.0,FALSE,NA,a,19,21,3005,0,2657,0,0.0,1.5,,241,2024-11-29,2007-01-16,FALSE,p602903,0,3,0,0,0,0,0,0,0,18,21.8,34.9,9.0,6.6,5,6,0,5,0,0.12,0.49,0.61,3.21,NA,,NA,,NA,,,,462,169,389,140,430,161,455,163,0.1,0,0.39,0.49,2.56,2.39,743,202,508,205,472,172,623,221,0,0,3.98,0.12,0.1,0
752,Golambeckis,DEF,West Ham,WHU,3,4,0,0,0,0.0,0.0,0.0,0,0,TRUE,FALSE,NA,NA,643473,0,0,0,0,0,0,2,Airidas,FALSE,,NA,40,643473.jpg,0.0,FALSE,Golambeckis,0.0,FALSE,NA,a,19,21,2885,0,2514,0,0.0,0.0,,241,2025-07-23,2007-11-04,FALSE,p643473,0,0,0,0,0,0,0,0,0,0,0.0,0.0,0.0,0.0,0,0,0,0,0,0.00,0.00,0.00,0.00,NA,,NA,,NA,,,,641,249,633,248,604,246,644,249,0,0,0,0,0,0,754,212,518,214,651,248,632,226,0,0,0,0.00,0,0
758,Mohamadou Kante,MID,West Ham,WHU,3,4.5,9,0,0,0.0,0.3,0.3,1,67,TRUE,FALSE,NA,NA,630699,0,0,0,0,0,0,3,Mohamadou,FALSE,,NA,45,630699.jpg,0.8,FALSE,Kanté,0.0,FALSE,NA,a,19,21,2553,0,1680,0,0.1,2.0,,73,2024-08-22,2005-09-20,FALSE,p630699,0,1,0,0,0,2,0,0,0,29,18.0,13.2,12.0,4.0,3,7,6,16,0,0.07,0.04,0.11,2.00,NA,,NA,,NA,,,,467,207,429,211,422,206,471,210,0.09,0,0.05,0.14,2.69,1.34,514,321,347,153,531,245,730,304,0,0,21.49,0.07,0.09,2
785,Pablo,FWD,West Ham,WHU,3,5.4,26,0,1,1.5,1.0,1.0,1,819,TRUE,FALSE,100,100,530335,0,0,-1,1,0,0,4,Pablo Felipe,FALSE,,2026-02-11T13:00:10.463810Z,54,530335.jpg,1.9,FALSE,Pereira de Jesus,0.0,FALSE,NA,a,19,21,7342,0,5527,0,0.2,4.8,Pablo,30,2026-01-02,2004-01-02,FALSE,p530335,3,12,0,0,0,0,0,0,0,102,111.8,191.5,108.0,41.3,18,28,26,72,10,1.05,1.11,2.16,12.82,NA,,NA,,NA,,,,385,44,216,21,276,50,337,42,0.12,0,0.12,0.24,1.41,1.32,175,41,278,36,367,40,696,89,1.1,0.33,7.91,1.05,0.12,2
791,Taty,FWD,West Ham,WHU,3,5.5,61,6,1,2.2,5.0,5.0,8,1384,TRUE,FALSE,NA,NA,247670,0,0,0,0,0,0,4,Valentín,FALSE,,NA,55,247670.jpg,3.4,FALSE,Castellanos,0.3,FALSE,NA,a,19,21,85487,0,43766,0,0.9,11.1,,10,2026-01-05,1998-10-03,FALSE,p247670,9,16,0,0,0,6,0,0,5,243,280.6,175.5,595.0,103.9,29,31,11,71,17,5.75,0.81,6.56,19.75,NA,,NA,,NA,,,,259,25,229,24,38,17,140,22,0.37,0,0.05,0.42,1.28,1.04,140,35,38,7,137,14,311,51,1.11,0.59,4.62,5.75,0.37,2
802,Lamadrid,MID,West Ham,WHU,3,5,0,0,0,0.0,0.0,0.0,0,0,TRUE,FALSE,NA,NA,572702,0,0,0,0,0,0,3,Keiber,FALSE,,NA,50,572702.jpg,0.0,FALSE,Lamadrid,0.0,FALSE,NA,a,19,21,733,0,558,0,0.0,0.0,,233,2026-01-22,2003-11-18,FALSE,p572702,0,0,0,0,0,0,0,0,0,0,0.0,0.0,0.0,0.0,0,0,0,0,0,0.00,0.00,0.00,0.00,NA,,NA,,NA,,,,816,362,815,362,812,361,816,362,0,0,0,0,0,0,278,171,771,332,816,362,767,327,0,0,0,0.00,0,0
815,Disasi,DEF,West Ham,WHU,3,4.5,49,0,0,1.8,3.0,3.0,6,1254,TRUE,FALSE,NA,NA,220362,0,0,0,0,0,0,2,Axel,FALSE,,NA,45,220362.jpg,3.5,FALSE,Disasi,0.2,FALSE,NA,a,19,21,41500,0,18529,0,0.7,10.9,,73,2026-02-02,1998-03-11,FALSE,p220362,6,17,1,0,0,1,0,0,1,186,220.8,19.9,84.0,32.4,74,32,14,88,14,1.10,0.03,1.13,18.54,NA,,NA,,NA,,,,293,115,415,151,306,93,360,122,0.08,0,0,0.08,1.33,1.22,422,82,116,37,113,42,393,145,1,0.43,6.32,1.10,0.08,2
825,Herrick,GKP,West Ham,WHU,3,4,0,0,0,0.0,0.0,0.0,0,0,TRUE,FALSE,NA,NA,553742,0,0,0,0,0,0,1,Finlay,FALSE,,NA,40,553742.jpg,0.0,FALSE,Herrick,0.0,FALSE,NA,a,19,21,488,0,198,0,0.0,0.0,,241,2024-08-02,2006-01-18,FALSE,p553742,0,0,0,0,0,0,0,0,0,0,0.0,0.0,0.0,0.0,0,0,0,0,0,0.00,0.00,0.00,0.00,NA,,NA,,NA,,,,621,87,613,77,583,62,624,87,0,0,0,0,0,0,730,66,495,80,631,87,790,93,0,0,0,0.00,0,0
627,Johnstone,GKP,Wolves,WOL,2,4.4,21,0,0,0.0,0.0,0.0,0,1080,TRUE,FALSE,0,0,101982,0,0,-1,1,0,0,1,Sam,FALSE,Shoulder injury - Expected back 25 May,2026-04-09T16:30:11.143730Z,44,101982.jpg,1.8,FALSE,Johnstone,0.1,FALSE,NA,i,20,39,21265,0,27220,0,0.0,4.8,,241,2024-08-30,1993-03-25,FALSE,p101982,0,24,1,0,0,0,0,39,0,117,308.0,0.1,0.0,30.8,24,107,2,0,12,0.00,0.02,0.02,18.59,NA,,NA,,NA,,,https://www.wolves.co.uk/news/features/20260409-preview-west-ham-vs-wolves/?utm_source=premier_league&utm_medium=referral&utm_campaign=fantasy&utm_content=injuries-flag,240,23,501,18,646,76,368,23,0,3.25,0,0,1.55,2,533,25,574,88,379,37,448,64,1,0,0,0.00,0,0
628,Sa,GKP,Wolves,WOL,2,4.2,68,0,0,1.2,3.0,3.0,6,2070,TRUE,FALSE,100,100,149065,0,0,-3,3,0,2,1,José,FALSE,,2026-05-01T15:00:10.548658Z,42,149065.jpg,3.0,FALSE,Malheiro de Sá,1.1,FALSE,NA,a,20,39,132847,0,228864,0,0.7,16.2,José Sá,173,2021-07-15,1993-01-17,FALSE,p149065,4,37,0,0,0,2,0,65,8,303,514.2,10.0,0.0,52.8,46,217,1,0,23,0.00,0.04,0.04,35.24,NA,,NA,,NA,,,,126,19,440,11,616,70,293,19,0,2.83,0,0,1.53,1.61,638,31,113,12,190,23,190,23,1,0.17,0,0.00,0,0
629,Bentley,GKP,Wolves,WOL,2,3.9,6,0,0,1.0,0.7,0.7,0,270,TRUE,FALSE,100,100,79602,0,0,-1,1,0,0,1,Daniel,FALSE,,2026-01-15T19:30:10.431067Z,39,79602.jpg,2.0,FALSE,Bentley,0.5,FALSE,NA,a,20,39,28036,0,58934,0,0.2,1.5,,241,2023-01-25,1993-07-13,FALSE,p79602,0,7,0,0,0,0,0,7,0,24,65.4,0.0,0.0,6.5,5,26,0,0,3,0.00,0.00,0.00,5.10,NA,,NA,,NA,,,,421,35,533,27,502,12,456,35,0,2.33,0,0,1.7,2.33,761,71,291,21,341,33,274,36,1,0,0,0.00,0,0
631,Agbadou,DEF,Wolves,WOL,2,4.2,23,0,0,0.0,0.0,0.0,0,1100,TRUE,FALSE,0,0,516939,0,0,-3,3,0,0,2,Emmanuel,FALSE,has joined Besiktas permanently.,2026-02-08T15:58:03.693568Z,42,516939.jpg,1.6,FALSE,Agbadou,0.1,FALSE,NA,u,20,39,24605,0,63793,0,0.0,5.5,,54,2025-01-09,1997-06-17,FALSE,p516939,0,29,0,0,0,1,1,0,0,86,312.2,76.0,75.0,46.4,93,65,32,125,12,0.57,0.40,0.97,18.26,NA,,NA,,NA,,,,237,94,334,113,314,99,320,106,0.05,0,0.03,0.08,1.49,2.37,651,150,534,224,410,149,463,172,0.98,0,10.23,0.57,0.05,2
632,Doherty,DEF,Wolves,WOL,2,4.4,14,0,0,0.0,0.0,0.0,0,786,TRUE,FALSE,0,0,87835,0,0,-1,1,0,0,2,Matt,FALSE,Knock - Expected back 01 Jun,2026-05-22T19:00:08.222316Z,44,87835.jpg,1.3,FALSE,Doherty,0.1,FALSE,NA,i,20,39,7251,0,21656,0,0.0,3.2,,104,2023-07-20,1992-01-16,FALSE,p87835,1,15,0,0,0,4,0,0,0,59,132.4,51.1,20.0,20.5,50,28,16,66,11,0.09,0.19,0.28,14.13,NA,,NA,,NA,,,,367,137,366,130,403,144,394,139,0.01,0,0.02,0.03,1.62,1.72,531,100,573,233,443,160,514,184,1.26,0.11,7.56,0.09,0.01,2
633,H.Bueno,DEF,Wolves,WOL,2,4.3,83,1,3,2.2,0.7,0.7,1,2359,TRUE,FALSE,100,100,490721,0,0,-2,2,0,1,2,Hugo,FALSE,,2025-12-19T14:30:09.734923Z,43,490721.jpg,2.4,FALSE,Bueno López,0.2,FALSE,NA,a,20,39,64784,0,56092,0,0.2,19.3,Hugo Bueno,200,2021-01-29,2002-09-18,FALSE,p490721,4,44,0,0,0,3,0,0,4,325,554.6,673.9,172.0,140.4,108,115,64,172,26,0.86,3.49,4.35,40.19,1,,NA,,NA,,,,103,47,30,2,216,56,67,11,0.03,0,0.13,0.16,1.53,1.68,606,136,296,106,288,112,406,151,0.99,0.15,6.56,0.86,0.03,2
634,Mosquera,DEF,Wolves,WOL,2,4.3,61,0,0,1.8,2.7,2.7,3,2137,TRUE,FALSE,100,100,501837,0,0,-2,2,0,1,2,Yerson,FALSE,,2026-04-10T23:00:10.249892Z,43,501837.jpg,2.3,FALSE,Mosquera Valdelamar,0.1,FALSE,NA,a,20,39,21555,0,20392,0,0.6,14.2,,48,2021-06-17,2001-05-02,FALSE,p501837,4,40,2,0,0,12,0,0,3,209,426.0,140.4,268.0,83.5,159,93,60,219,24,2.51,0.62,3.13,36.42,NA,,NA,,NA,,,,168,69,259,67,132,25,194,68,0.11,0,0.03,0.14,1.53,1.68,612,137,131,46,305,117,499,179,1.01,0.17,9.22,2.51,0.11,2
635,R.Gomes,DEF,Wolves,WOL,2,4.4,48,3,0,2.5,1.7,1.7,2,954,TRUE,FALSE,100,100,483081,0,0,-1,1,0,0,2,Rodrigo,FALSE,,2025-10-31T09:00:09.735105Z,44,483081.jpg,2.2,FALSE,Martins Gomes,0.1,FALSE,NA,a,20,39,16308,0,18939,0,0.4,10.9,Rodrigo Gomes,173,2024-07-01,2003-07-07,FALSE,p483081,1,18,0,0,0,0,0,0,0,100,185.6,75.5,221.0,48.2,23,33,22,45,9,2.13,0.39,2.52,14.08,NA,,NA,,NA,,,,320,124,335,114,162,34,309,102,0.2,0,0.04,0.24,1.33,1.7,555,117,205,74,317,122,523,188,0.85,0.09,4.25,2.13,0.2,2
636,S.Bueno,DEF,Wolves,WOL,2,4.4,92,3,2,3.8,1.7,1.7,2,2552,TRUE,FALSE,100,100,231480,0,0,-1,1,0,1,2,Santiago,FALSE,,2025-12-29T19:30:09.980940Z,44,231480.jpg,3.2,FALSE,Ignacio Bueno,0.2,FALSE,NA,a,20,39,51349,0,37995,0,0.4,20.9,Santiago Bueno,230,2023-08-31,1998-11-09,FALSE,p231480,4,47,0,0,0,4,0,0,4,310,611.2,131.8,259.0,100.0,165,66,51,216,28,2.28,1.45,3.73,43.72,NA,,NA,,NA,,,,78,34,269,74,137,26,148,45,0.08,0,0.05,0.13,1.54,1.66,543,109,203,72,161,59,396,146,0.99,0.14,7.62,2.28,0.08,2
637,Toti,DEF,Wolves,WOL,2,4.2,41,0,0,2.2,1.3,1.3,1,1423,TRUE,FALSE,100,100,510362,0,0,-3,3,0,0,2,Toti,FALSE,,2025-12-23T17:30:09.064024Z,42,510362.jpg,2.2,FALSE,Gomes,0.1,FALSE,NA,a,20,39,9596,0,21384,0,0.3,9.8,Toti Gomes,173,2022-01-14,1999-01-16,FALSE,p510362,1,33,0,0,0,1,1,0,0,140,349.0,92.7,73.0,51.7,120,53,23,143,17,0.53,0.29,0.82,25.43,NA,,NA,,NA,,,,211,88,304,98,319,102,298,94,0.03,0,0.02,0.05,1.61,2.09,650,149,226,80,316,121,512,182,1.08,0.06,9.04,0.53,0.03,2
638,Hoever,DEF,Wolves,WOL,2,3.8,10,0,0,0.0,0.0,0.0,0,423,TRUE,FALSE,0,0,441271,0,0,-2,2,0,0,2,Ki-Jana,FALSE,has joined Sheffield United on loan for the rest of the season.,2026-01-15T12:48:19.136376Z,38,441271.jpg,1.2,FALSE,Hoever,0.8,FALSE,NA,u,20,39,121813,0,273694,0,0.0,2.6,,152,2020-09-19,2002-01-18,FALSE,p441271,0,13,0,0,0,0,0,0,0,38,101.4,87.8,13.0,20.3,27,16,13,40,6,0.02,0.36,0.38,9.36,NA,,NA,,NA,,,,392,146,309,101,420,156,395,140,0,0,0.08,0.08,1.99,2.77,812,244,391,142,451,161,217,85,1.28,0,8.51,0.02,0,2
639,Meupiyou,DEF,Wolves,WOL,2,4,0,0,0,0.0,0.0,0.0,0,0,TRUE,FALSE,0,0,560248,0,0,0,0,0,0,2,Bastien,FALSE,On loan to FC Alverca,2025-07-23T18:49:36.204721Z,40,560248.jpg,0.0,FALSE,Meupiyou Menadjou,0.0,FALSE,NA,u,20,39,0,0,910,0,0.0,0.0,,73,2024-08-29,2006-03-19,FALSE,p560248,0,0,0,0,0,0,0,0,0,0,0.0,0.0,0.0,0.0,0,0,0,0,0,0.00,0.00,0.00,0.00,NA,,NA,,NA,,,,623,233,615,232,585,229,626,233,0,0,0,0,0,0,732,192,497,195,633,232,779,261,0,0,0,0.00,0,0
640,Pedro Lima,DEF,Wolves,WOL,2,4,10,0,0,1.2,1.0,1.0,1,257,TRUE,FALSE,100,100,641221,0,0,0,0,0,0,2,Pedro,FALSE,,2025-09-02T13:11:07.466362Z,40,641221.jpg,1.1,FALSE,Cardoso de Lima,0.4,FALSE,NA,a,20,39,11992,0,91788,0,0.2,2.5,Pedro Lima,30,2024-07-02,2006-07-01,FALSE,p641221,0,6,0,0,0,0,0,0,0,18,36.4,48.5,39.0,12.3,11,11,8,19,3,0.35,0.37,0.72,4.54,NA,,NA,,NA,,,,443,163,372,132,360,122,423,152,0.12,0,0.13,0.25,1.59,2.1,752,210,256,92,457,163,297,110,1.05,0,6.65,0.35,0.12,2
641,Pond,DEF,Wolves,WOL,2,3.9,0,0,0,0.0,0.0,0.0,0,0,TRUE,FALSE,0,0,517179,0,0,-1,1,0,0,2,Alfie,FALSE,has joined Crewe Alexandra on loan for the rest of the season.,2026-01-07T20:20:32.671640Z,39,517179.jpg,0.0,FALSE,Pond,0.9,FALSE,NA,u,20,39,85684,0,154609,0,0.0,0.0,,241,2024-09-17,2004-03-01,FALSE,p517179,0,0,0,0,0,0,0,0,0,0,0.0,0.0,0.0,0.0,0,0,0,0,0,0.00,0.00,0.00,0.00,NA,,NA,,NA,,,,569,206,555,205,524,201,572,206,0,0,0,0,0,0,789,227,432,162,580,206,209,80,0,0,0,0.00,0,0
642,Hee Chan,MID,Wolves,WOL,2,5.6,54,2,2,1.8,2.3,2.3,1,1439,TRUE,FALSE,100,100,184754,0,0,-4,4,0,0,3,Hwang,FALSE,,2026-02-07T22:00:09.311834Z,56,184754.jpg,2.1,FALSE,Hee-chan,0.1,FALSE,NA,a,20,39,55545,0,62652,0,0.4,9.6,Hwang Hee-Chan,114,2022-07-01,1996-01-26,FALSE,p184754,2,29,0,0,0,5,0,0,0,165,163.4,216.5,166.0,53.4,29,57,10,96,18,2.37,1.57,3.94,23.37,NA,,2,,3,,,,339,153,187,124,220,119,291,149,0.15,0,0.1,0.25,1.46,1.81,125,78,160,70,338,145,445,153,1.13,0.13,6,2.37,0.15,2
643,Andre,MID,Wolves,WOL,2,5.2,96,1,0,1.8,2.7,2.7,4,2760,TRUE,FALSE,100,100,509291,0,0,-3,3,0,1,3,André,FALSE,,2026-02-07T22:00:09.326016Z,52,509291.jpg,2.7,FALSE,Trindade da Costa Neto,0.1,FALSE,NA,a,20,39,27721,0,28201,0,0.5,18.5,André,30,2024-08-30,2001-07-16,FALSE,p509291,2,53,0,0,0,12,0,0,4,473,423.0,320.6,46.0,78.9,90,212,81,383,30,0.52,0.99,1.51,47.29,NA,,NA,,NA,,,,169,63,130,90,350,181,210,100,0.02,0,0.03,0.05,1.54,1.73,215,132,143,63,244,97,470,162,0.98,0.07,12.49,0.52,0.02,2
644,Bellegarde,MID,Wolves,WOL,2,5.1,44,1,1,0.5,0.7,0.7,0,1239,TRUE,FALSE,100,100,231057,0,0,-4,4,0,0,3,Jean-Ricner,FALSE,,2025-12-09T13:00:10.361407Z,51,231057.jpg,1.7,FALSE,Bellegarde,0.0,FALSE,NA,a,20,39,7632,0,13799,0,0.1,8.6,,92,2023-09-01,1998-06-27,FALSE,p231057,3,30,0,0,0,5,0,0,0,208,195.4,210.3,145.0,54.6,33,44,28,105,15,1.04,1.06,2.10,23.51,NA,,4,,NA,,,,315,137,195,129,238,131,288,147,0.08,0,0.08,0.16,1.71,2.18,231,141,312,139,405,175,601,226,1.09,0.22,7.63,1.04,0.08,2
645,Fer Lopez,MID,Wolves,WOL,2,5.1,12,0,1,0.0,0.0,0.0,0,228,TRUE,FALSE,0,0,643135,0,0,-4,4,0,0,3,Fer,FALSE,has joined Celta Vigo on loan for the rest of the season.,2026-01-27T16:47:01.662371Z,51,643135.jpg,1.3,FALSE,López González,0.0,FALSE,NA,u,20,39,1383,0,5009,0,0.0,2.4,,200,2025-06-20,2004-05-24,FALSE,p643135,0,9,0,0,0,1,0,0,0,38,29.0,61.0,37.0,12.4,1,10,1,12,2,0.16,0.61,0.77,3.98,NA,,NA,,NA,,,,453,201,352,186,367,187,422,191,0.06,0,0.24,0.3,1.57,3.55,240,145,779,339,449,199,665,264,0.79,0,4.74,0.16,0.06,2
646,J.Gomes,MID,Wolves,WOL,2,5.3,107,1,2,2.8,2.0,2.0,0,2829,TRUE,FALSE,100,100,448089,0,0,-2,2,0,1,3,João Victor,FALSE,,2026-01-05T19:30:09.679999Z,53,448089.jpg,3.1,FALSE,Gomes da Silva,0.3,FALSE,NA,a,20,39,112107,0,94086,0,0.4,20.2,João Gomes,30,2023-01-30,2001-02-12,FALSE,p448089,4,56,0,0,0,10,0,0,6,529,486.6,353.4,176.0,102.0,87,193,107,387,32,1.29,2.09,3.38,48.60,NA,,3,,NA,,,,136,47,111,78,213,114,144,78,0.04,0,0.07,0.11,1.55,1.78,192,122,177,83,183,72,332,113,1.02,0.13,12.31,1.29,0.04,2
647,Guedes,MID,Wolves,WOL,2,5.5,0,0,0,0.0,0.0,0.0,0,0,TRUE,FALSE,0,0,181284,0,0,0,0,0,0,3,Gonçalo Manuel,FALSE,Has joined Real Sociedad permanently.,2025-08-11T01:21:19.226169Z,55,181284.jpg,0.0,FALSE,Ganchinho Guedes,0.0,FALSE,NA,u,20,39,0,0,796,0,0.0,0.0,,173,2022-08-08,1996-11-29,FALSE,p181284,0,0,0,0,0,0,0,0,0,0,0.0,0.0,0.0,0.0,0,0,0,0,0,0.00,0.00,0.00,0.00,NA,,NA,,NA,,,,829,371,829,371,828,371,829,371,0,0,0,0,0,0,137,85,807,358,829,371,809,356,0,0,0,0.00,0,0
648,Munetsi,MID,Wolves,WOL,2,5.3,38,1,2,0.0,0.0,0.0,0,872,TRUE,FALSE,0,0,433312,0,0,-2,2,0,0,3,Marshall,FALSE,has joined Paris FC on loan for the rest of the season.,2025-12-04T10:30:09.808170Z,53,433312.jpg,2.9,FALSE,Munetsi,0.0,FALSE,NA,u,20,39,19177,0,23262,0,0.0,7.2,,239,2025-02-03,1996-06-22,FALSE,p433312,0,19,0,0,0,2,0,0,1,131,163.6,61.8,196.0,42.1,39,20,21,80,9,1.64,0.38,2.02,13.36,NA,,NA,,NA,,,,338,152,351,185,188,101,330,157,0.17,0,0.04,0.21,1.38,1.96,190,121,788,343,209,79,637,244,0.93,0,8.26,1.64,0.17,2
649,B.Traore,MID,Wolves,WOL,2,5,0,0,0,0.0,0.0,0.0,0,0,TRUE,FALSE,0,0,476502,0,0,0,0,0,0,3,Boubacar,FALSE,Has joined FC Metz on loan for the rest of the season.,2025-07-25T14:53:52.740212Z,50,476502.jpg,0.0,FALSE,Traoré,0.0,FALSE,NA,u,20,39,0,0,162,0,0.0,0.0,,132,2023-07-01,2001-08-20,FALSE,p476502,0,0,0,0,0,0,0,0,0,0,0.0,0.0,0.0,0.0,0,0,0,0,0,0.00,0.00,0.00,0.00,NA,,NA,,NA,,,,809,357,808,357,805,356,809,357,0,0,0,0,0,0,263,159,762,325,809,357,831,370,0,0,0,0.00,0,0
650,Chirewa,MID,Wolves,WOL,2,4.3,2,0,0,0.0,0.0,0.0,0,25,TRUE,FALSE,0,0,497606,0,0,-2,2,0,0,3,Tawanda,FALSE,has joined Barnsley on loan for the rest of the season.,2026-02-02T13:41:26.666899Z,43,497606.jpg,1.0,FALSE,Chirewa,0.2,FALSE,NA,u,20,39,30885,0,49783,0,0.0,0.5,,239,2023-12-01,2003-10-12,FALSE,p497606,0,0,0,0,0,0,0,0,0,4,3.2,0.3,0.0,0.4,1,1,2,4,0,0.00,0.00,0.00,0.50,NA,,NA,,NA,,,,502,228,496,240,631,236,515,233,0,0,0,0,1.8,0,609,361,555,182,477,207,394,134,0,0,14.4,0.00,0,0
651,Edozie,MID,Wolves,WOL,2,4.3,8,1,0,0.2,0.0,0.0,0,12,TRUE,FALSE,NA,NA,596054,0,0,-2,2,0,0,3,Tom,FALSE,,NA,43,596054.jpg,2.7,FALSE,Edozie,0.4,FALSE,NA,a,20,39,69199,0,76952,0,0.0,1.9,,241,2024-11-22,2006-05-18,FALSE,p596054,0,0,0,0,0,0,0,0,0,27,34.4,0.4,23.0,5.8,0,1,0,1,0,0.23,0.00,0.23,0.20,NA,,NA,,NA,,,,444,194,495,239,393,196,459,204,1.72,0,0,1.72,1.5,0,624,371,567,191,236,92,298,103,0,0,7.5,0.23,1.72,0
652,Gonzalez,MID,Wolves,WOL,2,4.3,0,0,0,0.0,0.0,0.0,0,0,TRUE,FALSE,NA,NA,593001,0,0,-2,2,0,0,3,Enso,FALSE,,NA,43,593001.jpg,0.0,FALSE,González Medina,1.2,FALSE,NA,a,20,39,205729,0,259180,0,0.0,0.0,,168,2023-08-31,2005-01-20,FALSE,p593001,0,0,0,0,0,0,0,0,0,0,0.0,0.0,0.0,0.0,0,0,0,0,0,0.00,0.00,0.00,0.00,NA,,NA,,NA,,,,666,249,662,253,640,243,669,251,0,0,0,0,0,0,623,370,566,190,677,258,182,64,0,0,0,0.00,0,0
653,Hodge,MID,Wolves,WOL,2,4.5,0,0,0,0.0,0.0,0.0,0,0,TRUE,FALSE,0,0,240299,0,0,0,0,0,0,3,Joe,FALSE,Signed by CD Tondela,2025-07-23T18:50:21.231185Z,45,240299.jpg,0.0,FALSE,Hodge,0.0,FALSE,NA,u,20,39,0,0,5836,0,0.0,0.0,,NA,NA,NA,FALSE,p240299,0,0,0,0,0,0,0,0,0,0,0.0,0.0,0.0,0.0,0,0,0,0,0,0.00,0.00,0.00,0.00,NA,,NA,,NA,,,,707,273,702,275,684,268,709,275,0,0,0,0,0,0,428,254,620,218,713,278,673,270,0,0,0,0.00,0,0
655,Fabio Silva,FWD,Wolves,WOL,2,4.9,0,0,0,0.0,0.0,0.0,0,0,TRUE,FALSE,0,0,449988,0,0,-1,1,0,0,4,Fábio,FALSE,has joined Borussia Dortmund permanently.,2025-09-02T13:11:07.488555Z,49,449988.jpg,0.0,FALSE,Soares Silva,0.2,FALSE,NA,u,20,39,7178,0,55563,0,0.0,0.0,,173,2020-09-05,2002-07-19,FALSE,p449988,0,0,0,0,0,0,0,0,0,0,0.0,0.0,0.0,0.0,0,0,0,0,0,0.00,0.00,0.00,0.00,NA,,NA,,NA,,,,799,89,795,88,792,88,799,89,0,0,0,0,0,0,323,61,744,78,799,89,410,60,0,0,0,0.00,0,0
656,Kalajdzic,FWD,Wolves,WOL,2,4.9,1,0,0,0.0,0.0,0.0,0,14,TRUE,FALSE,0,0,429414,0,0,-1,1,0,0,4,Saša,FALSE,has joined LASK on loan for the rest of the season.,2025-09-08T09:11:55.060395Z,49,429414.jpg,1.0,FALSE,Kalajdžić,0.0,FALSE,NA,u,20,39,1691,0,10197,0,0.0,0.2,,14,2022-08-31,1997-07-07,FALSE,p429414,0,0,0,0,0,0,0,0,0,1,1.0,4.3,2.0,0.7,1,1,0,2,0,0.00,0.01,0.01,0.10,NA,,NA,,NA,,,,520,64,464,59,467,63,509,62,0,0,0.06,0.06,0.64,0,315,59,738,77,508,62,595,81,0,0,12.86,0.00,0,0
657,Chiwome,FWD,Wolves,WOL,2,4.4,0,0,0,0.0,0.0,0.0,0,0,TRUE,FALSE,100,100,589507,0,0,-1,1,0,0,4,Leon,FALSE,,2025-07-21T10:00:05.148649Z,44,589507.jpg,0.0,FALSE,Chiwome,0.0,FALSE,NA,a,20,39,6702,0,8591,0,0.0,0.0,,NA,NA,NA,FALSE,p589507,0,0,0,0,0,0,0,0,0,0,0.0,0.0,0.0,0.0,0,0,0,0,0,0.00,0.00,0.00,0.00,NA,,NA,,NA,,,,695,76,690,75,671,74,697,76,0,0,0,0,0,0,576,84,603,64,701,77,622,84,0,0,0,0.00,0,0
658,Fraser_N,FWD,Wolves,WOL,2,4.2,0,0,0,0.0,0.0,0.0,0,0,TRUE,FALSE,NA,NA,531363,0,0,-3,3,0,0,4,Nathan,FALSE,,NA,42,531363.jpg,0.0,FALSE,Fraser,1.7,FALSE,NA,a,20,39,289423,0,391342,0,0.0,0.0,,NA,NA,NA,FALSE,p531363,0,0,0,0,0,0,0,0,0,0,0.0,0.0,0.0,0.0,0,0,0,0,0,0.00,0.00,0.00,0.00,NA,,NA,,NA,,,,652,65,646,64,622,64,655,66,0,0,0,0,0,0,653,91,535,52,662,67,150,23,0,0,0,0.00,0,0
663,J.Arias,MID,Wolves,WOL,2,4.9,45,1,0,0.0,0.0,0.0,0,1117,TRUE,FALSE,0,0,230376,0,0,-6,6,0,0,3,Jhon,FALSE,has joined Palmeiras permanently.,2026-02-08T15:58:03.708628Z,49,230376.jpg,2.0,FALSE,Arias,0.1,FALSE,NA,u,20,39,20148,0,82652,0,0.0,9.2,,48,2025-07-24,1997-09-21,FALSE,p230376,2,21,0,0,0,1,0,0,2,175,171.0,204.0,148.0,52.1,24,58,43,125,14,3.38,0.62,4.00,16.00,NA,,NA,,NA,,,,329,146,202,134,236,129,296,151,0.27,0,0.05,0.32,1.29,1.69,311,193,735,306,353,152,450,155,1.13,0.16,10.07,3.38,0.27,2
682,Moller Wolfe,DEF,Wolves,WOL,2,4.2,35,0,2,1.0,1.7,1.7,2,1042,TRUE,FALSE,NA,NA,497949,0,0,-3,3,0,0,2,David,FALSE,,NA,42,497949.jpg,1.6,FALSE,Møller Wolfe,0.1,FALSE,NA,a,20,39,5336,0,9939,0,0.4,8.3,,161,2025-08-02,2002-04-23,FALSE,p497949,1,23,0,0,0,1,0,0,0,78,159.8,126.5,46.0,33.3,40,26,10,50,11,0.13,1.09,1.22,20.33,NA,,NA,,NA,,,,340,128,275,78,349,116,358,120,0.01,0,0.09,0.1,1.76,1.99,648,147,198,67,409,148,549,195,0.95,0.09,4.32,0.13,0.01,2
695,Tchatchoua,DEF,Wolves,WOL,2,4.4,52,0,1,0.2,0.0,0.0,0,1834,TRUE,FALSE,NA,NA,523705,0,0,-1,1,0,0,2,Jackson,FALSE,,NA,44,523705.jpg,1.7,FALSE,Tchatchoua,0.0,FALSE,NA,a,20,39,7363,0,7204,0,0.0,11.8,,38,2025-08-19,2001-09-14,FALSE,p523705,3,37,0,0,0,3,0,0,0,156,318.2,349.9,69.0,73.8,79,62,29,108,19,0.33,1.60,1.93,30.68,NA,,NA,,NA,,,,234,93,116,30,326,106,224,79,0.02,0,0.08,0.1,1.51,1.82,562,119,591,240,395,144,642,230,0.93,0.15,5.3,0.33,0.02,2
709,Krejci,DEF,Wolves,WOL,2,4.5,68,2,2,0.5,2.7,2.7,6,2356,TRUE,FALSE,100,100,431248,0,0,0,0,0,0,2,Ladislav,FALSE,,2026-04-18T18:00:09.351930Z,45,431248.jpg,2.4,FALSE,Krejcí,0.1,FALSE,NA,a,20,39,29151,0,24301,0,0.6,15.1,,57,2025-08-28,1999-04-20,FALSE,p431248,3,46,1,0,0,3,1,0,1,235,536.6,147.5,278.0,96.6,164,78,33,197,27,2.23,1.49,3.72,40.29,NA,,NA,,NA,,,,113,52,254,65,129,23,159,53,0.09,0,0.06,0.15,1.54,1.76,431,88,134,49,289,113,539,191,1.03,0.11,7.53,2.23,0.09,2
720,Tolu,FWD,Wolves,WOL,2,5.1,66,3,2,1.2,1.0,1.0,1,1402,TRUE,FALSE,NA,NA,488213,0,0,-4,4,0,0,4,Tolu,FALSE,,NA,51,488213.jpg,2.0,FALSE,Arokodare,0.1,FALSE,NA,a,20,39,70444,0,60714,0,0.2,12.9,,157,2025-09-01,2000-11-23,FALSE,p488213,3,28,0,0,1,1,0,0,4,221,252.4,178.4,561.0,98.2,50,26,7,83,13,5.49,0.39,5.88,22.89,NA,,NA,,5,,,,276,28,227,22,44,19,155,24,0.35,0,0.03,0.38,1.47,1.8,237,51,269,33,354,37,468,66,0.83,0.19,5.33,5.49,0.35,2
749,Mane,FWD,Wolves,WOL,2,4.2,74,3,2,4.2,5.0,5.0,2,1787,TRUE,FALSE,NA,NA,647671,0,0,-3,3,0,1,4,Mateus,FALSE,,NA,42,647671.jpg,2.7,FALSE,Mané,1.4,FALSE,NA,a,20,39,643247,0,474157,0,1.2,17.6,,173,2025-02-24,2007-09-16,FALSE,p647671,5,30,0,0,0,0,0,0,9,314,328.2,489.6,283.0,109.5,33,77,27,137,19,2.01,3.69,5.70,31.75,2,,1,,NA,,,,226,22,59,2,126,33,122,20,0.1,0,0.19,0.29,1.6,1.51,660,94,30,5,235,26,168,24,0.96,0.25,6.9,2.01,0.1,2
766,Olagunju,DEF,Wolves,WOL,2,4,0,0,0,0.0,0.0,0.0,0,0,TRUE,FALSE,NA,NA,601956,0,0,0,0,0,0,2,Saheed,FALSE,,NA,40,601956.jpg,0.0,FALSE,Olagunju,0.0,FALSE,NA,a,20,39,6185,0,3286,0,0.0,0.0,,241,2025-12-19,2007-01-07,FALSE,p601956,0,0,0,0,0,0,0,0,0,0,0.0,0.0,0.0,0.0,0,0,0,0,0,0.00,0.00,0.00,0.00,NA,,NA,,NA,,,,633,242,625,241,595,238,636,242,0,0,0,0,0,0,742,201,507,204,643,241,606,215,0,0,0,0.00,0,0
767,Rawlings,MID,Wolves,WOL,2,4.5,0,0,0,0.0,0.0,0.0,0,0,TRUE,FALSE,NA,NA,605319,0,0,0,0,0,0,3,Luke,FALSE,,NA,45,605319.jpg,0.0,FALSE,Rawlings,0.0,FALSE,NA,a,20,39,1446,0,1038,0,0.0,0.0,,241,2024-07-30,2008-04-04,FALSE,p605319,0,0,0,0,0,0,0,0,0,0,0.0,0.0,0.0,0.0,0,0,0,0,0,0.00,0.00,0.00,0.00,NA,,NA,,NA,,,,763,322,756,321,743,318,763,322,0,0,0,0,0,0,501,310,682,271,764,323,766,326,0,0,0,0.00,0,0
777,Ojinnaka,MID,Wolves,WOL,2,4.5,0,0,0,0.0,0.0,0.0,0,0,TRUE,FALSE,0,0,514362,0,0,0,0,0,0,3,Temple,FALSE,has joined Shrewsbury Town on loan for the rest of the season.,2026-02-06T22:51:28.266989Z,45,514362.jpg,0.0,FALSE,Ojinnaka,0.0,FALSE,NA,u,20,39,415,0,374,0,0.0,0.0,,106,2024-04-19,2005-03-30,FALSE,p514362,0,0,0,0,0,0,0,0,0,0,0.0,0.0,0.0,0.0,0,0,0,0,0,0.00,0.00,0.00,0.00,NA,,NA,,NA,,,,724,289,719,290,702,284,725,290,0,0,0,0,0,0,454,272,639,235,729,293,819,362,0,0,0,0.00,0,0
778,Sutherland,MID,Wolves,WOL,2,4.5,0,0,0,0.0,0.0,0.0,0,0,TRUE,FALSE,NA,NA,589121,0,0,0,0,0,0,3,Ethan,FALSE,,NA,45,589121.jpg,0.0,FALSE,Sutherland,0.0,FALSE,NA,a,20,39,1815,0,1232,0,0.0,0.0,,243,2025-12-29,2006-04-25,FALSE,p589121,0,0,0,0,0,0,0,0,0,0,0.0,0.0,0.0,0.0,0,0,0,0,0,0.00,0.00,0.00,0.00,NA,,NA,,NA,,,,754,315,747,314,734,311,754,315,0,0,0,0,0,0,491,302,672,263,756,316,755,320,0,0,0,0.00,0,0
809,Abbey,MID,Wolves,WOL,2,4.5,1,0,0,0.0,0.3,0.3,1,16,TRUE,FALSE,NA,NA,685628,0,0,0,0,0,0,3,Jerome,FALSE,,NA,45,685628.jpg,1.0,FALSE,Abbey,0.0,FALSE,NA,a,20,39,2908,0,1485,0,0.1,0.2,,241,2026-01-30,2009-09-16,FALSE,p685628,0,0,0,0,0,0,0,0,0,2,3.2,0.0,0.0,0.3,1,0,1,2,0,0.00,0.00,0.00,0.42,NA,,NA,,NA,,,,504,229,775,336,763,334,522,239,0,0,0,0,2.36,0,526,329,349,154,503,228,722,299,0,0,11.25,0.00,0,0
816,Angel,MID,Wolves,WOL,2,4.6,16,0,0,0.5,1.0,1.0,2,457,TRUE,FALSE,100,100,209041,0,0,-4,4,0,0,3,Angel,FALSE,,2026-04-18T18:00:09.391625Z,46,209041.jpg,1.3,FALSE,Gomes,0.0,FALSE,NA,a,20,39,5982,0,4320,0,0.2,3.5,,241,2026-02-02,2000-08-31,FALSE,p209041,1,8,0,0,0,1,0,0,0,78,52.8,91.5,28.0,17.1,6,17,10,33,7,0.25,0.28,0.53,12.15,NA,,NA,,NA,,,,429,184,306,173,385,193,407,186,0.05,0,0.06,0.11,2.39,1.58,399,247,261,117,445,195,710,290,1.38,0.2,6.5,0.25,0.05,2
817,Armstrong,FWD,Wolves,WOL,2,5.1,39,2,2,2.0,3.7,3.7,7,1141,TRUE,FALSE,NA,NA,155511,0,0,-4,4,0,0,4,Adam,FALSE,,NA,51,155511.jpg,2.8,FALSE,Armstrong,0.1,FALSE,NA,a,20,39,27800,0,21229,0,0.7,7.6,,241,2026-02-02,1997-02-10,FALSE,p155511,3,20,0,0,0,3,0,0,1,129,145.0,85.0,191.0,41.9,14,15,8,37,14,2.77,0.85,3.62,22.93,NA,,NA,,NA,,,,352,37,313,37,194,42,333,41,0.22,0,0.07,0.29,1.81,1.58,223,49,89,13,226,24,572,78,1.1,0.24,2.92,2.77,0.22,2
828,Brooks,GKP,Wolves,WOL,2,4,0,0,0,0.0,0.0,0.0,0,0,TRUE,FALSE,NA,NA,491460,0,0,0,0,0,0,1,Alfie,FALSE,,NA,40,491460.jpg,0.0,FALSE,Brooks,0.0,FALSE,NA,a,20,39,790,0,282,0,0.0,0.0,,241,2026-04-17,2003-10-15,FALSE,p491460,0,0,0,0,0,0,0,0,0,0,0.0,0.0,0.0,0.0,0,0,0,0,0,0.00,0.00,0.00,0.00,NA,,NA,,NA,,,,604,80,595,69,564,54,607,80,0,0,0,0,0,0,707,58,474,72,615,80,782,92,0,0,0,0.00,0,0
831,Gracey,GKP,Wolves,WOL,2,4,0,0,0,0.0,0.0,0.0,0,0,TRUE,FALSE,NA,NA,627888,0,0,0,0,0,0,1,Josh,FALSE,,NA,40,627888.jpg,0.0,FALSE,Gracey,0.0,FALSE,NA,a,20,39,827,0,129,0,0.0,0.0,,242,2026-04-01,2007-12-14,FALSE,p627888,0,0,0,0,0,0,0,0,0,0,0.0,0.0,0.0,0.0,0,0,0,0,0,0.00,0.00,0.00,0.00,NA,,NA,,NA,,,,639,89,631,79,601,64,642,89,0,0,0,0,0,0,750,68,515,82,649,89,772,91,0,0,0,0.00,0,0
